coord_key,Latitude,Longitude,Temperature,Humidity,Rainfall,Soil_pH,Nitrogen,Phosphorus_est,Potassium,Organic_C,Soil_Type
32.0000_-2.2000,32,-2.2,19.89,36.52,220.8,8.2,3.4,1.7,9.68,3.3,Sandy
32.0000_-2.1200,32,-2.12,19.89,36.52,220.8,8.2,3.2,1.6,11.04,3,Sandy
32.0000_-2.0400,32,-2.04,20.24,36.14,220.3,8.1,3.9,1.95,10.56,4.5,Loamy
32.0000_-1.9600,32,-1.96,20.26,36.1,224.6,8.2,5.5,2.75,10,3.8,Sandy
32.0000_-1.8800,32,-1.88,18.54,38.81,232.6,8.1,6.9,3.45,10.64,6.1,Sandy
32.0000_-1.8000,32,-1.8,20.29,36.34,197.1,8.2,3.6,1.8,10,4.6,Loamy
32.0000_-1.7200,32,-1.72,20.24,36.17,164,8.2,4.2,2.1,10.08,4,Loamy
32.0000_-1.6400,32,-1.64,20.2,37.72,165.4,8.2,3.4,1.7,11.68,5.2,Loamy
32.0000_-1.5600,32,-1.56,20.52,37.24,164.6,8.2,3.4,1.7,10.88,4.2,Loamy
32.0000_-1.4800,32,-1.48,20.76,35.37,126.9,8.2,3.7,1.85,11.68,3.3,Loamy
32.0000_-1.4000,32,-1.4,20.37,36.48,171.4,8.2,3.7,1.85,11.36,3.8,Loamy
32.0000_-1.3200,32,-1.32,20.8,36.44,145.7,8.2,3.9,1.95,11.36,3.4,Loamy
32.0000_-1.2400,32,-1.24,20.85,36.57,106.9,8.2,4.7,2.35,12.24,4.4,Loamy
32.0000_-1.1600,32,-1.16,20.85,36.57,106.9,8.3,5.6,2.8,10.8,4.7,Sandy
32.0000_-1.0800,32,-1.08,20.08,35.68,116.4,8.3,7,3.5,8.96,5.6,Sandy
32.0000_-1.0000,32,-1,20.56,36.71,127.8,8.2,6.7,3.35,9.68,4.6,Sandy
32.0000_-0.9200,32,-0.92,20.45,36.87,111.1,8.3,4.5,2.25,11.6,5.1,Loamy
32.0000_-0.8400,32,-0.84,20.45,36.87,111.1,8.3,4,2,9.52,4.3,Sandy
32.0000_-0.7600,32,-0.76,20.57,36.87,124.7,8.3,4.3,2.15,9.36,4.1,Sandy
32.0000_-0.6800,32,-0.68,20.87,36.67,120.5,8.3,4,2,11.84,4.8,Loamy
32.0000_-0.6000,32,-0.6,20.87,36.67,120.5,8.3,4.3,2.15,11.36,3.7,Loamy
32.0000_-0.5200,32,-0.52,20.93,36.75,125,8.3,4.4,2.2,12.24,3.9,Loamy
32.0000_-0.4400,32,-0.44,20.64,36.94,123.5,8.3,4.1,2.05,12.16,3.2,Loamy
32.0000_-0.3600,32,-0.36,20.4,37.09,133.7,8.3,4.2,2.1,12.16,3.2,Loamy
32.0000_-0.2800,32,-0.28,20.4,37.09,133.7,8.3,4.3,2.15,11.76,3.7,Loamy
32.0000_-0.2000,32,-0.2,20.41,37.21,115.2,8.3,4.5,2.25,12.08,3.7,Loamy
32.0000_-0.1200,32,-0.12,20.51,37.26,95.2,8.3,4.7,2.35,11.52,3.7,Loamy
32.0000_-0.0400,32,-0.04,20.57,37.17,87.2,8.4,4.8,2.4,12,3.6,Loamy
32.0000_0.0400,32,0.04,20.57,37.17,87.2,8.3,5.4,2.7,11.92,3.6,Loamy
32.0000_0.1200,32,0.12,20.6,37.14,96.7,8.3,4.7,2.35,11.92,2.9,Loamy
32.0000_0.2000,32,0.2,20.61,37.4,106.9,8.3,5.3,2.65,12.16,3.6,Silt
32.0000_0.2800,32,0.28,20.67,37.49,101,8.3,5,2.5,14.16,3.9,Silt
32.0000_0.3600,32,0.36,20.67,37.49,101,8.3,5.2,2.6,12.88,3.5,Silt
32.0000_0.4400,32,0.44,20.8,37.38,121.3,8.3,4.7,2.35,10.8,3.4,Sandy
32.0000_0.5200,32,0.52,20.87,37.34,115.8,8.4,4.9,2.45,12.88,3.6,Sandy
32.0000_0.6000,32,0.6,20.85,37.47,116.9,8.3,5,2.5,14,3.6,Silt
32.0000_0.6800,32,0.68,20.85,37.47,116.9,8.3,4.4,2.2,13.04,3.4,Clay
32.0000_0.7600,32,0.76,20.87,37.51,110.3,8.4,4.6,2.3,13.84,3.6,Silt
32.0000_0.8400,32,0.84,20.92,37.51,127.9,8.3,4.1,2.05,13.6,3.7,Sandy
32.0000_0.9200,32,0.92,20.92,37.51,127.9,8.5,4.3,2.15,14.88,3.5,Clay
32.0000_1.0000,32,1,20.96,37.67,155,8.5,4.8,2.4,14.32,4.2,Clay
32.0000_1.0800,32,1.08,21.06,37.64,152.9,8.4,4.5,2.25,13.84,4.3,Clay
32.0000_1.1600,32,1.16,21.19,37.51,158.3,8.3,4.7,2.35,13.52,4.6,Sandy
32.0000_1.2400,32,1.24,21.19,37.51,158.3,8.3,4.6,2.3,13.52,4.1,Sandy
32.0000_1.3200,32,1.32,21.22,37.6,161.4,8.3,4.2,2.1,12.88,3.7,Sandy
32.0000_1.4000,32,1.4,21.25,37.42,183.7,8.4,4.8,2.4,13.2,3.9,Clay
32.0000_1.4800,32,1.48,21.3,37.39,187.5,8.3,4.4,2.2,13.76,4.7,Sandy
32.0000_1.5600,32,1.56,21.3,37.39,187.5,8.3,4.9,2.45,13.52,4.4,Sandy
32.0000_1.6400,32,1.64,21.32,37.42,164.2,8.4,8.3,4.15,14.4,5.3,Clay
32.0000_1.7200,32,1.72,21.33,37.43,147.2,8.3,8.3,4.15,13.44,4,Sandy
32.0000_1.8000,32,1.8,21.32,37.37,157.6,8.4,5.5,2.75,14.8,3.7,Sandy
32.0000_1.8800,32,1.88,21.32,37.37,157.6,8.3,5,2.5,14.64,4.5,Sandy
32.0000_1.9600,32,1.96,21.29,37.52,158,8.3,7.7,3.85,13.36,3.5,Sandy
32.0000_2.0400,32,2.04,21.31,37.55,149.7,8.3,7.8,3.9,12.24,3.6,Sandy
32.0000_2.1200,32,2.12,21.3,37.62,144.9,8.3,7.6,3.8,14.24,3.5,Sandy
32.0000_2.2000,32,2.2,21.3,37.62,144.9,8.2,7.5,3.75,14.48,4.7,Sandy
32.0000_2.2800,32,2.28,21.26,37.78,110.8,8.2,7.2,3.6,12.24,3.2,Clay
32.0000_2.3600,32,2.36,21.19,37.8,133.2,8.2,7.3,3.65,13.6,3.7,Sandy
32.0000_2.4400,32,2.44,21.19,37.8,133.2,8.2,3.6,1.8,13.76,3.1,Sandy
32.0000_2.5200,32,2.52,21.24,37.77,103.7,8.1,4.4,2.2,13.44,2.9,Sandy
32.0000_2.6000,32,2.6,21.25,37.72,92.5,8.2,4.6,2.3,12.72,3.1,Sandy
32.0000_2.6800,32,2.68,21.26,37.75,76.3,8.2,4.7,2.35,13.44,5,Sandy
32.0000_2.7600,32,2.76,21.26,37.75,76.3,8.2,4.7,2.35,13.68,3.8,Sandy
32.0000_2.8400,32,2.84,21.37,37.49,68.3,8.3,3.6,1.8,14.4,3.6,Sandy
32.0000_2.9200,32,2.92,21.51,37.2,81.3,8.2,3.9,1.95,14.08,3.7,Sandy
32.0000_3.0000,32,3,21.56,36.86,69.9,8.2,4.3,2.15,12.8,3.1,Sandy
32.0000_3.0800,32,3.08,21.56,36.86,69.9,8.2,4.8,2.4,13.04,3,Sandy
32.0000_3.1600,32,3.16,21.56,36.84,66.1,8.1,5.7,2.85,12,4.2,Sandy
32.0000_3.2400,32,3.24,21.7,36.54,78.7,8.1,5.9,2.95,11.6,4.2,Sandy
32.0000_3.3200,32,3.32,21.76,36.43,58.1,8.2,5.7,2.85,11.68,4.3,Sandy
32.0000_3.4000,32,3.4,21.76,36.43,58.1,8.1,5.5,2.75,12,3.4,Sandy
32.0000_3.4800,32,3.48,21.92,35.96,61.5,8.2,5.3,2.65,11.76,3.6,Sandy
32.0000_3.5600,32,3.56,22.16,35.76,63.3,8.1,5.2,2.6,11.44,3.5,Sandy
32.0000_3.6400,32,3.64,22.45,35.66,76,8.3,5.7,2.85,11.04,4.1,Sandy
32.0000_3.7200,32,3.72,22.45,35.66,76,8.2,4.7,2.35,12.32,3.2,Sandy
32.0000_3.8000,32,3.8,22.48,35.94,83.1,8.3,4.5,2.25,12.56,3.1,Sandy
32.0000_3.8800,32,3.88,22.49,36.12,72.5,8.2,7.2,3.6,12.16,3.1,Sandy
32.0000_3.9600,32,3.96,22.49,36.12,72.5,8.2,5,2.5,11.84,3.2,Sandy
32.0000_4.0400,32,4.04,22.62,36.14,75.9,8.3,5.1,2.55,12.32,3.6,Sandy
32.0000_4.1200,32,4.12,22.8,36.09,88.2,8.3,7.2,3.6,11.84,3.4,Sandy
32.0000_4.2000,32,4.2,22.91,36.15,77.3,8.2,7.1,3.55,11.92,3.6,Sandy
32.0000_4.2800,32,4.28,22.91,36.15,77.3,8.2,7.5,3.75,12.24,3.8,Sandy
32.0000_4.3600,32,4.36,23,36.25,78.9,8.2,7.6,3.8,12.56,3.8,Sandy
32.0000_4.4400,32,4.44,23.15,36.06,101.8,8.3,7.5,3.75,12.24,3.7,Sandy
32.0000_4.5200,32,4.52,23.21,36.12,76.8,8.2,7.4,3.7,12.64,4.4,Clay
32.0000_4.6000,32,4.6,23.21,36.12,76.8,8.3,7.6,3.8,11.76,3.7,Clay
32.0000_4.6800,32,4.68,23.25,36.18,63.5,8.3,7.9,3.95,11.28,3.7,Sandy
32.0000_4.7600,32,4.76,23.3,36.03,64.7,8.3,8.8,4.4,12.16,4,Clay
32.0000_4.8400,32,4.84,23.33,36.13,81.5,8.3,8.1,4.05,11.44,3.8,Clay
32.0000_4.9200,32,4.92,23.33,36.13,81.5,8.3,8.4,4.2,12.16,3.9,Clay
32.0000_5.0000,32,5,23.38,36.16,93.3,8.3,8.3,4.15,12.24,3.9,Clay
32.0000_5.0800,32,5.08,23.42,36.26,70.3,8.3,5.3,2.65,12.88,3.1,Sandy
32.0000_5.1600,32,5.16,23.57,36.11,61.8,8.3,5.5,2.75,13.92,2.8,Sandy
32.0000_5.2400,32,5.24,23.57,36.11,61.8,8.3,11.2,5.6,13.44,3.7,Sandy
32.0000_5.3200,32,5.32,23.76,35.9,79.7,8.2,3.9,1.95,13.6,4.8,Sandy
32.0000_5.4000,32,5.4,23.81,35.93,78.4,8.3,10.5,5.25,12.48,3.1,Sandy
32.0000_5.4800,32,5.48,23.81,35.93,78.4,8.2,7.7,3.85,13.28,4.3,Sandy
32.0000_5.5600,32,5.56,23.79,36.08,97.2,8.2,7.6,3.8,12.96,3.3,Sandy
32.0000_5.6400,32,5.64,23.64,36.53,72.6,8.1,7.3,3.65,12.72,3.3,Sandy
32.0000_5.7200,32,5.72,23.54,36.81,81,8.2,7.6,3.8,12.8,3.1,Sandy
32.0000_5.8000,32,5.8,23.54,36.81,81,8.1,7.4,3.7,12.32,3.2,Sandy
32.0000_5.8800,32,5.88,23.52,36.91,81.7,8.2,8,4,11.6,3.3,Sandy
32.0000_5.9600,32,5.96,23.53,37.05,88.4,8.1,7,3.5,12.16,3.6,Sandy
32.0000_6.0400,32,6.04,23.51,37.23,83.1,8.2,7.5,3.75,11.92,3.6,Sandy
32.0000_6.1200,32,6.12,23.51,37.23,83.1,8.2,7.4,3.7,11.92,3.2,Sandy
32.0000_6.2000,32,6.2,23.47,37.46,91.6,8.2,7.5,3.75,12.88,3.3,Sandy
32.0000_6.2800,32,6.28,23.46,37.63,88.8,8.2,7.1,3.55,11.6,3.3,Sandy
32.0000_6.3600,32,6.36,23.41,37.85,96,8.2,7.4,3.7,11.92,3.5,Sandy
32.0000_6.4400,32,6.44,23.41,37.85,96,8.2,7.5,3.75,10.64,3.1,Sandy
32.0000_6.5200,32,6.52,23.36,38.07,85.3,8.2,7.2,3.6,12.8,3.3,Sandy
32.0000_6.6000,32,6.6,23.31,38.2,80.2,8.2,7.1,3.55,11.92,3.4,Sandy
32.0000_6.6800,32,6.68,23.31,38.31,74.6,8.1,7.4,3.7,11.2,3.8,Sandy
32.0000_6.7600,32,6.76,23.31,38.31,74.6,8.1,7.3,3.65,11.28,3.8,Sandy
32.0000_6.8400,32,6.84,23.28,38.49,64.9,8.1,7.3,3.65,12.16,3.3,Sandy
32.0000_6.9200,32,6.92,23.28,38.49,70.1,8.1,7,3.5,11.28,3.3,Sandy
32.0000_7.0000,32,7,23.28,38.49,70.1,8.1,7.5,3.75,12.32,3.3,Sandy
32.0000_7.0800,32,7.08,23.29,38.46,68.2,8,7.1,3.55,12.32,3.2,Sandy
32.0000_7.1600,32,7.16,23.26,38.58,66.4,8,7,3.5,11.76,3.4,Sandy
32.0000_7.2400,32,7.24,23.2,38.9,60,8,7.1,3.55,12.08,3.1,Sandy
32.0000_7.3200,32,7.32,23.2,38.9,60,8,9.7,4.85,10.72,2.9,Sandy
32.0000_7.4000,32,7.4,23.15,39.04,68.8,8,9.8,4.9,11.2,3.1,Sandy
32.0000_7.4800,32,7.48,23.06,39.14,75.2,8,7.7,3.85,11.12,2.7,Sandy
32.0000_7.5600,32,7.56,23.04,39.2,64.6,8.1,6,3,11.12,4.4,Sandy
32.0000_7.6400,32,7.64,23.04,39.2,64.6,8.1,10,5,11.44,3.4,Sandy
32.0000_7.7200,32,7.72,23,39.42,70,8.1,7.3,3.65,11.04,3,Clay
32.0000_7.8000,32,7.8,22.98,39.59,59.8,8,6.9,3.45,10.8,3,Sandy
32.0000_7.8800,32,7.88,22.97,39.71,52.3,8.2,6,3,11.44,3.7,Sandy
32.0000_7.9600,32,7.96,22.97,39.71,52.3,8,8.2,4.1,12.08,3.2,Clay
32.0000_8.0400,32,8.04,22.98,39.73,57.4,8.2,7.6,3.8,12,3.3,Sandy
32.0000_8.1200,32,8.12,22.97,39.86,78.7,8.2,9.9,4.95,12.16,3.4,Clay
32.0000_8.2000,32,8.2,22.93,40.07,72.7,8.1,7.3,3.65,12.48,3.2,Silt
32.0000_8.2800,32,8.28,22.93,40.07,72.7,8.1,7.3,3.65,12.88,3.2,Silt
32.0000_8.3600,32,8.36,22.89,40.23,59.3,8,7.6,3.8,12.96,3,Silt
32.0000_8.4400,32,8.44,22.84,40.38,68.4,8.1,10.3,5.15,13.44,3.1,Silt
32.0000_8.5200,32,8.52,22.84,40.38,68.4,8.1,7.1,3.55,13.2,2.8,Sandy
32.0000_8.6000,32,8.6,22.77,40.7,59.2,8.1,10.5,5.25,12.8,3.3,Silt
32.0000_8.6800,32,8.68,22.71,41,63.4,8.1,4.6,2.3,12.64,3,Silt
32.0800_-2.2000,32.08,-2.2,20.35,36.83,178.7,8.2,3.9,1.95,10.24,3.4,Sandy
32.0800_-2.1200,32.08,-2.12,19.6,36.64,178.7,8.1,6.5,3.25,10.08,6,Sandy
32.0800_-2.0400,32.08,-2.04,18.52,38.27,204.4,8.1,4.9,2.45,9.36,4.3,Sandy
32.0800_-1.9600,32.08,-1.96,17.31,40.05,251.7,8.2,4.5,2.25,10.32,4.8,Sandy
32.0800_-1.8800,32.08,-1.88,16.9,40.94,237.1,8.2,9.8,4.9,11.44,8.5,Sandy
32.0800_-1.8000,32.08,-1.8,15.24,40.55,237.1,8.1,10.4,5.2,9.92,8.9,Sandy
32.0800_-1.7200,32.08,-1.72,16.57,40.62,194.5,8.1,8,4,10.64,9.3,Sandy
32.0800_-1.6400,32.08,-1.64,16.75,39.11,206.1,8.2,7.9,3.95,11.12,7.2,Sandy
32.0800_-1.5600,32.08,-1.56,18.65,38.54,166.7,8.1,15.3,7.65,9.44,15.4,Sandy
32.0800_-1.4800,32.08,-1.48,16.86,38.14,166.7,8.1,11.6,5.8,10.96,14,Sandy
32.0800_-1.4000,32.08,-1.4,17.99,37.1,206,8.1,9,4.5,9.04,9.2,Sandy
32.0800_-1.3200,32.08,-1.32,20.57,36.84,145.3,8.3,8.3,4.15,11.36,4,Sandy
32.0800_-1.2400,32.08,-1.24,20.89,35.74,125.8,8.2,7.2,3.6,8.56,4.6,Sandy
32.0800_-1.1600,32.08,-1.16,20.89,35.74,125.8,8.2,4.5,2.25,11.2,4.1,Sandy
32.0800_-1.0800,32.08,-1.08,20.74,36.15,120.9,8.2,4,2,9.44,3.6,Sandy
32.0800_-1.0000,32.08,-1,20.57,36.69,116.7,8.3,4.8,2.4,10.96,4.7,Sandy
32.0800_-0.9200,32.08,-0.92,20.46,37,116,8.4,5.2,2.6,11.36,3.9,Sandy
32.0800_-0.8400,32.08,-0.84,20.46,37,116,8.3,4.1,2.05,9.92,4.4,Clay
32.0800_-0.7600,32.08,-0.76,20.55,36.88,145,8.3,4,2,10.08,4,Clay
32.0800_-0.6800,32.08,-0.68,20.85,36.71,132.7,8.3,5.1,2.55,9.28,4.3,Sandy
32.0800_-0.6000,32.08,-0.6,20.85,36.71,132.7,8.3,4.1,2.05,10.32,4.6,Clay
32.0800_-0.5200,32.08,-0.52,20.94,36.75,130.3,8.3,4.3,2.15,10.56,5.3,Sandy
32.0800_-0.4400,32.08,-0.44,20.59,37.22,134.4,8.3,4.4,2.2,11.12,3.9,Sandy
32.0800_-0.3600,32.08,-0.36,20.27,37.6,138,8.3,3.8,1.9,11.84,4.1,Sandy
32.0800_-0.2800,32.08,-0.28,20.27,37.6,138,8.4,4.9,2.45,12.32,4,Sandy
32.0800_-0.2000,32.08,-0.2,20.21,37.75,125.8,8.3,4.8,2.4,12.4,3.9,Sandy
32.0800_-0.1200,32.08,-0.12,20.24,37.85,115.4,8.3,5.1,2.55,11.6,3.8,Sandy
32.0800_-0.0400,32.08,-0.04,20.32,37.63,100.9,8.2,5.2,2.6,11.28,4.1,Sandy
32.0800_0.0400,32.08,0.04,20.32,37.63,100.9,8.3,4.7,2.35,11.28,3.6,Sandy
32.0800_0.1200,32.08,0.12,20.46,37.39,99.1,8.3,4.9,2.45,12,3.3,Sandy
32.0800_0.2000,32.08,0.2,20.56,37.67,115.5,8.3,4.8,2.4,12.88,3.8,Silt
32.0800_0.2800,32.08,0.28,20.67,37.68,117,8.4,4,2,13.04,3.7,Silt
32.0800_0.3600,32.08,0.36,20.67,37.68,117,8.3,4,2,10.88,3.2,Sandy
32.0800_0.4400,32.08,0.44,20.79,37.43,120.3,8.4,5.8,2.9,12.48,3.4,Sandy
32.0800_0.5200,32.08,0.52,20.8,37.46,116.1,8.3,4.4,2.2,10.56,3.1,Clay
32.0800_0.6000,32.08,0.6,20.74,37.66,117.6,8.3,4.2,2.1,12.32,3.8,Silt
32.0800_0.6800,32.08,0.68,20.74,37.66,117.6,8.3,4.3,2.15,10.88,3.3,Clay
32.0800_0.7600,32.08,0.76,20.71,37.79,106.1,8.3,4.7,2.35,10.72,3.6,Sandy
32.0800_0.8400,32.08,0.84,20.75,37.9,138.6,8.3,4.2,2.1,12.88,4.1,Sandy
32.0800_0.9200,32.08,0.92,20.75,37.9,138.6,8.3,4.1,2.05,12.8,3.6,Clay
32.0800_1.0000,32.08,1,20.81,37.92,164.5,8.3,4.2,2.1,13.36,3.6,Clay
32.0800_1.0800,32.08,1.08,20.93,37.83,156.9,8.3,4.6,2.3,13.44,4.4,Clay
32.0800_1.1600,32.08,1.16,21.06,37.7,167.6,8.3,4,2,11.92,4.3,Clay
32.0800_1.2400,32.08,1.24,21.06,37.7,167.6,8.4,4.7,2.35,13.6,4,Clay
32.0800_1.3200,32.08,1.32,21.07,37.73,171.3,8.3,4.7,2.35,13.68,4.2,Sandy
32.0800_1.4000,32.08,1.4,21.09,37.6,182.5,8.4,5,2.5,14.64,4.2,Clay
32.0800_1.4800,32.08,1.48,21.15,37.64,183.3,8.3,4.5,2.25,13.84,4.7,Clay
32.0800_1.5600,32.08,1.56,21.15,37.64,183.3,8.3,4.5,2.25,13.92,3.7,Clay
32.0800_1.6400,32.08,1.64,21.18,37.7,156.2,8.4,4.7,2.35,14.08,3.8,Clay
32.0800_1.7200,32.08,1.72,21.2,37.66,152.5,8.3,4.4,2.2,13.44,4.2,Clay
32.0800_1.8000,32.08,1.8,21.18,37.68,144.7,8.4,5.6,2.8,13.04,4.1,Sandy
32.0800_1.8800,32.08,1.88,21.18,37.68,144.7,8.3,5.3,2.65,13.36,4.2,Sandy
32.0800_1.9600,32.08,1.96,21.17,37.81,148.7,8.3,7.7,3.85,11.92,3.7,Clay
32.0800_2.0400,32.08,2.04,21.22,37.82,135.3,8.3,7.4,3.7,13.76,3.8,Sandy
32.0800_2.1200,32.08,2.12,21.23,37.81,150.8,8.3,7.1,3.55,13.44,3.3,Clay
32.0800_2.2000,32.08,2.2,21.23,37.81,150.8,8.3,7,3.5,13.92,3.1,Sandy
32.0800_2.2800,32.08,2.28,21.12,37.92,127,8.3,7,3.5,14.16,3.2,Sandy
32.0800_2.3600,32.08,2.36,21.14,37.96,136.2,8.2,7.8,3.9,14,3.2,Clay
32.0800_2.4400,32.08,2.44,21.14,37.96,136.2,8.2,7.3,3.65,14.08,3.2,Clay
32.0800_2.5200,32.08,2.52,21.22,37.89,131.9,8.2,7.3,3.65,14.56,3.7,Sandy
32.0800_2.6000,32.08,2.6,21.24,37.96,104.8,8.2,7.3,3.65,12.4,3.6,Sandy
32.0800_2.6800,32.08,2.68,21.28,38.02,91.9,8.3,7.3,3.65,12.96,3.2,Sandy
32.0800_2.7600,32.08,2.76,21.28,38.02,91.9,8.3,6.8,3.4,13.52,3,Sandy
32.0800_2.8400,32.08,2.84,21.42,37.57,75.3,8.2,3.9,1.95,14.08,3,Sandy
32.0800_2.9200,32.08,2.92,21.63,36.85,73.4,8.2,3.9,1.95,13.52,3.6,Sandy
32.0800_3.0000,32.08,3,21.5,36.73,64.9,8.3,4.8,2.4,12.8,3.5,Sandy
32.0800_3.0800,32.08,3.08,21.5,36.73,64.9,8.3,5,2.5,12.24,3.4,Sandy
32.0800_3.1600,32.08,3.16,21.34,37.01,72,8.3,4.6,2.3,12.48,3.4,Sandy
32.0800_3.2400,32.08,3.24,21.53,36.63,79.8,8.2,5.2,2.6,11.68,3.7,Sandy
32.0800_3.3200,32.08,3.32,21.72,36.43,61.4,8.2,4.7,2.35,12.88,3.8,Sandy
32.0800_3.4000,32.08,3.4,21.72,36.43,61.4,8.2,5.1,2.55,12.16,3.7,Sandy
32.0800_3.4800,32.08,3.48,21.83,36.2,60.9,8.1,10.7,5.35,11.84,5.2,Sandy
32.0800_3.5600,32.08,3.56,22.05,35.93,68.9,8.2,5.5,2.75,11.76,3.5,Sandy
32.0800_3.6400,32.08,3.64,22.05,35.93,68.9,8.3,5.8,2.9,12.64,3.6,Sandy
32.0800_3.7200,32.08,3.72,22.36,35.78,66.6,8.3,6,3,12.08,3.5,Sandy
32.0800_3.8000,32.08,3.8,22.46,36.08,62,8.3,4.6,2.3,12.48,3.2,Sandy
32.0800_3.8800,32.08,3.88,22.45,36.31,74.8,8.2,7.7,3.85,11.6,3.2,Sandy
32.0800_3.9600,32.08,3.96,22.45,36.31,74.8,8.2,4.6,2.3,11.84,3.6,Sandy
32.0800_4.0400,32.08,4.04,22.58,36.17,72,8.1,4.4,2.2,11.6,3.4,Sandy
32.0800_4.1200,32.08,4.12,22.82,36.04,73.5,8.2,7,3.5,11.04,3.4,Sandy
32.0800_4.2000,32.08,4.2,22.9,36.32,90.9,8.2,7.5,3.75,12.56,3.7,Sandy
32.0800_4.2800,32.08,4.28,22.9,36.32,90.9,8.2,7.1,3.55,11.36,3.6,Sandy
32.0800_4.3600,32.08,4.36,22.97,36.43,80.5,8.2,7,3.5,11.6,3.5,Sandy
32.0800_4.4400,32.08,4.44,23.09,36.25,97.6,8.3,7.1,3.55,11.76,3.6,Clay
32.0800_4.5200,32.08,4.52,23.15,36.29,86,8.2,7.7,3.85,11.76,3.8,Clay
32.0800_4.6000,32.08,4.6,23.15,36.29,86,8.2,7.9,3.95,12.16,3.8,Sandy
32.0800_4.6800,32.08,4.68,23.21,36.25,91.9,8.2,8.5,4.25,12.4,3.9,Sandy
32.0800_4.7600,32.08,4.76,23.28,36.13,67.9,8.3,8.2,4.1,12.16,3.9,Sandy
32.0800_4.8400,32.08,4.84,23.31,36.26,83.7,8.3,7.9,3.95,12.4,3.6,Clay
32.0800_4.9200,32.08,4.92,23.31,36.26,83.7,8.3,7.8,3.9,12.32,3.5,Sandy
32.0800_5.0000,32.08,5,23.36,36.31,75.6,8.3,7.6,3.8,11.76,3.5,Sandy
32.0800_5.0800,32.08,5.08,23.42,36.28,54.5,8.3,7.4,3.7,12.4,3,Sandy
32.0800_5.1600,32.08,5.16,23.42,36.28,54.5,8.3,4.9,2.45,12.48,3,Sandy
32.0800_5.2400,32.08,5.24,23.57,36.23,64.5,8.3,5.1,2.55,13.04,3.1,Sandy
32.0800_5.3200,32.08,5.32,23.66,36.21,71.3,8.3,7.8,3.9,12.88,3.3,Sandy
32.0800_5.4000,32.08,5.4,23.73,36.33,85.8,8.3,7.7,3.85,12.8,3,Sandy
32.0800_5.4800,32.08,5.48,23.73,36.33,85.8,8.3,7.6,3.8,13.28,3.4,Sandy
32.0800_5.5600,32.08,5.56,23.7,36.36,89.4,8.2,7.4,3.7,12.72,3.1,Sandy
32.0800_5.6400,32.08,5.64,23.59,36.71,76.6,8.2,7.5,3.75,12.72,3.3,Clay
32.0800_5.7200,32.08,5.72,23.5,37.09,74.2,8.2,7.6,3.8,12.4,3.1,Sandy
32.0800_5.8000,32.08,5.8,23.5,37.09,74.2,8.2,7.2,3.6,13.12,3.4,Sandy
32.0800_5.8800,32.08,5.88,23.48,37.24,90.8,8.3,7.3,3.65,12,2.6,Clay
32.0800_5.9600,32.08,5.96,23.49,37.28,80.5,8.2,7.3,3.65,12.48,3.3,Sandy
32.0800_6.0400,32.08,6.04,23.46,37.42,73.5,8.2,8.1,4.05,13.36,3.2,Clay
32.0800_6.1200,32.08,6.12,23.46,37.42,73.5,8.2,7.6,3.8,12.4,3.2,Sandy
32.0800_6.2000,32.08,6.2,23.41,37.7,81.5,8.2,7.5,3.75,12.48,3.1,Sandy
32.0800_6.2800,32.08,6.28,23.38,37.9,87.2,8.2,7,3.5,10,3.4,Sandy
32.0800_6.3600,32.08,6.36,23.34,38.15,90.4,8.1,6.8,3.4,10.32,3.1,Sandy
32.0800_6.4400,32.08,6.44,23.34,38.15,90.4,8.1,7.1,3.55,12.16,4.3,Sandy
32.0800_6.5200,32.08,6.52,23.28,38.42,89.6,8.1,6.9,3.45,11.6,3,Sandy
32.0800_6.6000,32.08,6.6,23.25,38.52,85.9,8.2,6.9,3.45,11.6,3.5,Sandy
32.0800_6.6800,32.08,6.68,23.25,38.52,85.9,8.1,6.8,3.4,11.36,3.4,Sandy
32.0800_6.7600,32.08,6.76,23.23,38.68,70,8.1,7,3.5,10.48,3.5,Sandy
32.0800_6.8400,32.08,6.84,23.2,38.83,64,8.1,6.9,3.45,11.36,3.2,Sandy
32.0800_6.9200,32.08,6.92,23.2,38.81,71,8.1,6.8,3.4,12.56,3.2,Sandy
32.0800_7.0000,32.08,7,23.2,38.81,71,8.1,7.1,3.55,11.76,3.4,Sandy
32.0800_7.0800,32.08,7.08,23.22,38.79,67.5,8,7.1,3.55,12.16,3.4,Sandy
32.0800_7.1600,32.08,7.16,23.22,38.95,78.8,8,7.2,3.6,12.96,3.1,Sandy
32.0800_7.2400,32.08,7.24,23.18,39.11,87.6,8,9.8,4.9,11.6,3.1,Clay
32.0800_7.3200,32.08,7.32,23.18,39.11,87.6,8,9.9,4.95,12.56,2.9,Sandy
32.0800_7.4000,32.08,7.4,23.11,39.34,76.2,8,10.3,5.15,11.52,2.8,Clay
32.0800_7.4800,32.08,7.48,22.98,39.52,69.9,8,10,5,11.84,2.9,Sandy
32.0800_7.5600,32.08,7.56,22.96,39.55,55.9,8.1,10.1,5.05,10.96,3.1,Sandy
32.0800_7.6400,32.08,7.64,22.96,39.55,55.9,8.1,9.9,4.95,11.2,2.9,Clay
32.0800_7.7200,32.08,7.72,22.97,39.67,61.9,8.1,6.5,3.25,12.4,3.5,Sandy
32.0800_7.8000,32.08,7.8,22.94,39.92,64,8,10,5,11.84,3.3,Silt
32.0800_7.8800,32.08,7.88,22.94,39.92,64,8,13.4,6.7,12.4,3.5,Silt
32.0800_7.9600,32.08,7.96,22.92,39.97,67.1,8,10,5,10.72,2.8,Silt
32.0800_8.0400,32.08,8.04,22.92,40.1,64.6,8.1,11.1,5.55,11.84,3.4,Silt
32.0800_8.1200,32.08,8.12,22.92,40.18,73,8.1,9.4,4.7,12.08,4.3,Sandy
32.0800_8.2000,32.08,8.2,22.92,40.18,73,8.1,13.2,6.6,13.12,6.2,Clay
32.0800_8.2800,32.08,8.28,22.9,40.28,59.8,8.1,10.6,5.3,12.96,2.9,Clay
32.0800_8.3600,32.08,8.36,22.85,40.5,64.8,8.1,7.4,3.7,13.12,3.2,Silt
32.0800_8.4400,32.08,8.44,22.78,40.8,62.7,8,7.7,3.85,12.96,3,Silt
32.0800_8.5200,32.08,8.52,22.78,40.8,62.7,8.1,4.7,2.35,12.16,2.7,Silt
32.0800_8.6000,32.08,8.6,22.72,40.98,63,8.1,4.2,2.1,11.76,3,Silt
32.0800_8.6800,32.08,8.68,22.66,41.32,57.5,8,7.3,3.65,12.56,3.3,Silt
32.1600_-2.2000,32.16,-2.2,19.47,36.87,186.6,8.2,4.5,2.25,9.68,4.5,Sandy
32.1600_-2.1200,32.16,-2.12,18.27,38.31,191.2,8.1,6,3,9.76,5,Sandy
32.1600_-2.0400,32.16,-2.04,17.28,38.07,191.2,8.1,7.3,3.65,10.48,7.9,Sandy
32.1600_-1.9600,32.16,-1.96,14.78,40.75,227.3,8,12.9,6.45,11.04,15.3,Sandy
32.1600_-1.8800,32.16,-1.88,16.03,42.86,267.9,8,11.5,5.75,10.88,14.3,Sandy
32.1600_-1.8000,32.16,-1.8,16.03,42.86,267.9,8.1,8.8,4.4,11.04,10.2,Sandy
32.1600_-1.7200,32.16,-1.72,15.99,41.96,225.7,8.2,6,3,11.6,10.7,Sandy
32.1600_-1.6400,32.16,-1.64,17.37,41.9,220.4,8.2,4.7,2.35,11.52,5.4,Sandy
32.1600_-1.5600,32.16,-1.56,19.02,41,219.1,8.3,4.1,2.05,11.04,4.5,Sandy
32.1600_-1.4800,32.16,-1.48,19.67,39.42,206.1,8.3,4.5,2.25,9.92,5.1,Sandy
32.1600_-1.4000,32.16,-1.4,20.02,39.49,206.1,8.2,4.2,2.1,8.88,4.2,Sandy
32.1600_-1.3200,32.16,-1.32,20.18,37.69,154,8.2,4.4,2.2,10.8,4,Sandy
32.1600_-1.2400,32.16,-1.24,20.5,36.32,132.9,8.2,4.3,2.15,9.12,4.6,Sandy
32.1600_-1.1600,32.16,-1.16,20.5,36.32,132.9,8.3,4.9,2.45,11.28,3.2,Sandy
32.1600_-1.0800,32.16,-1.08,20.51,36.26,130.7,8.2,4.3,2.15,11.52,3.3,Sandy
32.1600_-1.0000,32.16,-1,20.51,36.72,120.5,8.3,4.8,2.4,11.84,4.6,Silt
32.1600_-0.9200,32.16,-0.92,20.48,37.11,126,8.2,5.1,2.55,9.12,5.5,Sandy
32.1600_-0.8400,32.16,-0.84,20.48,37.11,126,8.3,4.6,2.3,11.44,5,Sandy
32.1600_-0.7600,32.16,-0.76,20.42,36.61,151.5,8.3,3.5,1.75,9.2,4.3,Sandy
32.1600_-0.6800,32.16,-0.68,20.68,36.34,170.2,8.2,4.5,2.25,9.52,4.6,Sandy
32.1600_-0.6000,32.16,-0.6,20.68,36.34,170.2,8.3,4.6,2.3,9.36,3.6,Sandy
32.1600_-0.5200,32.16,-0.52,20.78,36.93,126.7,8.4,4.4,2.2,9.92,4.6,Sandy
32.1600_-0.4400,32.16,-0.44,20.5,37.48,120.3,8.3,3.3,1.65,10,3.7,Sandy
32.1600_-0.3600,32.16,-0.36,20.17,37.76,135.7,8.3,4.1,2.05,9.84,4.5,Sandy
32.1600_-0.2800,32.16,-0.28,20.17,37.76,135.7,8.3,4.4,2.2,11.2,3.8,Sandy
32.1600_-0.2000,32.16,-0.2,20.07,38.03,144.9,8.3,5.3,2.65,12.16,3.8,Silt
32.1600_-0.1200,32.16,-0.12,20.06,38.19,144.8,8.3,4.8,2.4,12.32,4,Sandy
32.1600_-0.0400,32.16,-0.04,20.13,38.1,112.6,8.3,6.2,3.1,12.48,3.4,Sandy
32.1600_0.0400,32.16,0.04,20.13,38.1,112.6,8.3,4.5,2.25,12.48,3.8,Sandy
32.1600_0.1200,32.16,0.12,20.39,37.83,153.8,8.3,4.8,2.4,11.92,4,Sandy
32.1600_0.2000,32.16,0.2,20.6,37.81,158.1,8.3,5.1,2.55,12.32,3.3,Sandy
32.1600_0.2800,32.16,0.28,20.66,37.87,151.2,8.3,4.8,2.4,11.2,3.9,Sandy
32.1600_0.3600,32.16,0.36,20.66,37.87,151.2,8.3,4.6,2.3,12.32,3.3,Clay
32.1600_0.4400,32.16,0.44,20.69,37.6,126.6,8.3,4.1,2.05,11.92,4,Sandy
32.1600_0.5200,32.16,0.52,20.67,37.77,129.9,8.3,3.9,1.95,12.48,3.9,Silt
32.1600_0.6000,32.16,0.6,20.59,38.11,135.4,8.3,3.9,1.95,12.56,3.9,Silt
32.1600_0.6800,32.16,0.68,20.59,38.11,135.4,8.3,3.6,1.8,10.88,3.6,Sandy
32.1600_0.7600,32.16,0.76,20.57,38.15,148.9,8.3,4.2,2.1,11.92,4.1,Sandy
32.1600_0.8400,32.16,0.84,20.61,38.22,158.2,8.3,4.2,2.1,12.16,3.5,Clay
32.1600_0.9200,32.16,0.92,20.61,38.22,158.2,8.3,4,2,12.16,3.7,Clay
32.1600_1.0000,32.16,1,20.7,38.17,171.4,8.3,4.3,2.15,13.04,3.9,Clay
32.1600_1.0800,32.16,1.08,20.8,38.1,161.9,8.3,4.2,2.1,12.64,4.5,Clay
32.1600_1.1600,32.16,1.16,20.9,38.01,176.3,8.3,4.2,2.1,13.36,3.8,Sandy
32.1600_1.2400,32.16,1.24,20.9,38.01,176.3,8.4,4.5,2.25,13.44,5.8,Sandy
32.1600_1.3200,32.16,1.32,20.94,37.89,163,8.3,3.7,1.85,12.24,3.9,Sandy
32.1600_1.4000,32.16,1.4,20.97,37.83,181.8,8.4,4,2,11.36,3.8,Sandy
32.1600_1.4800,32.16,1.48,21.05,37.81,193.1,8.3,4,2,12,4,Clay
32.1600_1.5600,32.16,1.56,21.05,37.81,193.1,8.3,4.6,2.3,13.6,3.7,Clay
32.1600_1.6400,32.16,1.64,21.07,37.86,179,8.3,4.4,2.2,13.92,4,Sandy
32.1600_1.7200,32.16,1.72,21.07,37.85,158.9,8.3,3.7,1.85,13.6,4.2,Sandy
32.1600_1.8000,32.16,1.8,21.06,37.83,135.1,8.3,4.3,2.15,13.04,4.2,Sandy
32.1600_1.8800,32.16,1.88,21.06,37.83,135.1,8.3,4.4,2.2,13.92,4.5,Clay
32.1600_1.9600,32.16,1.96,21.1,37.92,146.3,8.3,10,5,13.44,4,Sandy
32.1600_2.0400,32.16,2.04,21.13,38.11,126.4,8.3,8.3,4.15,13.44,4.1,Clay
32.1600_2.1200,32.16,2.12,21.13,38.11,126.4,8.3,7.5,3.75,10.8,3.9,Clay
32.1600_2.2000,32.16,2.2,21.15,38.07,120.5,8.3,7.9,3.95,12.16,4.7,Sandy
32.1600_2.2800,32.16,2.28,21.07,38.05,115.2,8.3,6.8,3.4,13.04,3.8,Sandy
32.1600_2.3600,32.16,2.36,21.13,38.13,128,8.4,7.7,3.85,13.04,3.5,Sandy
32.1600_2.4400,32.16,2.44,21.13,38.13,128,8.4,6.9,3.45,13.2,3.5,Sandy
32.1600_2.5200,32.16,2.52,21.21,38.21,140.3,8.4,5.7,2.85,12.64,5.3,Sandy
32.1600_2.6000,32.16,2.6,21.25,38.19,120.6,8.4,7.7,3.85,12.88,3.3,Sandy
32.1600_2.6800,32.16,2.68,21.32,38.07,100.3,8.4,7.2,3.6,12.96,3.7,Sandy
32.1600_2.7600,32.16,2.76,21.32,38.07,100.3,8.3,6.7,3.35,12.4,3.1,Sandy
32.1600_2.8400,32.16,2.84,21.49,37.62,92.4,8.3,6.8,3.4,13.28,3.2,Clay
32.1600_2.9200,32.16,2.92,21.68,36.92,80.4,8.3,4,2,14.16,4.3,Sandy
32.1600_3.0000,32.16,3,21.39,36.94,84.7,8.3,4.2,2.1,15.44,3.3,Sandy
32.1600_3.0800,32.16,3.08,21.39,36.94,84.7,8.3,4.8,2.4,12.88,3.6,Sandy
32.1600_3.1600,32.16,3.16,21.16,37.17,79.8,8.4,4.8,2.4,13.04,3.5,Sandy
32.1600_3.2400,32.16,3.24,21.45,36.61,87.7,8.3,5,2.5,13.76,3.6,Sandy
32.1600_3.3200,32.16,3.32,21.75,36.34,60.2,8.2,6.7,3.35,12.72,4.1,Sandy
32.1600_3.4000,32.16,3.4,21.75,36.34,60.2,8.2,5.5,2.75,13.2,4.8,Sandy
32.1600_3.4800,32.16,3.48,21.82,36.2,68,8.2,5.7,2.85,12.96,4.3,Sandy
32.1600_3.5600,32.16,3.56,21.96,36.14,63.4,8.1,4.9,2.45,12.24,3.8,Sandy
32.1600_3.6400,32.16,3.64,21.96,36.14,63.4,8.1,5,2.5,12.16,3.8,Sandy
32.1600_3.7200,32.16,3.72,22.26,35.94,63.6,8.1,5.1,2.55,11.12,3.5,Sandy
32.1600_3.8000,32.16,3.8,22.39,36.17,59.8,8.2,4.7,2.35,10.96,3.1,Sandy
32.1600_3.8800,32.16,3.88,22.39,36.45,66.3,8.2,4.6,2.3,11.92,3.6,Sandy
32.1600_3.9600,32.16,3.96,22.39,36.45,66.3,8.2,4.7,2.35,10.24,3.1,Sandy
32.1600_4.0400,32.16,4.04,22.54,36.33,76.3,8.1,4.3,2.15,10.56,3.4,Sandy
32.1600_4.1200,32.16,4.12,22.78,36.22,76.3,8.2,7.4,3.7,11.6,3.3,Sandy
32.1600_4.2000,32.16,4.2,22.85,36.47,84.5,8.2,6.9,3.45,11.76,3.2,Sandy
32.1600_4.2800,32.16,4.28,22.85,36.47,84.5,8.1,7.4,3.7,11.52,4.2,Clay
32.1600_4.3600,32.16,4.36,22.9,36.63,82.6,8.3,7.7,3.85,12,4.4,Sandy
32.1600_4.4400,32.16,4.44,23.02,36.42,109.6,8.2,7.8,3.9,12.32,4.7,Clay
32.1600_4.5200,32.16,4.52,23.09,36.43,109.4,8.3,8.1,4.05,12,5,Clay
32.1600_4.6000,32.16,4.6,23.09,36.43,109.4,8.2,9.2,4.6,11.92,3.6,Sandy
32.1600_4.6800,32.16,4.68,23.17,36.46,93.5,8.3,8.2,4.1,12.4,4,Sandy
32.1600_4.7600,32.16,4.76,23.24,36.4,79.3,8.3,8.1,4.05,11.92,4.4,Sandy
32.1600_4.8400,32.16,4.84,23.24,36.4,79.3,8.3,8.4,4.2,12.56,4,Sandy
32.1600_4.9200,32.16,4.92,23.27,36.38,84.8,8.3,8.2,4.1,11.6,3.7,Sandy
32.1600_5.0000,32.16,5,23.3,36.57,70.7,8.3,8.2,4.1,11.6,3.6,Sandy
32.1600_5.0800,32.16,5.08,23.41,36.4,59,8.3,5.7,2.85,11.04,3.5,Sandy
32.1600_5.1600,32.16,5.16,23.41,36.4,59,8.3,5.5,2.75,12.4,3.9,Sandy
32.1600_5.2400,32.16,5.24,23.57,36.33,57.2,8.3,5.3,2.65,12,3.2,Sandy
32.1600_5.3200,32.16,5.32,23.68,36.31,67.1,8.3,7.5,3.75,12,3.2,Sandy
32.1600_5.4000,32.16,5.4,23.71,36.6,85.8,8.3,7.9,3.95,12,2.9,Sandy
32.1600_5.4800,32.16,5.48,23.71,36.6,85.8,8.3,7.6,3.8,13.12,3.3,Clay
32.1600_5.5600,32.16,5.56,23.66,36.63,96.8,8.2,7.8,3.9,12.88,3.6,Clay
32.1600_5.6400,32.16,5.64,23.58,36.85,85.7,8.2,7.4,3.7,10.72,3.7,Clay
32.1600_5.7200,32.16,5.72,23.5,37.22,73,8.2,7.2,3.6,12.64,3.2,Clay
32.1600_5.8000,32.16,5.8,23.5,37.22,73,8.2,7.4,3.7,13.28,3.2,Sandy
32.1600_5.8800,32.16,5.88,23.46,37.44,87.5,8.1,7.4,3.7,11.28,3,Sandy
32.1600_5.9600,32.16,5.96,23.44,37.59,79.2,8.2,7.2,3.6,11.76,3.2,Sandy
32.1600_6.0400,32.16,6.04,23.43,37.68,76.9,8.2,7.7,3.85,11.84,3.6,Sandy
32.1600_6.1200,32.16,6.12,23.43,37.68,76.9,8.2,7,3.5,11.2,3.2,Sandy
32.1600_6.2000,32.16,6.2,23.37,37.9,92.3,8.2,7,3.5,12.64,3.2,Sandy
32.1600_6.2800,32.16,6.28,23.33,38.13,87.4,8.1,7.1,3.55,12.56,3.8,Sandy
32.1600_6.3600,32.16,6.36,23.33,38.13,87.4,8.1,7.1,3.55,10.88,3.3,Sandy
32.1600_6.4400,32.16,6.44,23.3,38.36,88.3,8.2,7,3.5,11.04,3.5,Sandy
32.1600_6.5200,32.16,6.52,23.24,38.67,95.1,8.1,7.3,3.65,12.32,3.5,Sandy
32.1600_6.6000,32.16,6.6,23.2,38.83,84.1,8.1,6.9,3.45,11.76,3.3,Sandy
32.1600_6.6800,32.16,6.68,23.2,38.83,84.1,8.1,7,3.5,11.28,3.3,Sandy
32.1600_6.7600,32.16,6.76,23.17,39,85.8,8.1,6.8,3.4,12.4,3.5,Sandy
32.1600_6.8400,32.16,6.84,23.13,39.16,73.8,8.1,6.8,3.4,11.28,3.2,Clay
32.1600_6.9200,32.16,6.92,23.13,39.19,80.6,8.1,7,3.5,11.2,3.4,Sandy
32.1600_7.0000,32.16,7,23.13,39.19,80.6,8.1,6.5,3.25,11.52,3.6,Sandy
32.1600_7.0800,32.16,7.08,23.12,39.32,68.5,8,6.9,3.45,11.52,4.2,Sandy
32.1600_7.1600,32.16,7.16,23.14,39.28,70.3,8,7,3.5,11.52,3.1,Sandy
32.1600_7.2400,32.16,7.24,23.13,39.34,87.5,8,9.9,4.95,11.2,2.8,Sandy
32.1600_7.3200,32.16,7.32,23.13,39.34,87.5,8,10.3,5.15,11.12,3.2,Sandy
32.1600_7.4000,32.16,7.4,23.06,39.6,66.3,8,10.2,5.1,11.2,2.8,Clay
32.1600_7.4800,32.16,7.48,22.95,39.77,62.7,8.1,10,5,11.6,2.9,Clay
32.1600_7.5600,32.16,7.56,22.95,39.77,62.7,8,10,5,11.52,3.5,Sandy
32.1600_7.6400,32.16,7.64,22.93,39.86,61.8,8,7.2,3.6,11.6,3.2,Clay
32.1600_7.7200,32.16,7.72,22.95,39.92,63.8,8,7.4,3.7,11.68,3.2,Silt
32.1600_7.8000,32.16,7.8,22.92,40.09,62.5,8.2,7.6,3.8,12.4,2.9,Clay
32.1600_7.8800,32.16,7.88,22.92,40.09,62.5,8,7.4,3.7,12.32,2.8,Silt
32.1600_7.9600,32.16,7.96,22.88,40.29,60.5,8.1,10,5,11.92,3.2,Clay
32.1600_8.0400,32.16,8.04,22.85,40.46,59.4,8.2,10.1,5.05,13.36,2.8,Sandy
32.1600_8.1200,32.16,8.12,22.84,40.55,62.8,8.1,10,5,13.28,3,Clay
32.1600_8.2000,32.16,8.2,22.84,40.55,62.8,8.1,11.8,5.9,13.04,3.8,Clay
32.1600_8.2800,32.16,8.28,22.81,40.78,61.1,8.1,8.4,4.2,13.12,3.3,Silt
32.1600_8.3600,32.16,8.36,22.78,40.94,54.6,8.1,12.2,6.1,13.44,5.2,Clay
32.1600_8.4400,32.16,8.44,22.73,41.13,56,8.1,10.1,5.05,13.12,3,Silt
32.1600_8.5200,32.16,8.52,22.73,41.13,56,8.1,7.7,3.85,13.44,3.3,Silt
32.1600_8.6000,32.16,8.6,22.67,41.31,59,8.1,4,2,12.8,3.4,Silt
32.1600_8.6800,32.16,8.68,22.61,41.55,70.4,8.1,4.2,2.1,12.72,3.1,Clay
32.2400_-2.2000,32.24,-2.2,19.52,37.37,186.5,8.1,4.4,2.2,10.56,5,Sandy
32.2400_-2.1200,32.24,-2.12,19.49,37.37,186.5,8.1,5.3,2.65,10.4,5.7,Sandy
32.2400_-2.0400,32.24,-2.04,19.42,38.93,184.3,8.2,4.5,2.25,9.52,4.4,Sandy
32.2400_-1.9600,32.24,-1.96,18.65,42.05,205.2,8.2,4.6,2.3,9.2,4.4,Sandy
32.2400_-1.8800,32.24,-1.88,17.9,43.61,259.3,8.3,4.7,2.35,9.84,5.6,Sandy
32.2400_-1.8000,32.24,-1.8,17.49,41.56,216.3,8.2,4.3,2.15,10.8,6.9,Sandy
32.2400_-1.7200,32.24,-1.72,17.65,43.02,214.2,8.3,4.4,2.2,10,6.4,Sandy
32.2400_-1.6400,32.24,-1.64,16.46,41.1,185.7,8.1,10.5,5.25,10.32,10.8,Sandy
32.2400_-1.5600,32.24,-1.56,17.94,41.31,196.3,8.3,4.5,2.25,9.04,5.2,Sandy
32.2400_-1.4800,32.24,-1.48,19,39.91,195,8.2,4.3,2.15,10,5.3,Sandy
32.2400_-1.4000,32.24,-1.4,17.56,39.55,195,8,10.7,5.35,10.72,13.9,Sandy
32.2400_-1.3200,32.24,-1.32,19.68,38.55,167.8,8.1,6.6,3.3,8.48,7.3,Sandy
32.2400_-1.2400,32.24,-1.24,20.41,37.74,147.7,8.3,4.3,2.15,8.88,3.9,Sandy
32.2400_-1.1600,32.24,-1.16,18.76,38.7,172.3,8.2,6.1,3.05,9.68,7.6,Sandy
32.2400_-1.0800,32.24,-1.08,19.71,37.44,154.6,8.2,4.7,2.35,11.04,5.2,Sandy
32.2400_-1.0000,32.24,-1,20.05,37.49,163.1,8.2,4.6,2.3,9.68,3.7,Sandy
32.2400_-0.9200,32.24,-0.92,20.19,37.47,148.6,8.2,4.1,2.05,10.96,3.5,Sandy
32.2400_-0.8400,32.24,-0.84,20.19,37.47,148.6,8.3,4.7,2.35,10.48,4.5,Sandy
32.2400_-0.7600,32.24,-0.76,20.08,36.98,161.5,8.2,3.9,1.95,8.24,4.9,Sandy
32.2400_-0.6800,32.24,-0.68,20.3,36.57,202.7,8.2,4.2,2.1,9.84,5.4,Sandy
32.2400_-0.6000,32.24,-0.6,20.3,36.57,202.7,8.2,4,2,9.52,4.7,Sandy
32.2400_-0.5200,32.24,-0.52,20.49,37.42,174.8,8.3,4.8,2.4,11.04,5.7,Clay
32.2400_-0.4400,32.24,-0.44,20.28,38.09,153.7,8.4,4.4,2.2,10.24,4.8,Clay
32.2400_-0.3600,32.24,-0.36,19.99,38.31,173.6,8.4,4,2,9.76,4,Sandy
32.2400_-0.2800,32.24,-0.28,19.99,38.31,173.6,8.3,4.2,2.1,10,4.1,Sandy
32.2400_-0.2000,32.24,-0.2,19.94,38.49,183.5,8.3,4.1,2.05,11.2,4,Sandy
32.2400_-0.1200,32.24,-0.12,19.97,38.63,166.7,8.4,4.3,2.15,12.16,4.1,Sandy
32.2400_-0.0400,32.24,-0.04,20.13,38.36,134.2,8.3,4.3,2.15,12.88,3.7,Sandy
32.2400_0.0400,32.24,0.04,20.13,38.36,134.2,8.3,5.1,2.55,12.32,3.9,Sandy
32.2400_0.1200,32.24,0.12,20.45,38.05,140.2,8.3,4.9,2.45,11.44,3.9,Sandy
32.2400_0.2000,32.24,0.2,20.68,37.99,150.1,8.4,6.2,3.1,12.4,3.7,Silt
32.2400_0.2800,32.24,0.28,20.67,37.96,154.5,8.2,4.4,2.2,11.28,3.5,Silt
32.2400_0.3600,32.24,0.36,20.67,37.96,154.5,8.3,4.6,2.3,12.48,3.4,Sandy
32.2400_0.4400,32.24,0.44,20.52,37.94,150,8.3,4.9,2.45,13.44,3.4,Silt
32.2400_0.5200,32.24,0.52,20.46,38.07,146.6,8.3,3.9,1.95,12.24,3.2,Silt
32.2400_0.6000,32.24,0.6,20.44,38.34,147.1,8.3,3.9,1.95,12.72,3.7,Sandy
32.2400_0.6800,32.24,0.68,20.44,38.34,147.1,8.3,4.1,2.05,11.52,3.7,Sandy
32.2400_0.7600,32.24,0.76,20.46,38.54,158.9,8.3,3.7,1.85,12.56,3.7,Sandy
32.2400_0.8400,32.24,0.84,20.54,38.43,152.8,8.3,3.7,1.85,11.28,4.1,Clay
32.2400_0.9200,32.24,0.92,20.54,38.43,152.8,8.3,3.9,1.95,12.56,3.9,Silt
32.2400_1.0000,32.24,1,20.63,38.36,175.2,8.2,3.7,1.85,12.08,3.9,Clay
32.2400_1.0800,32.24,1.08,20.69,38.38,184.9,8.3,3.7,1.85,12.32,3.1,Sandy
32.2400_1.1600,32.24,1.16,20.75,38.28,162.9,8.3,4.7,2.35,11.92,4.7,Silt
32.2400_1.2400,32.24,1.24,20.75,38.28,162.9,8.3,3.5,1.75,11.44,3.7,Sandy
32.2400_1.3200,32.24,1.32,20.81,38.19,160.6,8.3,3.5,1.75,12.08,3.6,Sandy
32.2400_1.4000,32.24,1.4,20.89,37.93,162,8.3,3.8,1.9,12.24,4.2,Clay
32.2400_1.4800,32.24,1.48,20.97,37.82,172.8,8.3,4,2,12.08,4,Clay
32.2400_1.5600,32.24,1.56,20.97,37.82,172.8,8.3,3.8,1.9,12.4,3.8,Clay
32.2400_1.6400,32.24,1.64,20.97,37.9,152.7,8.3,3.4,1.7,11.6,3.8,Sandy
32.2400_1.7200,32.24,1.72,20.96,37.93,157.2,8.3,3.5,1.75,12.4,3.6,Sandy
32.2400_1.8000,32.24,1.8,20.99,37.87,161.7,8.3,3.4,1.7,12.72,3.6,Sandy
32.2400_1.8800,32.24,1.88,20.99,37.87,161.7,8.3,3.9,1.95,10.24,4.1,Sandy
32.2400_1.9600,32.24,1.96,21.04,38.05,146.4,8.3,3.8,1.9,12.32,3.6,Sandy
32.2400_2.0400,32.24,2.04,21.03,38.46,122.6,8.4,7.9,3.95,13.36,3.8,Clay
32.2400_2.1200,32.24,2.12,21.03,38.46,122.6,8.5,7.7,3.85,11.92,4.5,Sandy
32.2400_2.2000,32.24,2.2,20.98,38.34,114.4,8.4,7,3.5,12.72,5.1,Sandy
32.2400_2.2800,32.24,2.28,21.08,38.1,100.6,8.3,9.8,4.9,11.84,4.9,Sandy
32.2400_2.3600,32.24,2.36,21.25,37.97,112,8.3,10.3,5.15,12.24,3.2,Sandy
32.2400_2.4400,32.24,2.44,21.25,37.97,112,8.4,10.4,5.2,13.52,3.3,Sandy
32.2400_2.5200,32.24,2.52,21.28,38.2,110.7,8.5,7.5,3.75,12.72,3.4,Sandy
32.2400_2.6000,32.24,2.6,21.3,38.08,117.3,8.3,8.5,4.25,12.56,3.2,Sandy
32.2400_2.6800,32.24,2.68,21.33,38.08,126.1,8.4,8.7,4.35,12.64,3.3,Sandy
32.2400_2.7600,32.24,2.76,21.33,38.08,126.1,8.4,7.4,3.7,13.36,3,Sandy
32.2400_2.8400,32.24,2.84,21.48,37.81,101.5,8.3,7.2,3.6,13.04,2.9,Sandy
32.2400_2.9200,32.24,2.92,21.65,37.16,85.7,8.2,7.2,3.6,14.16,3.2,Silt
32.2400_3.0000,32.24,3,21.3,37.17,71.1,8.3,6,3,13.84,3.1,Sandy
32.2400_3.0800,32.24,3.08,21.3,37.17,71.1,8.3,5.2,2.6,12.4,4,Sandy
32.2400_3.1600,32.24,3.16,21.09,37.52,80.9,8.4,4.8,2.4,12.96,3.3,Sandy
32.2400_3.2400,32.24,3.24,21.42,37.31,89.1,8.4,4.8,2.4,13.36,3.8,Sandy
32.2400_3.3200,32.24,3.32,21.42,37.31,89.1,8.3,9.1,4.55,12.64,3.6,Sandy
32.2400_3.4000,32.24,3.4,21.68,37.2,64.2,8.2,7.5,3.75,12.64,3.5,Clay
32.2400_3.4800,32.24,3.48,21.76,36.78,57.4,8.2,5.1,2.55,12.8,4.9,Sandy
32.2400_3.5600,32.24,3.56,21.86,36.46,61.1,8.2,6.7,3.35,11.84,4.2,Sandy
32.2400_3.6400,32.24,3.64,21.86,36.46,61.1,8.2,6.8,3.4,12.56,4,Sandy
32.2400_3.7200,32.24,3.72,22.18,36.11,79.1,8.3,6,3,11.44,3.4,Sandy
32.2400_3.8000,32.24,3.8,22.32,36.28,72.3,8.2,4.9,2.45,11.52,3.2,Sandy
32.2400_3.8800,32.24,3.88,22.37,36.6,76.6,8.2,7.7,3.85,11.12,3.1,Sandy
32.2400_3.9600,32.24,3.96,22.37,36.6,76.6,8.3,7.8,3.9,10.32,3.5,Clay
32.2400_4.0400,32.24,4.04,22.51,36.51,71.7,8.2,5,2.5,11.36,4,Sandy
32.2400_4.1200,32.24,4.12,22.7,36.43,77.7,8.2,7,3.5,10.8,3.4,Sandy
32.2400_4.2000,32.24,4.2,22.74,36.69,80.9,8.2,7.4,3.7,12.4,3.7,Clay
32.2400_4.2800,32.24,4.28,22.74,36.69,80.9,8.2,7.2,3.6,11.92,3.6,Sandy
32.2400_4.3600,32.24,4.36,22.83,36.67,82.9,8.3,5.4,2.7,11.28,3.7,Sandy
32.2400_4.4400,32.24,4.44,22.96,36.61,97.5,8.3,8,4,13.68,3.7,Clay
32.2400_4.5200,32.24,4.52,22.96,36.61,97.5,8.3,7.8,3.9,11.68,3.8,Sandy
32.2400_4.6000,32.24,4.6,23.04,36.61,107.8,8.3,7.8,3.9,12.16,3.9,Sandy
32.2400_4.6800,32.24,4.68,23.12,36.7,103.8,8.3,8.1,4.05,12.64,4,Sandy
32.2400_4.7600,32.24,4.76,23.19,36.61,88.5,8.3,7.9,3.95,12.24,4,Clay
32.2400_4.8400,32.24,4.84,23.19,36.61,88.5,8.3,8.6,4.3,11.52,4.1,Clay
32.2400_4.9200,32.24,4.92,23.2,36.68,81.7,8.3,7.8,3.9,11.12,4.7,Sandy
32.2400_5.0000,32.24,5,23.26,36.75,75,8.3,8.2,4.1,11.04,4.7,Sandy
32.2400_5.0800,32.24,5.08,23.39,36.62,61.9,8.3,8.1,4.05,10.88,3.5,Clay
32.2400_5.1600,32.24,5.16,23.39,36.62,61.9,8.3,5.3,2.65,12.24,3.5,Sandy
32.2400_5.2400,32.24,5.24,23.57,36.52,64.7,8.3,5,2.5,10.72,3.7,Sandy
32.2400_5.3200,32.24,5.32,23.68,36.61,63,8.2,7.3,3.65,10.72,3.9,Clay
32.2400_5.4000,32.24,5.4,23.67,36.81,72.4,8.5,7.6,3.8,11.04,2.9,Clay
32.2400_5.4800,32.24,5.48,23.67,36.81,72.4,8.2,7.6,3.8,11.28,3.5,Clay
32.2400_5.5600,32.24,5.56,23.71,36.49,81.1,8.2,7.4,3.7,12.24,3.3,Clay
32.2400_5.6400,32.24,5.64,23.62,36.75,87,8.2,7.5,3.75,11.84,3.7,Clay
32.2400_5.7200,32.24,5.72,23.62,36.75,87,8.2,7.2,3.6,11.6,3.7,Clay
32.2400_5.8000,32.24,5.8,23.5,37.23,81,8.2,7.4,3.7,10.72,3.4,Clay
32.2400_5.8800,32.24,5.88,23.42,37.54,86.3,8.2,7.3,3.65,12,3.7,Sandy
32.2400_5.9600,32.24,5.96,23.41,37.77,68.9,8.1,7.6,3.8,11.04,3.4,Clay
32.2400_6.0400,32.24,6.04,23.41,37.77,68.9,8.2,7.3,3.65,10.88,3.5,Clay
32.2400_6.1200,32.24,6.12,23.41,37.9,81.2,8.2,7,3.5,10.8,3.3,Sandy
32.2400_6.2000,32.24,6.2,23.35,38.15,86.9,8.2,7.1,3.55,12.56,3.3,Sandy
32.2400_6.2800,32.24,6.28,23.3,38.3,88.7,8.2,7.1,3.55,12.4,3.3,Sandy
32.2400_6.3600,32.24,6.36,23.3,38.3,88.7,8.2,7,3.5,12.64,3.2,Sandy
32.2400_6.4400,32.24,6.44,23.27,38.55,96.5,8.1,7.1,3.55,10.72,3.2,Sandy
32.2400_6.5200,32.24,6.52,23.22,38.83,107,8.2,7.1,3.55,11.76,3.2,Sandy
32.2400_6.6000,32.24,6.6,23.16,38.95,94.5,8.1,6.8,3.4,11.12,3.4,Sandy
32.2400_6.6800,32.24,6.68,23.16,38.95,94.5,8.1,6.9,3.45,11.68,3.4,Sandy
32.2400_6.7600,32.24,6.76,23.12,39.17,85.6,8.1,6.8,3.4,12.32,3.4,Sandy
32.2400_6.8400,32.24,6.84,23.1,39.43,76.2,8.1,6.7,3.35,12.16,3.2,Sandy
32.2400_6.9200,32.24,6.92,23.06,39.63,72.6,8,6.6,3.3,11.6,3.2,Sandy
32.2400_7.0000,32.24,7,23.06,39.63,72.6,8.1,4.7,2.35,12.08,3.1,Clay
32.2400_7.0800,32.24,7.08,23.05,39.67,80.9,8,6.7,3.35,11.28,3.1,Clay
32.2400_7.1600,32.24,7.16,23.07,39.69,67.3,8,9.9,4.95,10.96,3.1,Sandy
32.2400_7.2400,32.24,7.24,23.07,39.69,67.3,8,9.7,4.85,11.2,3.2,Sandy
32.2400_7.3200,32.24,7.32,23.06,39.72,70.7,8,10.1,5.05,11.12,3.2,Clay
32.2400_7.4000,32.24,7.4,23.03,39.8,54.1,8,10,5,11.36,3,Sandy
32.2400_7.4800,32.24,7.48,22.94,39.91,58.7,8,7,3.5,11.84,3.5,Clay
32.2400_7.5600,32.24,7.56,22.94,39.91,58.7,8,7.6,3.8,13.04,3.5,Clay
32.2400_7.6400,32.24,7.64,22.92,40.07,56.9,8,7.3,3.65,11.92,3.3,Silt
32.2400_7.7200,32.24,7.72,22.91,40.11,52.7,8,7.4,3.7,12.16,3,Silt
32.2400_7.8000,32.24,7.8,22.88,40.31,61.3,8,13,6.5,12,3.1,Silt
32.2400_7.8800,32.24,7.88,22.88,40.31,61.3,8,10.2,5.1,13.6,3.1,Silt
32.2400_7.9600,32.24,7.96,22.84,40.56,58.9,8.1,11.1,5.55,13.12,3.5,Clay
32.2400_8.0400,32.24,8.04,22.82,40.7,70.5,8,10.4,5.2,13.12,3.5,Silt
32.2400_8.1200,32.24,8.12,22.79,40.85,73.1,8,11.5,5.75,12.32,3.7,Clay
32.2400_8.2000,32.24,8.2,22.79,40.85,73.1,8.1,6.4,3.2,12.8,4.1,Clay
32.2400_8.2800,32.24,8.28,22.75,41.08,52.6,8.1,4.4,2.2,13.28,3.5,Silt
32.2400_8.3600,32.24,8.36,22.74,41.11,47,8.1,6.1,3.05,12.72,4.5,Clay
32.2400_8.4400,32.24,8.44,22.74,41.11,47,8.1,6.4,3.2,13.28,3.7,Clay
32.2400_8.5200,32.24,8.52,22.72,41.24,51.3,8.1,4.3,2.15,12.8,3.1,Silt
32.2400_8.6000,32.24,8.6,22.65,41.52,65,8.2,4.7,2.35,12.96,3.1,Clay
32.2400_8.6800,32.24,8.68,22.57,41.79,66.5,8.2,5.5,2.75,11.6,3.8,Clay
32.3200_-2.2000,32.32,-2.2,19.54,38.31,166.5,8.1,3.9,1.95,11.12,4.4,Sandy
32.3200_-2.1200,32.32,-2.12,19.6,38.32,166.5,8.2,4.4,2.2,12.32,5.5,Sandy
32.3200_-2.0400,32.32,-2.04,19.79,38.6,172.8,8.2,4.3,2.15,10.24,5,Sandy
32.3200_-1.9600,32.32,-1.96,16.07,39.73,205.2,8.1,10.6,5.3,10,10.4,Sandy
32.3200_-1.8800,32.32,-1.88,16.18,41.45,245.5,8.1,9,4.5,10.32,9.6,Sandy
32.3200_-1.8000,32.32,-1.8,17.58,41.57,216.3,8.2,4.3,2.15,9.28,5.1,Sandy
32.3200_-1.7200,32.32,-1.72,18.15,41.7,216.3,8.2,4.5,2.25,10.8,6.6,Sandy
32.3200_-1.6400,32.32,-1.64,17.82,41.37,214.5,8.3,4.1,2.05,9.12,7,Sandy
32.3200_-1.5600,32.32,-1.56,18.01,41.64,201.7,8.2,4.1,2.05,8.72,4.8,Sandy
32.3200_-1.4800,32.32,-1.48,17.05,41.46,201.7,8.2,4.9,2.45,9.76,4.9,Sandy
32.3200_-1.4000,32.32,-1.4,18.6,41.04,206,8.3,4.1,2.05,8.96,4.6,Sandy
32.3200_-1.3200,32.32,-1.32,19,39.72,174.6,8.3,4.4,2.2,9.52,4.2,Sandy
32.3200_-1.2400,32.32,-1.24,19.79,39.91,174.6,8.2,4.5,2.25,10.8,4.6,Sandy
32.3200_-1.1600,32.32,-1.16,16.18,40.01,176.2,8.1,10.7,5.35,10.08,14.1,Sandy
32.3200_-1.0800,32.32,-1.08,14.64,40.38,228,8,11.8,5.9,9.6,19.4,Sandy
32.3200_-1.0000,32.32,-1,19.2,38.75,177.9,8.2,6.2,3.1,8.48,5.1,Sandy
32.3200_-0.9200,32.32,-0.92,19.52,38.59,148,8.3,4.2,2.1,10.72,5.2,Sandy
32.3200_-0.8400,32.32,-0.84,19.52,38.59,148,8.2,4.9,2.45,9.12,6.7,Sandy
32.3200_-0.7600,32.32,-0.76,18.14,37.96,137,8,8.8,4.4,9.2,7.6,Sandy
32.3200_-0.6800,32.32,-0.68,19.81,37.88,167,8.2,5.8,2.9,8.88,4.7,Sandy
32.3200_-0.6000,32.32,-0.6,20.46,37.99,165.9,8.3,4.8,2.4,9.12,3.8,Sandy
32.3200_-0.5200,32.32,-0.52,20.32,37.96,165.9,8.3,4.1,2.05,11.36,4.2,Sandy
32.3200_-0.4400,32.32,-0.44,20.25,38.51,155.8,8.3,4.5,2.25,9.84,3.4,Sandy
32.3200_-0.3600,32.32,-0.36,19.93,38.59,182.3,8.4,3.9,1.95,9.52,5.3,Clay
32.3200_-0.2800,32.32,-0.28,19.93,38.59,182.3,8.4,4.3,2.15,10.24,6.2,Clay
32.3200_-0.2000,32.32,-0.2,19.89,38.7,201.7,8.4,4.3,2.15,10.72,4.1,Sandy
32.3200_-0.1200,32.32,-0.12,20.03,38.6,207.4,8.3,7.4,3.7,9.36,3.8,Sandy
32.3200_-0.0400,32.32,-0.04,20.17,38.56,165.8,8.3,3.5,1.75,9.68,3.8,Sandy
32.3200_0.0400,32.32,0.04,20.17,38.56,165.8,8.3,4.7,2.35,12.24,3.5,Sandy
32.3200_0.1200,32.32,0.12,20.43,38.45,169.7,8.3,4.8,2.4,11.52,4.3,Sandy
32.3200_0.2000,32.32,0.2,20.68,38.33,154.5,8.3,6,3,11.12,3.8,Silt
32.3200_0.2800,32.32,0.28,20.6,38.25,136.8,8.2,5.6,2.8,12.08,3.7,Clay
32.3200_0.3600,32.32,0.36,20.6,38.25,136.8,8.2,3.7,1.85,12.56,3.3,Sandy
32.3200_0.4400,32.32,0.44,20.31,38.48,163.6,8.3,3.6,1.8,13.04,3.5,Clay
32.3200_0.5200,32.32,0.52,20.18,38.73,178.7,8.3,4.1,2.05,12.48,3.9,Silt
32.3200_0.6000,32.32,0.6,20.25,38.69,148.3,8.3,4,2,11.92,3.9,Sandy
32.3200_0.6800,32.32,0.68,20.25,38.69,148.3,8.3,3.6,1.8,11.52,3.6,Clay
32.3200_0.7600,32.32,0.76,20.37,38.63,160.9,8.3,3.5,1.75,11.84,4.3,Sandy
32.3200_0.8400,32.32,0.84,20.46,38.57,162.1,8.3,3.6,1.8,11.52,4.2,Clay
32.3200_0.9200,32.32,0.92,20.46,38.57,162.1,8.3,3.4,1.7,11.28,4.1,Clay
32.3200_1.0000,32.32,1,20.54,38.44,144,8.3,3.4,1.7,11.76,3.9,Clay
32.3200_1.0800,32.32,1.08,20.59,38.44,156.1,8.2,3.5,1.75,11.84,4.2,Sandy
32.3200_1.1600,32.32,1.16,20.63,38.41,146.6,8.3,3.4,1.7,12.24,3.6,Sandy
32.3200_1.2400,32.32,1.24,20.63,38.41,146.6,8.3,3.6,1.8,11.68,3.5,Clay
32.3200_1.3200,32.32,1.32,20.7,38.45,155.1,8.2,3.3,1.65,10.72,4,Sandy
32.3200_1.4000,32.32,1.4,20.8,38.18,159.6,8.3,3.9,1.95,10.96,3.7,Sandy
32.3200_1.4800,32.32,1.48,20.82,38.18,167.4,8.3,3.7,1.85,10.48,3.8,Sandy
32.3200_1.5600,32.32,1.56,20.82,38.18,167.4,8.3,4.2,2.1,10.88,4.8,Sandy
32.3200_1.6400,32.32,1.64,20.83,38.14,151.3,8.3,3.6,1.8,11.2,3.7,Sandy
32.3200_1.7200,32.32,1.72,20.85,38.12,145.1,8.3,3.6,1.8,10.96,3.6,Sandy
32.3200_1.8000,32.32,1.8,20.91,38.14,159,8.3,3.4,1.7,11.2,4.1,Sandy
32.3200_1.8800,32.32,1.88,20.91,38.14,159,8.3,4.2,2.1,10.64,4.1,Sandy
32.3200_1.9600,32.32,1.96,20.97,38.28,152.6,8.3,3.8,1.9,10.48,3.8,Sandy
32.3200_2.0400,32.32,2.04,20.89,38.48,136.4,8.5,4,2,11.2,3.4,Sandy
32.3200_2.1200,32.32,2.12,20.89,38.48,136.4,8.3,3.5,1.75,11.6,4.6,Sandy
32.3200_2.2000,32.32,2.2,20.93,38.45,105,8.4,4.2,2.1,12.32,5,Sandy
32.3200_2.2800,32.32,2.28,21.08,38.2,108.6,8.4,13.8,6.9,11.2,5.1,Sandy
32.3200_2.3600,32.32,2.36,21.24,38.03,108,8.4,10.1,5.05,12.8,5.3,Sandy
32.3200_2.4400,32.32,2.44,21.24,38.03,108,8.4,9.9,4.95,12.56,4,Sandy
32.3200_2.5200,32.32,2.52,21.38,38.09,100.6,8.4,10.3,5.15,12.88,3.8,Sandy
32.3200_2.6000,32.32,2.6,21.33,38.01,114.6,8.4,6.5,3.25,11.28,3.5,Sandy
32.3200_2.6800,32.32,2.68,21.3,38.25,125.6,8.3,4.5,2.25,12.24,3.8,Sandy
32.3200_2.7600,32.32,2.76,21.3,38.25,125.6,8.4,4.4,2.2,12.08,3.1,Sandy
32.3200_2.8400,32.32,2.84,21.46,38.15,125.2,8.3,7.3,3.65,12.88,3.5,Sandy
32.3200_2.9200,32.32,2.92,21.52,37.63,92.7,8.4,8.5,4.25,11.44,3.2,Sandy
32.3200_3.0000,32.32,3,21.24,37.51,80.8,8.3,6.3,3.15,11.04,3.5,Sandy
32.3200_3.0800,32.32,3.08,21.24,37.51,80.8,8.3,7.1,3.55,12.4,4.6,Sandy
32.3200_3.1600,32.32,3.16,21.06,37.84,90.8,8.3,6.9,3.45,11.04,3.9,Sandy
32.3200_3.2400,32.32,3.24,21.41,37.55,84.5,8.3,5.2,2.6,11.6,4.4,Sandy
32.3200_3.3200,32.32,3.32,21.41,37.55,84.5,8.3,7.5,3.75,11.2,4.4,Sandy
32.3200_3.4000,32.32,3.4,21.66,37.24,77.9,8.2,8.6,4.3,11.04,4.5,Sandy
32.3200_3.4800,32.32,3.48,21.67,37.01,71.7,8.2,9.7,4.85,11.28,4.3,Sandy
32.3200_3.5600,32.32,3.56,21.78,36.6,71.3,8.2,6.4,3.2,10.4,4,Sandy
32.3200_3.6400,32.32,3.64,21.78,36.6,71.3,8.3,9.1,4.55,10.96,4,Sandy
32.3200_3.7200,32.32,3.72,22.14,36.14,72.1,8.3,4.9,2.45,10.72,4.3,Sandy
32.3200_3.8000,32.32,3.8,22.33,36.37,76.9,8.2,6,3,10.8,3.3,Sandy
32.3200_3.8800,32.32,3.88,22.34,36.69,69.2,8.3,7.3,3.65,10.64,3.5,Silt
32.3200_3.9600,32.32,3.96,22.34,36.69,69.2,8.2,7.9,3.95,10.96,3.7,Clay
32.3200_4.0400,32.32,4.04,22.46,36.76,72.8,8.2,4.9,2.45,11.44,3.6,Sandy
32.3200_4.1200,32.32,4.12,22.65,36.61,75.9,8.3,7.5,3.75,10.96,3.6,Clay
32.3200_4.2000,32.32,4.2,22.67,36.84,84.2,8.2,7.8,3.9,10.64,4,Clay
32.3200_4.2800,32.32,4.28,22.67,36.84,84.2,8.3,8.2,4.1,11.04,3.6,Clay
32.3200_4.3600,32.32,4.36,22.79,36.73,83.5,8.3,5,2.5,12.08,3.3,Sandy
32.3200_4.4400,32.32,4.44,22.9,36.79,112.7,8.3,7.8,3.9,12.08,3.6,Clay
32.3200_4.5200,32.32,4.52,22.9,36.79,112.7,8.3,8.3,4.15,13.12,4.3,Sandy
32.3200_4.6000,32.32,4.6,22.99,36.83,117.2,8.3,7.9,3.95,11.52,3.8,Silt
32.3200_5.8000,32.32,5.8,23.48,37.29,85.5,8.2,7.5,3.75,10.96,3.5,Sandy
32.3200_5.8800,32.32,5.88,23.37,37.72,75.7,8.1,7.9,3.95,10.48,3.4,Clay
32.3200_6.5200,32.32,6.52,23.15,39.13,100.3,8.1,7.2,3.6,11.2,3.9,Sandy
32.3200_6.6800,32.32,6.68,23.1,39.24,84.8,8.1,7.4,3.7,11.76,3.7,Sandy
32.3200_4.6800,32.32,4.68,23.08,36.87,101.2,8.3,7.9,3.95,11.92,3.6,Clay
32.3200_4.7600,32.32,4.76,23.13,36.76,96.9,8.3,7.9,3.95,12.72,3.8,Sandy
32.3200_4.8400,32.32,4.84,23.13,36.76,96.9,8.3,8.3,4.15,11.44,3.9,Sandy
32.3200_4.9200,32.32,4.92,23.14,36.91,80.8,8.4,8.1,4.05,12.08,3.9,Clay
32.3200_5.0000,32.32,5,23.2,36.94,65.6,8.3,8.4,4.2,11.84,5,Silt
32.3200_5.0800,32.32,5.08,23.35,36.81,58.9,8.3,8.4,4.2,11.2,3.7,Sandy
32.3200_5.1600,32.32,5.16,23.35,36.81,58.9,8.4,5.4,2.7,11.44,3.9,Sandy
32.3200_5.2400,32.32,5.24,23.58,36.49,70.1,8.3,4.6,2.3,10.88,3.4,Sandy
32.3200_5.3200,32.32,5.32,23.76,36.51,63,8.3,7.4,3.7,11.04,3.1,Clay
32.3200_5.4000,32.32,5.4,23.73,36.8,61.5,8.3,7.6,3.8,15.76,3,Sandy
32.3200_5.4800,32.32,5.48,23.73,36.8,61.5,8.3,7.2,3.6,10.96,3.5,Sandy
32.3200_5.5600,32.32,5.56,23.75,36.55,72.7,8.3,7,3.5,11.36,3.1,Sandy
32.3200_5.6400,32.32,5.64,23.66,36.69,84.7,8.3,7.4,3.7,10.48,3.6,Sandy
32.3200_5.7200,32.32,5.72,23.66,36.69,84.7,8.2,7.5,3.75,11.2,3.4,Sandy
32.3200_5.9600,32.32,5.96,23.39,37.84,70.3,8.2,10.9,5.45,11.76,3.3,Clay
32.3200_6.0400,32.32,6.04,23.39,37.84,70.3,8.2,7.2,3.6,12.08,3.7,Sandy
32.3200_6.1200,32.32,6.12,23.39,38.1,89.1,8.2,7.4,3.7,11.6,3.5,Clay
32.3200_6.2000,32.32,6.2,23.32,38.3,86.2,8.1,7.2,3.6,11.2,3.5,Clay
32.3200_6.2800,32.32,6.28,23.24,38.59,82.7,8.2,7.3,3.65,11.2,3.4,Sandy
32.3200_6.3600,32.32,6.36,23.24,38.59,82.7,8.1,7.1,3.55,10.4,3.2,Sandy
32.3200_6.4400,32.32,6.44,23.22,38.75,101,8.2,7.4,3.7,11.84,3.7,Sandy
32.3200_6.6000,32.32,6.6,23.11,39.19,84.8,8.1,7.3,3.65,11.28,3.4,Sandy
32.3200_6.7600,32.32,6.76,23.11,39.29,82.7,8.1,6.9,3.45,12.24,3.1,Sandy
32.3200_6.8400,32.32,6.84,23.08,39.6,71.3,8.1,6.8,3.4,11.92,3.2,Sandy
32.3200_6.9200,32.32,6.92,23.08,39.6,71.3,8,7,3.5,10.72,3.1,Sandy
32.3200_7.0000,32.32,7,23.02,39.92,78.3,8,6.9,3.45,10.8,4.5,Sandy
32.3200_7.0800,32.32,7.08,23.03,39.93,61.8,8,9.7,4.85,12.16,3,Clay
32.3200_7.1600,32.32,7.16,23.04,39.97,81.8,8,9.8,4.9,11.36,3.1,Clay
32.3200_7.2400,32.32,7.24,23.04,39.97,81.8,8,9.8,4.9,10.88,3.2,Clay
32.3200_7.3200,32.32,7.32,23.03,39.94,58.3,8.1,10,5,11.04,3.2,Clay
32.3200_7.4000,32.32,7.4,22.96,39.95,56.1,8,10.1,5.05,12,3.3,Clay
32.3200_7.4800,32.32,7.48,22.95,39.98,57.1,8,10.4,5.2,12.56,2.9,Clay
32.3200_7.5600,32.32,7.56,22.95,39.98,57.1,8,7.5,3.75,12.88,3.3,Clay
32.3200_7.6400,32.32,7.64,22.9,40.11,61,8.1,10.1,5.05,12.16,3.2,Sandy
32.3200_7.7200,32.32,7.72,22.86,40.37,54.2,8.1,8.7,4.35,12.08,3.7,Clay
32.3200_7.8000,32.32,7.8,22.84,40.58,51.8,8.2,10,5,12.96,2.9,Silt
32.3200_7.8800,32.32,7.88,22.84,40.58,51.8,8.1,10,5,12.72,3.2,Clay
32.3200_7.9600,32.32,7.96,22.82,40.73,60.8,8,10.5,5.25,13.28,3.6,Clay
32.3200_8.0400,32.32,8.04,22.79,40.88,58.8,8,10.8,5.4,12.72,3.6,Silt
32.3200_8.1200,32.32,8.12,22.79,40.88,58.8,8.1,10.6,5.3,13.28,3.3,Silt
32.3200_8.2000,32.32,8.2,22.76,40.99,64,8.1,10.2,5.1,13.36,3.4,Clay
32.3200_8.2800,32.32,8.28,22.72,41.18,62.1,8.1,6.4,3.2,13.44,4.3,Clay
32.3200_8.3600,32.32,8.36,22.71,41.33,57.3,8.1,5.5,2.75,13.28,4.2,Silt
32.3200_8.4400,32.32,8.44,22.71,41.33,57.3,8.2,5.7,2.85,13.2,3.5,Clay
32.3200_8.5200,32.32,8.52,22.7,41.38,59.1,8.1,5.8,2.9,12.56,3.6,Clay
32.3200_8.6000,32.32,8.6,22.65,41.63,60.8,8.1,6,3,12.4,3.7,Clay
32.3200_8.6800,32.32,8.68,22.56,41.98,62.3,8.2,4.6,2.3,12.16,3.5,Silt
32.4000_-2.2000,32.4,-2.2,19.55,39.56,200.3,8.1,4.3,2.15,11.6,6.1,Sandy
32.4000_-2.1200,32.4,-2.12,19.3,38.97,171.3,8.1,4.2,2.1,10.88,6.2,Sandy
32.4000_-2.0400,32.4,-2.04,19.3,38.97,171.3,8.2,4.3,2.15,10.08,4.8,Sandy
32.4000_-1.9600,32.4,-1.96,18.37,39.91,194.9,8.1,7.2,3.6,9.2,6.5,Sandy
32.4000_-1.8800,32.4,-1.88,17.68,41.2,213.9,8.2,6.4,3.2,10.88,7.1,Sandy
32.4000_-1.8000,32.4,-1.8,17.74,42.13,224.6,8.2,4.1,2.05,8.96,6.5,Sandy
32.4000_-1.7200,32.4,-1.72,17.74,42.13,224.6,8.2,4.2,2.1,9.6,4,Sandy
32.4000_-1.6400,32.4,-1.64,17.85,42.16,209,8.3,4.1,2.05,9.04,5.9,Sandy
32.4000_-1.5600,32.4,-1.56,17.23,41.92,219.7,8.2,5,2.5,11.36,4.9,Sandy
32.4000_-1.4800,32.4,-1.48,15.74,41.56,219.7,8,6.9,3.45,10.08,9.2,Sandy
32.4000_-1.4000,32.4,-1.4,18.34,41.6,233.2,8.2,5.9,2.95,8.64,6.1,Sandy
32.4000_-1.3200,32.4,-1.32,19.25,41.75,179.8,8.3,5.2,2.6,10.16,5.7,Sandy
32.4000_-1.2400,32.4,-1.24,18.83,41.64,179.8,8.2,5.8,2.9,9.6,5.2,Sandy
32.4000_-1.1600,32.4,-1.16,16.84,40.15,177.6,8,7,3.5,9.04,9.3,Sandy
32.4000_-1.0800,32.4,-1.08,17.42,41.02,229.4,8.1,6.2,3.1,10.96,6.7,Sandy
32.4000_-1.0000,32.4,-1,19.22,41.31,202.4,8.3,4.3,2.15,9.44,6,Sandy
32.4000_-0.9200,32.4,-0.92,16.8,42.89,196.2,8.1,7.4,3.7,9.92,8,Sandy
32.4000_-0.8400,32.4,-0.84,18.52,40.22,163.6,8.3,5.3,2.65,10,5.4,Sandy
32.4000_-0.7600,32.4,-0.76,18.62,39.92,160.3,8.3,4.7,2.35,11.28,5.2,Sandy
32.4000_-0.6800,32.4,-0.68,17.69,40,184.7,8.1,9.3,4.65,8.56,9.5,Sandy
32.4000_-0.6000,32.4,-0.6,20.28,38.26,174.4,8.2,5.9,2.95,8.32,4.9,Sandy
32.4000_-0.5200,32.4,-0.52,20.28,38.26,174.4,8.4,4.4,2.2,11.12,5.1,Clay
32.4000_-0.4400,32.4,-0.44,20.38,38.46,149.1,8.4,4.1,2.05,11.04,4.6,Sandy
32.4000_-0.3600,32.4,-0.36,19.31,38.31,164,8.2,5.8,2.9,8.72,5.4,Sandy
32.4000_-0.2800,32.4,-0.28,20.08,38.46,164,8.3,3.7,1.85,9.28,3.6,Sandy
32.4000_-0.2000,32.4,-0.2,19.94,38.63,201.3,8.4,3.8,1.9,9.2,4.9,Sandy
32.4000_-0.1200,32.4,-0.12,20.07,38.65,198.6,8.3,3.7,1.85,10.72,3.8,Sandy
32.4000_-0.0400,32.4,-0.04,20.16,38.91,239.6,8.3,3.9,1.95,9.36,4.4,Sandy
32.4000_0.0400,32.4,0.04,20.16,38.91,239.6,8.4,7.6,3.8,10.56,4.2,Sandy
32.4000_0.1200,32.4,0.12,20.32,38.74,199,8.3,4.5,2.25,9.68,3.8,Sandy
32.4000_0.2000,32.4,0.2,20.53,38.42,155.6,8.4,6.1,3.05,11.04,3.5,Clay
32.4000_0.2800,32.4,0.28,20.45,38.47,167.1,8.2,5.1,2.55,11.36,3.2,Sandy
32.4000_0.3600,32.4,0.36,20.45,38.47,167.1,8.2,3.8,1.9,11.84,3.5,Sandy
32.4000_0.4400,32.4,0.44,20.15,38.69,177.5,8.3,3.9,1.95,10.4,3.5,Sandy
32.4000_0.5200,32.4,0.52,20,39.14,202.8,8.3,3.4,1.7,11.44,3.7,Sandy
32.4000_0.6000,32.4,0.6,20,39.14,202.8,8.3,3.9,1.95,12.32,3.9,Sandy
32.4000_0.6800,32.4,0.68,20.08,39.1,170.5,8.3,4,2,11.76,4.5,Sandy
32.4000_0.7600,32.4,0.76,20.22,38.82,155.7,8.3,3.6,1.8,12.4,3.6,Clay
32.4000_0.8400,32.4,0.84,20.32,38.68,162.4,8.3,3.5,1.75,11.36,4,Sandy
32.4000_0.9200,32.4,0.92,20.32,38.68,162.4,8.2,3.5,1.75,10.4,3.5,Sandy
32.4000_1.0000,32.4,1,20.38,38.76,140.1,8.3,3.4,1.7,10.08,4,Sandy
32.4000_1.0800,32.4,1.08,20.44,38.72,140.2,8.3,3.5,1.75,9.76,3.6,Sandy
32.4000_1.1600,32.4,1.16,20.49,38.76,155.4,8.3,3.5,1.75,10.08,3.7,Sandy
32.4000_1.2400,32.4,1.24,20.49,38.76,155.4,8.3,3.1,1.55,9.84,3.6,Sandy
32.4000_1.3200,32.4,1.32,20.58,38.6,152.7,8.3,3.4,1.7,10.56,3.8,Sandy
32.4000_1.4000,32.4,1.4,20.64,38.56,150.4,8.3,3.1,1.55,11.04,3.6,Sandy
32.4000_1.4800,32.4,1.48,20.64,38.63,150.8,8.3,3.1,1.55,11.68,3.6,Sandy
32.4000_1.5600,32.4,1.56,20.64,38.63,150.8,8.3,3,1.5,10,3.8,Sandy
32.4000_1.6400,32.4,1.64,20.66,38.49,157.1,8.3,3.5,1.75,11.36,4.1,Sandy
32.4000_1.7200,32.4,1.72,20.73,38.38,143,8.2,3.6,1.8,11.36,3.1,Sandy
32.4000_1.8000,32.4,1.8,20.73,38.38,143,8.3,3.5,1.75,10.88,3.5,Sandy
32.4000_1.8800,32.4,1.88,20.82,38.47,143.9,8.3,3.4,1.7,11.12,3.6,Sandy
32.4000_1.9600,32.4,1.96,20.85,38.34,150.4,8.4,3.9,1.95,10.8,4.2,Sandy
32.4000_2.0400,32.4,2.04,20.86,38.63,126.7,8.3,4.8,2.4,10.88,3.5,Sandy
32.4000_2.1200,32.4,2.12,20.86,38.63,126.7,8.3,4.5,2.25,10.72,4.1,Clay
32.4000_2.2000,32.4,2.2,21,38.63,117.7,8.3,4,2,10.56,3.5,Sandy
32.4000_2.2800,32.4,2.28,21.11,38.4,123,8.4,4.2,2.1,11.12,3.5,Sandy
32.4000_2.3600,32.4,2.36,21.16,38.19,137.9,8.3,3.5,1.75,10.88,3.6,Sandy
32.4000_2.4400,32.4,2.44,21.16,38.19,137.9,8.4,9.2,4.6,11.04,3.6,Sandy
32.4000_2.5200,32.4,2.52,21.25,38.28,118.6,8.3,9.5,4.75,10.96,3.4,Sandy
32.4000_2.6000,32.4,2.6,21.15,38.28,101.8,8.4,9.6,4.8,10.8,3.6,Sandy
32.4000_2.6800,32.4,2.68,21.1,38.71,100.6,8.3,9.2,4.6,11.92,3.7,Sandy
32.4000_2.7600,32.4,2.76,21.1,38.71,100.6,8.4,9.8,4.9,10.56,3.6,Sandy
32.4000_2.8400,32.4,2.84,21.27,38.59,118.3,8.3,9.2,4.6,12.24,4.7,Sandy
32.4000_2.9200,32.4,2.92,21.33,38.03,107.5,8.4,7.4,3.7,11.84,3.6,Sandy
32.4000_3.0000,32.4,3,21.33,38.03,107.5,8.3,7.2,3.6,11.04,3.9,Sandy
32.4000_3.0800,32.4,3.08,21.15,37.77,90.8,8.3,4.7,2.35,11.84,4.3,Sandy
32.4000_3.1600,32.4,3.16,21.03,37.94,79.8,8.3,5.2,2.6,11.04,3.7,Sandy
32.4000_3.2400,32.4,3.24,21.29,37.73,85,8.3,6.9,3.45,11.04,3.5,Sandy
32.4000_3.3200,32.4,3.32,21.29,37.73,85,8.3,8.5,4.25,10.64,3.9,Sandy
32.4000_3.4000,32.4,3.4,21.5,37.41,68.6,8.3,10.8,5.4,10.96,4.1,Sandy
32.4000_3.4800,32.4,3.48,21.47,37.27,73.8,8.3,9.9,4.95,11.28,4.8,Sandy
32.4000_3.5600,32.4,3.56,21.69,36.77,86,8.3,6.6,3.3,10.88,4.6,Sandy
32.4000_3.6400,32.4,3.64,21.69,36.77,86,8.2,4.8,2.4,10.64,4.4,Sandy
32.4000_3.7200,32.4,3.72,22.13,36.28,76.4,8.3,4.6,2.3,11.36,4,Sandy
32.4000_3.8000,32.4,3.8,22.39,36.23,74.8,8.2,3.8,1.9,11.52,3.2,Clay
32.4000_3.8800,32.4,3.88,22.32,36.8,76.3,8.2,4,2,11.12,3.5,Clay
32.4000_3.9600,32.4,3.96,22.32,36.8,76.3,8.3,7.8,3.9,11.28,4.5,Clay
32.4000_4.0400,32.4,4.04,22.47,36.78,86.6,8.2,7,3.5,11.44,3.6,Clay
32.4000_4.1200,32.4,4.12,22.64,36.63,83.5,8.2,7.6,3.8,10.16,3.7,Silt
32.4000_4.2000,32.4,4.2,22.64,36.63,83.5,8.3,4.2,2.1,10,4.6,Silt
32.4000_4.2800,32.4,4.28,22.77,36.39,86.1,8.4,7.3,3.65,11.04,4.4,Clay
32.4000_4.3600,32.4,4.36,22.81,36.71,112.7,8.4,7.2,3.6,10.08,3.2,Sandy
32.4000_4.4400,32.4,4.44,22.9,36.82,108.8,8.3,5.2,2.6,10.88,3.4,Sandy
32.4000_4.5200,32.4,4.52,22.9,36.82,108.8,8.3,7.5,3.75,11.68,4.7,Sandy
32.4000_4.6000,32.4,4.6,22.92,37.06,101.4,8.3,8.4,4.2,11.2,4.1,Clay
32.4000_4.6800,32.4,4.68,22.99,37.1,99.7,8.3,7.8,3.9,10.8,3.8,Clay
32.4000_4.7600,32.4,4.76,23.02,37.15,88.5,8.3,8.3,4.15,12.24,3.9,Sandy
32.4000_4.8400,32.4,4.84,23.02,37.15,88.5,8.3,8,4,11.2,3.9,Clay
32.4000_4.9200,32.4,4.92,23.06,37.2,73.7,8.3,8.3,4.15,11.68,3.9,Sandy
32.4000_5.0000,32.4,5,23.11,37.34,66.8,8.3,6,3,11.76,4,Sandy
32.4000_5.0800,32.4,5.08,23.26,36.99,81,8.3,5.5,2.75,11.52,3.8,Sandy
32.4000_5.1600,32.4,5.16,23.26,36.99,81,8.3,5.9,2.95,11.44,3.9,Sandy
32.4000_5.2400,32.4,5.24,23.51,36.67,69.6,8.4,5.9,2.95,11.76,3.7,Sandy
32.4000_5.3200,32.4,5.32,23.72,36.64,60.7,8.3,5.2,2.6,11.28,3.1,Sandy
32.4000_5.4000,32.4,5.4,23.72,36.64,60.7,8.3,7.3,3.65,11.36,3.2,Clay
32.4000_5.4800,32.4,5.48,23.67,36.99,53.9,8.3,7.8,3.9,10.56,3.7,Sandy
32.4000_5.5600,32.4,5.56,23.72,36.76,73.4,8.3,7.8,3.9,10.8,3.5,Sandy
32.4000_5.6400,32.4,5.64,23.64,36.91,86.3,8.2,7.2,3.6,11.04,3.3,Sandy
32.4000_5.7200,32.4,5.72,23.64,36.91,86.3,8.2,7.8,3.9,11.84,3.4,Clay
32.4000_5.8000,32.4,5.8,23.47,37.39,87.2,8.2,8.1,4.05,11.12,3.8,Sandy
32.4000_5.8800,32.4,5.88,23.31,38,79.1,8.2,10.9,5.45,12.96,3.4,Clay
32.4000_5.9600,32.4,5.96,23.33,38.25,78.2,8.1,10.9,5.45,10.4,3.5,Sandy
32.4000_6.0400,32.4,6.04,23.33,38.25,78.2,8.1,10.7,5.35,11.04,3.4,Sandy
32.4000_6.1200,32.4,6.12,23.34,38.4,83.3,8.2,10.4,5.2,11.76,3.6,Sandy
32.4000_6.2000,32.4,6.2,23.26,38.66,96.1,8.2,8.1,4.05,11.2,3.6,Sandy
32.4000_6.2800,32.4,6.28,23.26,38.66,96.1,8.2,7.3,3.65,11.92,3.6,Sandy
32.4000_6.3600,32.4,6.36,23.2,38.81,77.9,8.1,7.4,3.7,11.04,3.3,Clay
32.4000_6.4400,32.4,6.44,23.18,39.01,78.2,8.1,7.4,3.7,11.28,3.3,Clay
32.4000_6.5200,32.4,6.52,23.1,39.36,76.2,8.1,7.2,3.6,11.84,3.6,Sandy
32.4000_6.6000,32.4,6.6,23.1,39.36,76.2,8.1,7.4,3.7,11.68,3.6,Sandy
32.4000_6.6800,32.4,6.68,23.09,39.4,69,8.1,7.4,3.7,10.8,3.7,Sandy
32.4000_6.7600,32.4,6.76,23.08,39.47,80.4,8,7.1,3.55,12.16,3.3,Sandy
32.4000_6.8400,32.4,6.84,23.03,39.9,69.7,8,7,3.5,12.4,3.5,Sandy
32.4000_6.9200,32.4,6.92,23.03,39.9,69.7,8,6.9,3.45,10.24,3.2,Sandy
32.4000_7.0000,32.4,7,23.02,39.95,65.6,8,7,3.5,11.12,3,Clay
32.4000_7.0800,32.4,7.08,23.01,40.06,74.5,8,9.8,4.9,11.36,3.2,Sandy
32.4000_7.1600,32.4,7.16,23.01,40.2,72.4,8.1,9.6,4.8,10.8,3.7,Clay
32.4000_7.2400,32.4,7.24,23.01,40.2,72.4,7.9,9.8,4.9,10.72,3,Clay
32.4000_7.3200,32.4,7.32,22.91,40.27,62.2,7.9,10.2,5.1,11.28,3.3,Clay
32.4000_7.4000,32.4,7.4,22.9,40.25,60.8,8,10,5,11.2,5.1,Sandy
32.4000_7.4800,32.4,7.48,22.9,40.25,60.8,8,10.5,5.25,10.4,3.1,Silt
32.4000_7.5600,32.4,7.56,22.9,40.22,61.7,8,10.3,5.15,11.84,3.1,Silt
32.4000_7.6400,32.4,7.64,22.87,40.4,65.2,8,9.9,4.95,12.4,3.2,Silt
32.4000_7.7200,32.4,7.72,22.82,40.64,51.7,8.1,10.1,5.05,12.16,3.5,Silt
32.4000_7.8000,32.4,7.8,22.82,40.64,51.7,8.1,10.4,5.2,11.44,3.2,Clay
32.4000_7.8800,32.4,7.88,22.81,40.78,50.5,8,7.5,3.75,13.6,3.3,Silt
32.4000_7.9600,32.4,7.96,22.78,41.04,55.9,7.9,7.7,3.85,13.2,3.2,Silt
32.4000_8.0400,32.4,8.04,22.75,41.17,65,8.1,10.5,5.25,12.72,3.4,Silt
32.4000_8.1200,32.4,8.12,22.75,41.17,65,8.2,4.3,2.15,13.2,3.9,Clay
32.4000_8.2000,32.4,8.2,22.73,41.14,51,8.2,5.4,2.7,13.28,4,Clay
32.4000_8.2800,32.4,8.28,22.7,41.37,60.6,8.1,4.6,2.3,12.96,3.7,Silt
32.4000_8.3600,32.4,8.36,22.68,41.48,60.7,8.1,5.2,2.6,12.88,3.8,Clay
32.4000_8.4400,32.4,8.44,22.68,41.48,60.7,8.2,3.9,1.95,12.64,2.9,Silt
32.4000_8.5200,32.4,8.52,22.65,41.7,61.5,8.2,5,2.5,12.88,3.3,Clay
32.4000_8.6000,32.4,8.6,22.58,42.02,56.9,8.2,4.9,2.45,12.32,3,Clay
32.4000_8.6800,32.4,8.68,22.58,42.02,56.9,8.2,5.6,2.8,12.48,3.8,Clay
32.4800_-2.2000,32.48,-2.2,18.78,40.93,210.8,8.2,5.6,2.8,11.44,5.8,Sandy
32.4800_-2.1200,32.48,-2.12,18.59,41.36,208.5,8.1,4.5,2.25,10.32,8.4,Sandy
32.4800_-2.0400,32.48,-2.04,18.59,41.36,208.5,8.1,4.5,2.25,10.16,7.4,Sandy
32.4800_-1.9600,32.48,-1.96,18.21,41.25,170.3,8.2,4.6,2.3,10.64,7.6,Sandy
32.4800_-1.8800,32.48,-1.88,18.35,43.46,165.6,8.1,5.1,2.55,9.44,5.8,Sandy
32.4800_-1.8000,32.48,-1.8,17.48,43.58,207.5,8.2,5.8,2.9,9.68,7.3,Sandy
32.4800_-1.7200,32.48,-1.72,17.48,43.58,207.5,8.3,4.9,2.45,9.36,6.9,Sandy
32.4800_-1.6400,32.48,-1.64,17.52,43.43,179.4,8.3,4.2,2.1,9.84,6.5,Sandy
32.4800_-1.5600,32.48,-1.56,17.48,43.39,179.9,8.2,4.2,2.1,9.04,6.3,Sandy
32.4800_-1.4800,32.48,-1.48,17.48,43.39,179.9,8.3,4.2,2.1,8.96,8.8,Sandy
32.4800_-1.4000,32.48,-1.4,17.82,42.54,193.5,8.2,4.9,2.45,9.2,4.3,Sandy
32.4800_-1.3200,32.48,-1.32,18.13,41.49,193,8.3,5.3,2.65,9.28,8,Sandy
32.4800_-1.2400,32.48,-1.24,18.5,41.92,175.1,8.3,5.3,2.65,9.76,5.3,Sandy
32.4800_-1.1600,32.48,-1.16,17.71,41.75,175.1,8.2,5.4,2.7,8.48,7.1,Sandy
32.4800_-1.0800,32.48,-1.08,17.02,42.77,197.7,8.2,6.1,3.05,10.32,5.7,Sandy
32.4800_-1.0000,32.48,-1,18.36,43.27,196.2,8.2,5.2,2.6,10.24,5.6,Sandy
32.4800_-0.9200,32.48,-0.92,16.89,42.55,186.1,8.2,5.3,2.65,9.92,7.4,Sandy
32.4800_-0.8400,32.48,-0.84,15.17,42.13,186.1,8,11.7,5.85,10.32,25.8,Sandy
32.4800_-0.7600,32.48,-0.76,18,41.86,184.4,8.2,5.7,2.85,8.16,6.2,Sandy
32.4800_-0.6800,32.48,-0.68,19.32,40.41,184.7,8.4,4.5,2.25,10.32,8.3,Sandy
32.4800_-0.6000,32.48,-0.6,16.83,42.64,192.2,8.1,9.6,4.8,10.16,9.9,Sandy
32.4800_-0.5200,32.48,-0.52,18.86,40.52,197.9,8.3,4.6,2.3,9.28,5,Sandy
32.4800_-0.4400,32.48,-0.44,20.12,38.71,148.5,8.4,4.3,2.15,10.16,6,Sandy
32.4800_-0.3600,32.48,-0.36,19.48,39.62,147.4,8.2,5,2.5,8.72,7.1,Sandy
32.4800_-0.2800,32.48,-0.28,19.48,39.62,147.4,8.3,3.7,1.85,11.2,4.7,Sandy
32.4800_-0.2000,32.48,-0.2,19.56,39.53,183.5,8.4,3.5,1.75,10.56,4.2,Sandy
32.4800_-0.1200,32.48,-0.12,20.07,38.91,206.1,8.3,4.4,2.2,8.48,5,Sandy
32.4800_-0.0400,32.48,-0.04,20.31,38.95,185.6,8.3,3.4,1.7,10.72,3.6,Clay
32.4800_0.0400,32.48,0.04,20.31,38.95,185.6,8.4,4.3,2.15,10.48,5.5,Sandy
32.4800_0.1200,32.48,0.12,20.17,39.51,181.9,8.3,3.9,1.95,9.6,3.5,Sandy
32.4800_0.2000,32.48,0.2,19.99,39.68,178.5,8.3,4.2,2.1,9.92,3.6,Sandy
32.4800_0.2800,32.48,0.28,19.87,39.68,162.3,8.4,5.5,2.75,10.72,4,Clay
32.4800_0.3600,32.48,0.36,19.87,39.68,162.3,8.4,4,2,10.32,3.7,Sandy
32.4800_0.4400,32.48,0.44,19.83,39.51,166.7,8.2,4.1,2.05,12.56,4,Sandy
32.4800_0.5200,32.48,0.52,19.84,39.52,143.8,8.3,3.6,1.8,10.32,3.3,Sandy
32.4800_0.6000,32.48,0.6,19.84,39.52,143.8,8.3,3.7,1.85,11.52,3.7,Sandy
32.4800_0.6800,32.48,0.68,19.88,39.55,146.7,8.3,3.5,1.75,11.28,3.2,Sandy
32.4800_0.7600,32.48,0.76,19.88,39.59,149.5,8.3,3.5,1.75,11.76,3.4,Clay
32.4800_0.8400,32.48,0.84,19.85,39.79,167.4,8.3,3.7,1.85,10.96,3.6,Sandy
32.4800_0.9200,32.48,0.92,19.85,39.79,167.4,8.3,3.3,1.65,10.88,3.8,Sandy
32.4800_1.0000,32.48,1,19.94,39.73,157.2,8.3,3.5,1.75,10.24,3.4,Sandy
32.4800_1.0800,32.48,1.08,20,39.7,142.7,8.3,3.6,1.8,10.64,3.1,Sandy
32.4800_1.1600,32.48,1.16,20.09,39.44,142.4,8.3,3.3,1.65,10.56,3.7,Sandy
32.4800_1.2400,32.48,1.24,20.09,39.44,142.4,8.3,3.7,1.85,11.52,3.5,Sandy
32.4800_1.3200,32.48,1.32,20.21,39.29,166.5,8.3,3.5,1.75,11.04,3.8,Clay
32.4800_1.4000,32.48,1.4,20.27,39.32,142.2,8.3,3.4,1.7,10.8,3.7,Sandy
32.4800_1.4800,32.48,1.48,20.31,39.19,141.9,8.3,3.1,1.55,9.84,3.7,Sandy
32.4800_1.5600,32.48,1.56,20.31,39.19,141.9,8.3,3.1,1.55,9.76,3.4,Sandy
32.4800_1.6400,32.48,1.64,20.38,39.12,137.8,8.3,3.1,1.55,12.24,3,Sandy
32.4800_1.7200,32.48,1.72,20.42,39.13,145.7,8.3,3.4,1.7,10.24,3.6,Sandy
32.4800_1.8000,32.48,1.8,20.42,39.13,145.7,8.3,3.4,1.7,10.64,3.3,Sandy
32.4800_1.8800,32.48,1.88,20.52,39.22,139.3,8.4,4,2,12.72,3.9,Clay
32.4800_1.9600,32.48,1.96,20.75,38.93,133.1,8.3,4.1,2.05,12.96,3.9,Sandy
32.4800_2.0400,32.48,2.04,20.88,38.85,159.6,8.4,3.9,1.95,11.2,3.7,Clay
32.4800_2.1200,32.48,2.12,20.88,38.85,159.6,8.4,4.3,2.15,10.72,5.3,Clay
32.4800_2.2000,32.48,2.2,20.91,38.88,127.3,8.3,4.4,2.2,10.4,4.1,Clay
32.4800_2.2800,32.48,2.28,21,38.57,125.4,8.3,4.7,2.35,11.2,3.5,Sandy
32.4800_2.3600,32.48,2.36,21.07,38.58,119.7,8.3,4.2,2.1,12.24,3.2,Sandy
32.4800_2.4400,32.48,2.44,20.92,38.79,108.5,8.3,4.5,2.25,11.2,3.8,Sandy
32.4800_2.5200,32.48,2.52,20.85,39.08,105,8.3,4.5,2.25,12.24,3.3,Sandy
32.4800_2.6000,32.48,2.6,20.82,39.23,105.1,8.3,3.9,1.95,11.2,3.3,Sandy
32.4800_2.6800,32.48,2.68,20.82,39.23,105.1,8.3,4,2,11.36,3.1,Sandy
32.4800_2.7600,32.48,2.76,20.87,39.19,100.2,8.3,3.9,1.95,12.08,3.6,Clay
32.4800_2.8400,32.48,2.84,20.92,39.01,85.1,8.3,4.5,2.25,10.48,3.4,Clay
32.4800_2.9200,32.48,2.92,20.91,38.51,91.7,8.3,4.5,2.25,11.12,3.5,Sandy
32.4800_3.0000,32.48,3,20.91,38.51,91.7,8.3,5.8,2.9,11.12,3,Sandy
32.4800_3.0800,32.48,3.08,20.69,38.75,88.2,8.3,5.3,2.65,10.96,4.3,Sandy
32.4800_3.1600,32.48,3.16,20.67,38.95,96,8.3,4.7,2.35,11.28,3.6,Sandy
32.4800_3.2400,32.48,3.24,21.1,38.13,90.2,8.3,7.7,3.85,11.04,3.8,Sandy
32.4800_3.3200,32.48,3.32,20.85,38.79,105.2,8.3,7.5,3.75,11.12,4.3,Sandy
32.4800_3.4000,32.48,3.4,21.01,38.4,102.9,8.3,4.3,2.15,11.44,3.7,Sandy
32.4800_3.4800,32.48,3.48,21.13,38.22,87.6,8.3,7.8,3.9,10.88,4.3,Sandy
32.4800_3.5600,32.48,3.56,21.62,36.99,90.8,8.3,8.1,4.05,10.72,4.1,Sandy
32.4800_3.6400,32.48,3.64,21.58,37.07,98.4,8.3,7.3,3.65,11.52,3.9,Sandy
32.4800_3.7200,32.48,3.72,21.97,36.65,96.4,8.3,6.3,3.15,10.88,4.8,Sandy
32.4800_3.8000,32.48,3.8,22.22,36.75,83.4,8.2,4.2,2.1,11.28,3.4,Sandy
32.4800_3.8800,32.48,3.88,22.05,37.12,96.6,8.2,4.2,2.1,10.32,3.4,Sandy
32.4800_3.9600,32.48,3.96,22.19,37.1,90.9,8.3,4.1,2.05,11.2,4,Sandy
32.4800_4.0400,32.48,4.04,22.4,36.99,105,8.3,4.6,2.3,12,3.7,Sandy
32.4800_4.1200,32.48,4.12,22.64,36.75,104,8.3,5.7,2.85,10.96,3.6,Silt
32.4800_4.2000,32.48,4.2,22.51,37.13,107.7,8.3,7.5,3.75,10.96,3.8,Silt
32.4800_4.2800,32.48,4.28,22.58,37.2,105,8.3,5.2,2.6,10.72,3.9,Sandy
32.4800_4.3600,32.48,4.36,22.66,37.17,97,8.3,4.6,2.3,11.12,3.7,Sandy
32.4800_4.4400,32.48,4.44,22.82,37,120.3,8.3,7.4,3.7,10.88,3.9,Silt
32.4800_4.5200,32.48,4.52,22.68,37.31,128.8,8.4,7.8,3.9,10.32,4,Silt
32.4800_4.6000,32.48,4.6,22.69,37.51,117.3,8.4,8.7,4.35,10.96,4.4,Sandy
32.4800_4.6800,32.48,4.68,22.85,37.35,105.9,8.3,8.3,4.15,10.56,3.9,Clay
32.4800_4.7600,32.48,4.76,22.72,37.78,88.8,8.3,8.1,4.05,10.72,3.8,Clay
32.4800_4.8400,32.48,4.84,22.84,37.61,82.7,8.4,8.2,4.1,10.8,4,Clay
32.4800_4.9200,32.48,4.92,22.94,37.66,93.5,8.3,5.3,2.65,11.36,3.7,Sandy
32.4800_5.0000,32.48,5,23.03,37.52,85.6,8.3,5.4,2.7,10.8,4.1,Sandy
32.4800_5.0800,32.48,5.08,22.99,37.61,93,8.4,6,3,11.12,4.1,Sandy
32.4800_5.1600,32.48,5.16,23.06,37.52,93.4,8.3,5.4,2.7,11.52,4.2,Sandy
32.4800_5.2400,32.48,5.24,23.24,37.41,74.4,8.3,5,2.5,11.84,3.5,Sandy
32.4800_5.3200,32.48,5.32,23.54,36.97,53.7,8.3,5.6,2.8,11.92,3.7,Sandy
32.4800_5.4000,32.48,5.4,23.4,37.36,72.8,8.3,7.5,3.75,11.04,5.6,Sandy
32.4800_5.4800,32.48,5.48,23.47,37.54,62.9,8.3,7.1,3.55,11.28,3.2,Sandy
32.4800_5.5600,32.48,5.56,23.64,37.16,66.1,8.3,7.4,3.7,11.68,3.1,Clay
32.4800_5.6400,32.48,5.64,23.59,37.37,74,8.2,7.6,3.8,11.52,3.4,Clay
32.4800_5.7200,32.48,5.72,23.53,37.67,79.4,8.3,10.5,5.25,10.24,3.4,Sandy
32.4800_5.8000,32.48,5.8,23.42,37.97,81,8.3,10.5,5.25,10.48,3.3,Sandy
32.4800_5.8800,32.48,5.88,23.29,38.16,65,8.3,10.8,5.4,11.2,3.7,Sandy
32.4800_5.9600,32.48,5.96,23.29,38.4,60.5,8.2,11.1,5.55,11.28,3.7,Clay
32.4800_6.0400,32.48,6.04,23.26,38.64,66.3,8.2,11,5.5,10.08,3.8,Sandy
32.4800_6.1200,32.48,6.12,23.22,38.98,86.7,8.1,10.3,5.15,10.64,3.6,Sandy
32.4800_6.2000,32.48,6.2,23.22,38.99,85.7,8.2,10.3,5.15,11.44,4.6,Clay
32.4800_6.2800,32.48,6.28,23.16,39.31,88.2,8.1,9.8,4.9,11.52,3.3,Clay
32.4800_6.3600,32.48,6.36,23.12,39.43,84.7,8.1,10.4,5.2,11.52,3.3,Clay
32.4800_6.4400,32.48,6.44,23.06,39.7,94.3,8.1,10.4,5.2,10.8,3.8,Sandy
32.4800_6.5200,32.48,6.52,23.07,39.61,65.8,8,7.2,3.6,11.2,4,Sandy
32.4800_6.6000,32.48,6.6,23,39.95,64.6,8.1,7.1,3.55,11.04,3.4,Sandy
32.4800_6.6800,32.48,6.68,23.04,39.88,54.6,8,7.2,3.6,9.76,3.5,Clay
32.4800_6.7600,32.48,6.76,23.04,39.81,68.7,8,6.9,3.45,10.88,3.6,Sandy
32.4800_6.8400,32.48,6.84,23.01,40.02,61.5,8,7.1,3.55,11.36,3.8,Clay
32.4800_6.9200,32.48,6.92,22.93,40.29,74.6,8,7.2,3.6,11.2,3.3,Sandy
32.4800_7.0000,32.48,7,22.86,40.56,67.6,8,7.2,3.6,10.32,3.6,Sandy
32.4800_7.0800,32.48,7.08,22.94,40.35,62.9,8,9.8,4.9,10.56,3.3,Clay
32.4800_7.1600,32.48,7.16,22.83,40.57,63.7,8,9.8,4.9,11.28,3.6,Clay
32.4800_7.2400,32.48,7.24,22.94,40.86,76.8,8.1,10.3,5.15,11.28,3.4,Clay
32.4800_7.3200,32.48,7.32,22.74,41.03,83.9,8,10.2,5.1,10.72,3.5,Clay
32.4800_7.4000,32.48,7.4,22.81,40.66,60.4,8.1,9.8,4.9,10.56,3.3,Clay
32.4800_7.4800,32.48,7.48,22.75,41.01,64.8,8.1,10,5,11.44,3.4,Sandy
32.4800_7.5600,32.48,7.56,22.78,40.96,53.1,8.1,10.1,5.05,12.24,3.3,Silt
32.4800_7.6400,32.48,7.64,22.83,40.76,44.9,8.1,7.6,3.8,12.4,3.3,Clay
32.4800_7.7200,32.48,7.72,22.79,40.94,46.7,8,10.1,5.05,13.44,3.4,Silt
32.4800_7.8000,32.48,7.8,22.76,41.19,39.9,8.1,7.1,3.55,12,3.5,Silt
32.4800_7.8800,32.48,7.88,22.73,41.34,48,8,4.1,2.05,12,3.5,Silt
32.4800_7.9600,32.48,7.96,22.73,41.32,69.5,8,8,4,12.16,3.2,Silt
32.4800_8.0400,32.48,8.04,22.67,41.61,61.8,8,4.4,2.2,12.64,3.3,Silt
32.4800_8.1200,32.48,8.12,22.63,41.86,60.9,8.1,4.2,2.1,12.64,3.3,Silt
32.4800_8.2000,32.48,8.2,22.62,41.91,65.1,8.1,4.1,2.05,12.72,3.4,Clay
32.4800_8.2800,32.48,8.28,22.65,41.72,53.9,8.2,4.1,2.05,13.04,3.3,Sandy
32.4800_8.3600,32.48,8.36,22.6,42.13,56.4,8.2,5.8,2.9,12.8,4.2,Clay
32.4800_8.4400,32.48,8.44,22.55,42.3,72.4,8.1,4.5,2.25,13.28,3.3,Sandy
32.4800_8.5200,32.48,8.52,22.56,42.22,58.4,8.2,4.3,2.15,12.48,2.8,Clay
32.4800_8.6000,32.48,8.6,22.51,42.36,50.9,8.2,5,2.5,12.48,3.6,Clay
32.4800_8.6800,32.48,8.68,22.46,42.64,57.8,8.2,5.3,2.65,11.92,3.1,Silt
32.5600_-2.2000,32.56,-2.2,18.72,40.92,210.8,8.1,4.8,2.4,11.28,4.5,Sandy
32.5600_-2.1200,32.56,-2.12,17.83,42.71,197.7,8.2,4.9,2.45,10,4.8,Sandy
32.5600_-2.0400,32.56,-2.04,17.83,42.71,197.7,8.1,5,2.5,9.36,5.6,Sandy
32.5600_-1.9600,32.56,-1.96,17.58,42.96,193,8.1,5.6,2.8,10.24,6.1,Sandy
32.5600_-1.8800,32.56,-1.88,16.23,43.51,172.1,8.1,7.8,3.9,10.48,9.9,Sandy
32.5600_-1.8000,32.56,-1.8,17.32,43.49,185.3,8.1,7.5,3.75,9.36,8.5,Sandy
32.5600_-1.7200,32.56,-1.72,17.32,43.49,185.3,8.2,4.6,2.3,10.08,7,Sandy
32.5600_-1.6400,32.56,-1.64,17.39,43.57,177.5,8.2,4.4,2.2,8.8,5.3,Sandy
32.5600_-1.5600,32.56,-1.56,17.26,43.61,169.7,8.2,4.3,2.15,8.16,8.2,Sandy
32.5600_-1.4800,32.56,-1.48,17.26,43.61,169.7,8.2,4.1,2.05,7.92,7.6,Sandy
32.5600_-1.4000,32.56,-1.4,17.35,43.03,196.1,8.2,4.6,2.3,8.64,5.2,Sandy
32.5600_-1.3200,32.56,-1.32,16.72,41.83,191.7,8.2,5.6,2.8,10.72,6.4,Sandy
32.5600_-1.2400,32.56,-1.24,16.94,41.92,192.2,8.3,5.5,2.75,10.72,5.9,Sandy
32.5600_-1.1600,32.56,-1.16,17.73,42.09,192.2,8.3,5.3,2.65,9.44,5.9,Sandy
32.5600_-1.0800,32.56,-1.08,17.35,42.18,195.8,8.1,5.8,2.9,11.84,6.9,Sandy
32.5600_-1.0000,32.56,-1,16.98,42.78,195.2,8.2,5.5,2.75,11.04,5.5,Sandy
32.5600_-0.9200,32.56,-0.92,17.58,43.69,189.8,8.3,4.9,2.45,11.28,5.2,Sandy
32.5600_-0.8400,32.56,-0.84,16.77,43.54,189.8,8.2,5.5,2.75,11.12,6.3,Sandy
32.5600_-0.7600,32.56,-0.76,13.09,42.83,194.7,7.9,12.6,6.3,10.08,27.4,Sandy
32.5600_-0.6800,32.56,-0.68,16.93,43.68,223.2,8.1,6.5,3.25,7.52,7.6,Sandy
32.5600_-0.6000,32.56,-0.6,18.67,40.47,197.9,8.3,4.9,2.45,9.92,5,Sandy
32.5600_-0.5200,32.56,-0.52,19.62,40.72,197.9,8.3,5.7,2.85,7.76,5.5,Sandy
32.5600_-0.4400,32.56,-0.44,19.95,39.67,161.1,8.3,4.8,2.4,10,7.6,Sandy
32.5600_-0.3600,32.56,-0.36,17.62,40.77,179.4,8.1,9.5,4.75,8.16,7.9,Sandy
32.5600_-0.2800,32.56,-0.28,18.82,41.05,179.4,8.3,4.8,2.4,9.6,4.6,Sandy
32.5600_-0.2000,32.56,-0.2,19.81,40.67,167.1,8.3,3.9,1.95,10.24,3.9,Sandy
32.5600_-0.1200,32.56,-0.12,19.81,39.17,182.3,8.3,4,2,10.24,4.2,Sandy
32.5600_-0.0400,32.56,-0.04,20.31,38.79,176.4,8.3,4.1,2.05,8.8,4.6,Sandy
32.5600_0.0400,32.56,0.04,20.31,38.79,176.4,8.3,3.8,1.9,10.08,6.1,Sandy
32.5600_0.1200,32.56,0.12,20.23,39.33,183.8,8.3,3.8,1.9,8.96,5.8,Sandy
32.5600_0.2000,32.56,0.2,19.95,39.68,167.8,8.2,3.8,1.9,8.64,3,Sandy
32.5600_0.2800,32.56,0.28,19.7,40.05,169.5,8.4,5.3,2.65,8.88,3.8,Sandy
32.5600_0.3600,32.56,0.36,19.7,40.05,169.5,8.3,4.1,2.05,9.84,3.3,Sandy
32.5600_0.4400,32.56,0.44,19.63,40.1,180.7,8.3,4.1,2.05,11.36,3.6,Sandy
32.5600_0.5200,32.56,0.52,19.66,39.93,163,8.3,3.8,1.9,11.12,4.7,Sandy
32.5600_0.6000,32.56,0.6,19.66,39.93,163,8.3,3.6,1.8,10.8,4,Sandy
32.5600_0.6800,32.56,0.68,19.71,39.98,156.3,8.3,3.7,1.85,12.64,3.5,Clay
32.5600_0.7600,32.56,0.76,19.72,40.13,163.9,8.3,4,2,12.72,5.5,Sandy
32.5600_0.8400,32.56,0.84,19.72,40.28,156.5,8.3,3.6,1.8,12.96,3.8,Sandy
32.5600_0.9200,32.56,0.92,19.72,40.28,156.5,8.4,4,2,11.68,3.7,Clay
32.5600_1.0000,32.56,1,19.78,40.17,162,8.4,4.1,2.05,12.48,3.7,Sandy
32.5600_1.0800,32.56,1.08,19.79,40.09,152.4,8.3,3.4,1.7,10.96,4.3,Sandy
32.5600_1.1600,32.56,1.16,19.85,39.91,151.5,8.3,3.1,1.55,9.36,3.5,Sandy
32.5600_1.2400,32.56,1.24,19.85,39.91,151.5,8.3,3.3,1.65,10.56,3.2,Sandy
32.5600_1.3200,32.56,1.32,19.99,39.63,162.1,8.3,3.6,1.8,11.2,3.4,Sandy
32.5600_1.4000,32.56,1.4,20.13,39.48,145.2,8.3,3.5,1.75,10,3.4,Sandy
32.5600_1.4800,32.56,1.48,20.18,39.49,145.1,8.3,3.5,1.75,9.68,3.6,Sandy
32.5600_1.5600,32.56,1.56,20.18,39.49,145.1,8.2,3.2,1.6,9.6,3.2,Sandy
32.5600_1.6400,32.56,1.64,20.24,39.51,145,8.3,3.6,1.8,8.8,3.4,Sandy
32.5600_1.7200,32.56,1.72,20.29,39.45,156.4,8.4,3.5,1.75,9.68,3.3,Sandy
32.5600_1.8000,32.56,1.8,20.29,39.45,156.4,8.4,3.1,1.55,10.64,4.2,Sandy
32.5600_1.8800,32.56,1.88,20.46,39.48,146.3,8.4,3.8,1.9,11.36,3.8,Sandy
32.5600_1.9600,32.56,1.96,20.58,39.33,136.2,8.4,3.7,1.85,11.12,4.2,Clay
32.5600_2.0400,32.56,2.04,20.69,39.1,138.3,8.4,4.2,2.1,11.12,4.1,Sandy
32.5600_2.1200,32.56,2.12,20.69,39.1,138.3,8.3,4.4,2.2,10.24,3.8,Sandy
32.5600_2.2000,32.56,2.2,20.75,39.02,143.7,8.4,3.6,1.8,10.08,3.6,Sandy
32.5600_2.2800,32.56,2.28,20.8,39.02,136.4,8.4,4,2,10.56,3.2,Clay
32.5600_2.3600,32.56,2.36,20.75,39.14,112.3,8.3,3.6,1.8,12,3.8,Silt
32.5600_2.4400,32.56,2.44,20.75,39.14,112.3,8.3,3.7,1.85,10.32,3.5,Sandy
32.5600_2.5200,32.56,2.52,20.72,39.18,109.8,8.4,5.3,2.65,11.28,3.8,Sandy
32.5600_2.6000,32.56,2.6,20.72,39.35,110.3,8.3,4.6,2.3,10.72,3.4,Sandy
32.5600_2.6800,32.56,2.68,20.72,39.35,110.3,8.3,5.2,2.6,10.8,3.7,Sandy
32.5600_2.7600,32.56,2.76,20.77,39.35,105.4,8.3,4.8,2.4,10.72,3.6,Sandy
32.5600_2.8400,32.56,2.84,20.72,39.31,95.9,8.4,4.9,2.45,11.2,3.5,Sandy
32.5600_2.9200,32.56,2.92,20.6,39.25,90.2,8.3,4.8,2.4,11.44,3.5,Sandy
32.5600_3.0000,32.56,3,20.6,39.25,90.2,8.3,4.2,2.1,11.12,4,Sandy
32.5600_3.0800,32.56,3.08,20.46,39.33,89.2,8.4,5.1,2.55,10,4,Sandy
32.5600_3.1600,32.56,3.16,20.55,39.4,105.3,8.3,4.6,2.3,10,3.9,Sandy
32.5600_3.2400,32.56,3.24,20.69,39.28,123.2,8.3,4.3,2.15,10.4,3.3,Sandy
32.5600_3.3200,32.56,3.32,20.69,39.28,123.2,8.4,4.8,2.4,10.72,3.7,Sandy
32.5600_3.4000,32.56,3.4,20.86,38.96,115.7,8.3,7.7,3.85,12.16,3.8,Sandy
32.5600_3.4800,32.56,3.48,21.05,38.55,96.2,8.3,9.3,4.65,10.96,4.8,Sandy
32.5600_3.5600,32.56,3.56,21.05,38.55,96.2,8.4,7.3,3.65,10.64,4.3,Sandy
32.5600_3.6400,32.56,3.64,21.32,38.18,99.9,8.3,5.7,2.85,10.56,4.6,Clay
32.5600_3.7200,32.56,3.72,21.6,37.76,91.9,8.3,7.4,3.7,10.8,3.8,Sandy
32.5600_3.8000,32.56,3.8,21.83,37.59,99.2,8.3,3.8,1.9,10.32,3.2,Sandy
32.5600_3.8800,32.56,3.88,21.83,37.59,99.2,8.3,4.5,2.25,10.4,4.1,Sandy
32.5600_3.9600,32.56,3.96,22.06,37.38,106.3,8.3,4.1,2.05,10.48,3.7,Sandy
32.5600_4.0400,32.56,4.04,22.31,37.22,109.4,8.3,4.1,2.05,9.84,3.7,Sandy
32.5600_4.1200,32.56,4.12,22.41,37.33,105.5,8.3,4,2,10.08,3.5,Sandy
32.5600_4.2000,32.56,4.2,22.41,37.33,105.5,8.3,4.2,2.1,10.16,4,Sandy
32.5600_4.2800,32.56,4.28,22.46,37.5,105.8,8.3,4.5,2.25,10.88,3.7,Sandy
32.5600_4.3600,32.56,4.36,22.5,37.65,107.3,8.3,4.4,2.2,10.72,3.6,Sandy
32.5600_4.4400,32.56,4.44,22.58,37.59,116.4,8.4,7.9,3.95,10.88,4.8,Clay
32.5600_4.5200,32.56,4.52,22.58,37.59,116.4,8.4,5.7,2.85,11.12,4.4,Sandy
32.5600_4.6000,32.56,4.6,22.59,37.82,97.3,8.4,5.6,2.8,10,3.8,Sandy
32.5600_4.6800,32.56,4.68,22.64,38.05,88.3,8.4,6,3,10.48,4.3,Sandy
32.5600_4.7600,32.56,4.76,22.64,38.05,88.3,8.4,6.1,3.05,11.36,4.3,Sandy
32.5600_4.8400,32.56,4.84,22.78,37.8,93.7,8.4,5,2.5,10.8,4,Sandy
32.5600_4.9200,32.56,4.92,22.88,37.77,79.9,8.3,5.8,2.9,12.16,4.4,Sandy
32.5600_5.0000,32.56,5,22.94,37.8,78.7,8.3,5.7,2.85,11.6,4,Sandy
32.5600_5.0800,32.56,5.08,22.94,37.8,78.7,8.3,5.9,2.95,12.24,4.6,Sandy
32.5600_5.1600,32.56,5.16,23.05,37.64,86.7,8.4,6.3,3.15,10.48,3.9,Sandy
32.5600_5.2400,32.56,5.24,23.19,37.65,76.2,8.3,5.6,2.8,11.76,4.1,Sandy
32.5600_5.3200,32.56,5.32,23.34,37.64,74.5,8.3,5.9,2.95,10.8,3.5,Sandy
32.5600_5.4000,32.56,5.4,23.34,37.64,74.5,8.3,4.9,2.45,11.2,3.3,Sandy
32.5600_5.4800,32.56,5.48,23.41,37.71,85.8,8.3,7.9,3.95,11.12,3.5,Sandy
32.5600_5.5600,32.56,5.56,23.41,37.98,90.7,8.3,7.7,3.85,11.2,3.1,Sandy
32.5600_5.6400,32.56,5.64,23.41,37.98,90.7,8.3,8,4,10.88,3.3,Sandy
32.5600_5.7200,32.56,5.72,23.48,38.05,91.5,8.3,10.7,5.35,10.64,3.1,Sandy
32.5600_5.8000,32.56,5.8,23.41,38.24,102.6,8.3,10.5,5.25,11.28,4.2,Sandy
32.5600_5.8800,32.56,5.88,23.28,38.58,81.1,8.2,11.3,5.65,10.4,3.6,Clay
32.5600_5.9600,32.56,5.96,23.28,38.58,81.1,8.2,11,5.5,11.04,3.8,Sandy
32.5600_6.0400,32.56,6.04,23.22,38.85,66.9,8.2,10.6,5.3,11.36,4,Clay
32.5600_6.1200,32.56,6.12,23.17,39.23,84.5,8.2,10,5,11.36,3.6,Clay
32.5600_6.2000,32.56,6.2,23.11,39.62,89.3,8.2,10.7,5.35,12.08,4.2,Clay
32.5600_6.2800,32.56,6.28,23.11,39.62,89.3,8.1,10.3,5.15,11.76,3.5,Sandy
32.5600_6.3600,32.56,6.36,23.01,40.05,82.5,8.2,10.8,5.4,11.76,3.8,Sandy
32.5600_6.4400,32.56,6.44,22.93,40.26,93.9,8.1,10.3,5.15,10.96,3.9,Sandy
32.5600_6.5200,32.56,6.52,22.93,40.26,93.9,8,10.5,5.25,10.88,3.9,Sandy
32.5600_6.6000,32.56,6.6,22.89,40.53,63.2,8.1,10.2,5.1,11.04,4,Sandy
32.5600_6.6800,32.56,6.68,22.94,40.4,57.8,8.1,10.3,5.15,10.88,3.5,Sandy
32.5600_6.7600,32.56,6.76,22.93,40.42,55.1,8.1,7.4,3.7,10.08,3.8,Clay
32.5600_6.8400,32.56,6.84,22.93,40.42,55.1,8,7.2,3.6,10.56,3.4,Sandy
32.5600_6.9200,32.56,6.92,22.85,40.67,63.2,8,6.8,3.4,11.84,4.2,Sandy
32.5600_7.0000,32.56,7,22.77,40.72,68.3,8,6.9,3.45,10.16,4.1,Sandy
32.5600_7.0800,32.56,7.08,22.77,40.86,67.8,8,10.3,5.15,11.04,3.3,Sandy
32.5600_7.1600,32.56,7.16,22.77,40.86,67.8,8.1,9.5,4.75,10.32,3.3,Sandy
32.5600_7.2400,32.56,7.24,22.73,41.05,65.4,8,10.3,5.15,10.4,3.8,Sandy
32.5600_7.3200,32.56,7.32,22.7,41.24,66.9,8,10.4,5.2,11.2,3.2,Clay
32.5600_7.4000,32.56,7.4,22.7,41.24,71.7,8.1,10.3,5.15,10.48,3.5,Clay
32.5600_7.4800,32.56,7.48,22.7,41.24,71.7,8.1,10,5,11.92,3.5,Clay
32.5600_7.5600,32.56,7.56,22.71,41.37,61.8,8.1,7.7,3.85,10.8,3.7,Silt
32.5600_7.6400,32.56,7.64,22.7,41.49,57.6,8.1,7.3,3.65,10.96,3.6,Clay
32.5600_7.7200,32.56,7.72,22.7,41.49,57.6,8.1,7.1,3.55,12.32,3.3,Silt
32.5600_7.8000,32.56,7.8,22.7,41.5,50.8,8.1,4.1,2.05,11.76,3.7,Silt
32.5600_7.8800,32.56,7.88,22.7,41.52,57.5,8.1,3.9,1.95,12.8,3.3,Silt
32.5600_7.9600,32.56,7.96,22.65,41.84,53.4,8,4.2,2.1,13.44,3.8,Silt
32.5600_8.0400,32.56,8.04,22.65,41.84,53.4,8,4.5,2.25,12.48,4.1,Silt
32.5600_8.1200,32.56,8.12,22.62,42.05,42.5,8.1,4.2,2.1,11.68,3.3,Silt
32.5600_8.2000,32.56,8.2,22.58,42.23,58.5,8.1,4.4,2.2,12,3.6,Silt
32.5600_8.2800,32.56,8.28,22.54,42.45,58.3,8.1,4.5,2.25,12.72,3.5,Silt
32.5600_8.3600,32.56,8.36,22.54,42.45,58.3,8.2,4.9,2.45,13.04,4.1,Clay
32.5600_8.4400,32.56,8.44,22.5,42.65,65.4,8,4.3,2.15,12.08,3.8,Sandy
32.5600_8.5200,32.56,8.52,22.47,42.79,68.9,8.2,6.6,3.3,12.56,4.8,Sandy
32.5600_8.6000,32.56,8.6,22.47,42.79,68.9,8.2,5.7,2.85,12.4,4,Clay
32.5600_8.6800,32.56,8.68,22.42,42.94,65.6,8.2,5.1,2.55,12.16,3.5,Silt
32.6400_-2.2000,32.64,-2.2,17.11,43.1,193.5,8,5.3,2.65,12.48,6.8,Sandy
32.6400_-2.1200,32.64,-2.12,17.22,43.72,181.1,8.1,4.7,2.35,12.24,5.1,Sandy
32.6400_-2.0400,32.64,-2.04,17.22,43.72,181.1,8.1,4.7,2.35,9.44,5.5,Sandy
32.6400_-1.9600,32.64,-1.96,17.09,44.46,190.6,8.1,5.3,2.65,10.88,6.7,Sandy
32.6400_-1.8800,32.64,-1.88,16.95,44.7,186.3,8.1,4.8,2.4,10.8,5.8,Sandy
32.6400_-1.8000,32.64,-1.8,17.12,44.55,185,8.1,5.8,2.9,11.6,6.1,Sandy
32.6400_-1.7200,32.64,-1.72,17.12,44.55,185,8.2,5.6,2.8,10.8,6.6,Sandy
32.6400_-1.6400,32.64,-1.64,17.33,43.81,195.5,8.2,4.9,2.45,10.56,6.2,Sandy
32.6400_-1.5600,32.64,-1.56,17.09,43.68,188.6,8.2,4.1,2.05,9.2,6.1,Sandy
32.6400_-1.4800,32.64,-1.48,16.76,43.68,210.5,8.2,4.4,2.2,9.04,5.8,Sandy
32.6400_-1.4000,32.64,-1.4,16.76,43.68,210.5,8.2,6,3,10.4,6.2,Sandy
32.6400_-1.3200,32.64,-1.32,16.71,43.6,218.5,8.2,4.8,2.4,10.56,6.1,Sandy
32.6400_-1.2400,32.64,-1.24,17.18,43.47,217.6,8.2,5,2.5,10.4,5.7,Sandy
32.6400_-1.1600,32.64,-1.16,17.18,43.47,217.6,8.2,4.2,2.1,9.2,5.5,Sandy
32.6400_-1.0800,32.64,-1.08,17.22,43.08,210.3,8.2,4.8,2.4,10.96,5.3,Sandy
32.6400_-1.0000,32.64,-1,17.05,43.22,202.9,8.2,5.1,2.55,12.24,5.5,Sandy
32.6400_-0.9200,32.64,-0.92,17.05,43.57,189.1,8.1,6.3,3.15,11.36,7.7,Sandy
32.6400_-0.8400,32.64,-0.84,17.79,43.7,189.1,8.3,4.5,2.25,10.24,7.1,Sandy
32.6400_-0.7600,32.64,-0.76,18.05,44.19,171.8,8.3,4.8,2.4,11.04,4.7,Sandy
32.6400_-0.6800,32.64,-0.68,16.96,44.46,202.4,8.2,5,2.5,9.12,6.5,Sandy
32.6400_-0.6000,32.64,-0.6,13.51,41.99,226.2,8,11.1,5.55,9.36,29.8,Sandy
32.6400_-0.5200,32.64,-0.52,16.32,42.63,226.2,8.1,8.3,4.15,10.24,8.5,Sandy
32.6400_-0.4400,32.64,-0.44,15.78,41.23,214.9,8.1,9.6,4.8,9.84,10.1,Sandy
32.6400_-0.3600,32.64,-0.36,19.36,42.66,178.8,8.4,4.9,2.45,9.76,5.5,Sandy
32.6400_-0.2800,32.64,-0.28,18.3,42.37,178.8,8.2,5.7,2.85,8.96,5.9,Sandy
32.6400_-0.2000,32.64,-0.2,18.69,41.33,178.9,8.2,6.1,3.05,11.6,6,Sandy
32.6400_-0.1200,32.64,-0.12,19.25,40.08,189.5,8.3,4.8,2.4,9.92,4.6,Sandy
32.6400_-0.0400,32.64,-0.04,19.87,39.42,159.4,8.4,4.3,2.15,9.44,4.1,Sandy
32.6400_0.0400,32.64,0.04,19.87,39.42,159.4,8.3,4.2,2.1,10.24,4.6,Clay
32.6400_0.1200,32.64,0.12,19.99,39.58,145.4,8.3,4.4,2.2,9.12,3.8,Sandy
32.6400_0.2000,32.64,0.2,19.81,40.03,156.5,8.4,5.3,2.65,9.68,6.7,Sandy
32.6400_0.2800,32.64,0.28,19.59,40.45,173.9,8.3,5.4,2.7,9.2,6.5,Sandy
32.6400_0.3600,32.64,0.36,19.59,40.45,173.9,8.3,3.8,1.9,10.96,4.2,Sandy
32.6400_0.4400,32.64,0.44,19.45,40.73,178.4,8.3,4.1,2.05,10.64,4,Sandy
32.6400_0.5200,32.64,0.52,19.4,40.71,163,8.3,3.5,1.75,11.2,4.5,Sandy
32.6400_0.6000,32.64,0.6,19.4,40.71,163,8.3,3.4,1.7,11.36,4.6,Sandy
32.6400_0.6800,32.64,0.68,19.44,40.81,147,8.4,3.7,1.85,12.4,4.2,Clay
32.6400_0.7600,32.64,0.76,19.49,40.87,140.2,8.4,3.8,1.9,11.36,4.1,Sandy
32.6400_0.8400,32.64,0.84,19.56,40.77,173.3,8.3,4.3,2.15,11.44,4.8,Sandy
32.6400_0.9200,32.64,0.92,19.56,40.77,173.3,8.4,3.8,1.9,12,3.8,Sandy
32.6400_1.0000,32.64,1,19.63,40.61,182.1,8.4,4.2,2.1,10.64,3.3,Sandy
32.6400_1.0800,32.64,1.08,19.65,40.47,168.4,8.4,3.4,1.7,10.56,3.4,Sandy
32.6400_1.1600,32.64,1.16,19.65,40.37,154.4,8.3,3.2,1.6,10.64,3.9,Sandy
32.6400_1.2400,32.64,1.24,19.65,40.37,154.4,8.3,3.8,1.9,10.32,3.4,Sandy
32.6400_1.3200,32.64,1.32,19.81,40.13,165.9,8.3,3.6,1.8,10.08,3.4,Sandy
32.6400_1.4000,32.64,1.4,20.02,39.88,153.7,8.3,3.7,1.85,8.96,3.7,Clay
32.6400_1.4800,32.64,1.48,20.02,39.88,153.7,8.4,3.8,1.9,10.72,3.4,Sandy
32.6400_1.5600,32.64,1.56,20.09,39.69,163.7,8.3,3.4,1.7,9.68,3.1,Sandy
32.6400_1.6400,32.64,1.64,20.07,40.01,187.9,8.3,3.9,1.95,9.04,3.4,Sandy
32.6400_1.7200,32.64,1.72,20.13,39.65,155.4,8.3,3.3,1.65,10,3.7,Sandy
32.6400_1.8000,32.64,1.8,20.13,39.65,155.4,8.4,3.7,1.85,11.52,3.5,Sandy
32.6400_1.8800,32.64,1.88,20.3,39.74,163.4,8.4,3.5,1.75,11.2,3.5,Sandy
32.6400_1.9600,32.64,1.96,20.35,39.8,139.7,8.4,3.6,1.8,10.08,3.6,Sandy
32.6400_2.0400,32.64,2.04,20.42,39.69,152.7,8.4,3.7,1.85,9.52,3.5,Sandy
32.6400_2.1200,32.64,2.12,20.42,39.69,152.7,8.4,4.2,2.1,10.16,3.3,Sandy
32.6400_2.2000,32.64,2.2,20.51,39.58,131.9,8.4,4,2,9.44,3.8,Sandy
32.6400_2.2800,32.64,2.28,20.56,39.52,103.9,8.4,4.6,2.3,10,4,Sandy
32.6400_2.3600,32.64,2.36,20.56,39.43,107.7,8.3,4,2,9.2,4.5,Sandy
32.6400_2.4400,32.64,2.44,20.56,39.43,107.7,8.3,3.9,1.95,9.68,3.4,Sandy
32.6400_2.5200,32.64,2.52,20.53,39.58,106.3,8.4,4.3,2.15,9.44,3.5,Sandy
32.6400_2.6000,32.64,2.6,20.54,39.71,127.3,8.4,4.2,2.1,9.68,3.5,Sandy
32.6400_2.6800,32.64,2.68,20.54,39.71,127.3,8.4,4,2,9.36,3.7,Sandy
32.6400_2.7600,32.64,2.76,20.55,39.88,103.6,8.4,4.4,2.2,10.16,3.6,Sandy
32.6400_2.8400,32.64,2.84,20.46,39.87,90.9,8.4,4.1,2.05,10.64,4.3,Sandy
32.6400_2.9200,32.64,2.92,20.36,39.79,98.9,8.4,4.1,2.05,10,3,Sandy
32.6400_3.0000,32.64,3,20.36,39.79,98.9,8.4,4.5,2.25,10.24,3.3,Sandy
32.6400_3.0800,32.64,3.08,20.32,39.8,93.9,8.4,4.7,2.35,9.2,3.4,Sandy
32.6400_3.1600,32.64,3.16,20.44,39.6,98.1,8.4,4.7,2.35,10,3.8,Sandy
32.6400_3.2400,32.64,3.24,20.57,39.45,117.7,8.4,5.3,2.65,11.76,3.3,Sandy
32.6400_3.3200,32.64,3.32,20.57,39.45,117.7,8.4,7.5,3.75,10.24,4.8,Sandy
32.6400_3.4000,32.64,3.4,20.74,39.09,125.6,8.4,7.4,3.7,9.92,3.7,Sandy
32.6400_3.4800,32.64,3.48,20.94,38.8,107.4,8.3,7.2,3.6,10.32,3.4,Sandy
32.6400_3.5600,32.64,3.56,20.94,38.8,107.4,8.3,7.2,3.6,10.72,4,Sandy
32.6400_3.6400,32.64,3.64,21.13,38.67,105.8,8.4,6.9,3.45,10.56,3.8,Sandy
32.6400_3.7200,32.64,3.72,21.36,38.31,118.8,8.3,4.7,2.35,10.8,3.5,Sandy
32.6400_3.8000,32.64,3.8,21.67,37.98,146.9,8.3,4.9,2.45,10.88,4,Sandy
32.6400_3.8800,32.64,3.88,21.67,37.98,146.9,8.3,4,2,11.2,3.6,Sandy
32.6400_3.9600,32.64,3.96,21.95,37.75,120.2,8.3,3.6,1.8,9.76,3.7,Clay
32.6400_4.0400,32.64,4.04,22.2,37.59,105.4,8.3,4.3,2.15,10.16,3.7,Sandy
32.6400_4.1200,32.64,4.12,22.33,37.55,109.8,8.3,4.7,2.35,11.2,3.7,Sandy
32.6400_4.2000,32.64,4.2,22.33,37.55,109.8,8.3,3.9,1.95,10.64,3.7,Clay
32.6400_4.2800,32.64,4.28,22.38,37.81,112.5,8.3,4.5,2.25,11.2,4.1,Sandy
32.6400_4.3600,32.64,4.36,22.46,37.85,140.4,8.3,4.3,2.15,10.56,3.7,Clay
32.6400_4.4400,32.64,4.44,22.46,37.85,140.4,8.4,5,2.5,10.88,4,Clay
32.6400_4.5200,32.64,4.52,22.52,37.9,120.2,8.4,5.2,2.6,10.8,4.3,Sandy
32.6400_4.6000,32.64,4.6,22.57,37.97,83.5,8.4,5.6,2.8,10.64,3.7,Sandy
32.6400_4.6800,32.64,4.68,22.62,38.1,71.1,8.4,8.7,4.35,10.72,4.2,Clay
32.6400_4.7600,32.64,4.76,22.62,38.1,71.1,8.4,8.2,4.1,10.56,4,Sandy
32.6400_4.8400,32.64,4.84,22.73,37.9,83.1,8.4,6.6,3.3,10.64,4,Sandy
32.6400_4.9200,32.64,4.92,22.84,37.8,88.2,8.4,6.1,3.05,10.64,4.5,Sandy
32.6400_5.0000,32.64,5,22.91,37.91,70.8,8.4,7.1,3.55,11.52,4.1,Sandy
32.6400_5.0800,32.64,5.08,22.91,37.91,70.8,8.3,5,2.5,10.88,3.9,Sandy
32.6400_5.1600,32.64,5.16,22.99,37.88,80.5,8.4,3.8,1.9,10.88,3.5,Sandy
32.6400_5.2400,32.64,5.24,23.19,37.79,89.5,8.3,5.8,2.9,10.56,4.3,Sandy
32.6400_5.3200,32.64,5.32,23.19,37.79,89.5,8.4,5.3,2.65,11.04,3.4,Sandy
32.6400_5.4000,32.64,5.4,23.34,37.8,78.2,8.4,4.1,2.05,10.4,3.1,Sandy
32.6400_5.4800,32.64,5.48,23.4,38.05,67.9,8.3,7.5,3.75,10.32,3.3,Sandy
32.6400_5.5600,32.64,5.56,23.37,38.33,73.1,8.4,7.9,3.95,10.32,3.2,Sandy
32.6400_5.6400,32.64,5.64,23.37,38.33,73.1,8.3,8.2,4.1,11.12,3.9,Sandy
32.6400_5.7200,32.64,5.72,23.35,38.51,88,8.3,10.6,5.3,10.4,3.7,Sandy
32.6400_5.8000,32.64,5.8,23.27,38.86,100.4,8.3,10.5,5.25,10.32,3.8,Sandy
32.6400_5.8800,32.64,5.88,23.23,38.93,80.1,8.3,11,5.5,10.88,3.8,Sandy
32.6400_5.9600,32.64,5.96,23.23,38.93,80.1,8.2,11,5.5,11.52,4,Sandy
32.6400_6.0400,32.64,6.04,23.2,39.14,70.5,8.2,11.2,5.6,10.24,3.4,Clay
32.6400_6.1200,32.64,6.12,23.15,39.37,93,8.2,11.6,5.8,11.36,4.1,Clay
32.6400_6.2000,32.64,6.2,23.15,39.37,93,8.1,11.2,5.6,11.68,3.6,Clay
32.6400_6.2800,32.64,6.28,23.03,39.92,94.9,8.1,10.8,5.4,10.56,3.9,Clay
32.6400_6.3600,32.64,6.36,22.91,40.37,94.6,8.1,7.8,3.9,11.28,3.7,Sandy
32.6400_6.4400,32.64,6.44,22.84,40.66,96.8,8,10.7,5.35,10.96,3.8,Sandy
32.6400_6.5200,32.64,6.52,22.84,40.66,96.8,8.1,10.7,5.35,11.12,3.8,Sandy
32.6400_6.6000,32.64,6.6,22.83,40.89,67.4,8.1,10.5,5.25,10.88,3.7,Clay
32.6400_6.6800,32.64,6.68,22.86,40.83,64.7,8.1,10.2,5.1,9.76,3.8,Sandy
32.6400_6.7600,32.64,6.76,22.86,40.67,63.3,8.1,10.4,5.2,10.72,3.5,Sandy
32.6400_6.8400,32.64,6.84,22.86,40.67,63.3,8,7,3.5,10.16,4.3,Sandy
32.6400_6.9200,32.64,6.92,22.81,40.89,58.3,8,8.1,4.05,10.64,3.2,Sandy
32.6400_7.0000,32.64,7,22.73,41,64.2,8,7.3,3.65,11.44,3.3,Sandy
32.6400_7.0800,32.64,7.08,22.73,41.06,64.3,8.1,7.4,3.7,11.84,3.1,Sandy
32.6400_7.1600,32.64,7.16,22.73,41.06,64.3,8,10.1,5.05,10.32,3.4,Sandy
32.6400_7.2400,32.64,7.24,22.68,41.27,60,8,10.5,5.25,12.16,3.6,Clay
32.6400_7.3200,32.64,7.32,22.65,41.43,64.1,8,10.4,5.2,10.64,3.5,Clay
32.6400_7.4000,32.64,7.4,22.65,41.43,64.1,8.1,10.4,5.2,11.04,3.7,Clay
32.6400_7.4800,32.64,7.48,22.64,41.58,68.6,8.1,10.5,5.25,11.6,3.3,Clay
32.6400_7.5600,32.64,7.56,22.63,41.72,69.4,8.1,10.5,5.25,10.88,3.3,Silt
32.6400_7.6400,32.64,7.64,22.63,41.85,57,8.1,7.7,3.85,10.96,5.4,Sandy
32.6400_7.7200,32.64,7.72,22.63,41.85,57,8,10,5,11.12,3.4,Clay
32.6400_7.8000,32.64,7.8,22.65,41.9,64.3,8,10.3,5.15,10.64,3.5,Clay
32.6400_7.8800,32.64,7.88,22.66,41.9,63.1,8,3.9,1.95,11.04,3.3,Silt
32.6400_7.9600,32.64,7.96,22.63,42.09,45.9,8,4.2,2.1,12.56,3.7,Silt
32.6400_8.0400,32.64,8.04,22.63,42.09,45.9,8,4.4,2.2,12.88,4.1,Silt
32.6400_8.1200,32.64,8.12,22.61,42.3,44,8.1,4.2,2.1,12.8,3.8,Silt
32.6400_8.2000,32.64,8.2,22.55,42.51,58.2,8.1,4.1,2.05,12.72,4,Silt
32.6400_8.2800,32.64,8.28,22.55,42.51,58.2,8.1,4.5,2.25,13.28,3.6,Silt
32.6400_8.3600,32.64,8.36,22.5,42.72,66.4,8.2,4,2,12.64,3.7,Silt
32.6400_8.4400,32.64,8.44,22.47,42.93,53.4,8.2,4.3,2.15,11.68,3.5,Silt
32.6400_8.5200,32.64,8.52,22.43,43.11,48.9,8.1,4.9,2.45,12.48,3.7,Silt
32.6400_8.6000,32.64,8.6,22.43,43.11,48.9,8.2,4.2,2.1,12.56,3.4,Silt
32.6400_8.6800,32.64,8.68,22.36,43.36,61.8,8.2,4.1,2.05,12.16,3.4,Silt
32.7200_-2.2000,32.72,-2.2,16.54,44.54,220,8.1,5.4,2.7,12.16,6.2,Sandy
32.7200_-2.1200,32.72,-2.12,16.89,44.78,169.9,8.1,5.3,2.65,12.72,8.6,Sandy
32.7200_-2.0400,32.72,-2.04,16.89,44.78,169.9,8.1,4.5,2.25,10.48,8.2,Sandy
32.7200_-1.9600,32.72,-1.96,17,44.71,186.1,8.1,4.6,2.3,11.44,6.1,Sandy
32.7200_-1.8800,32.72,-1.88,16.96,44.98,190.9,8.1,4.8,2.4,10.4,7.1,Sandy
32.7200_-1.8000,32.72,-1.8,17.06,45.21,198.9,8.1,4.7,2.35,9.92,8.7,Sandy
32.7200_-1.7200,32.72,-1.72,17.06,45.21,198.9,8.1,5.7,2.85,9.52,5.7,Sandy
32.7200_-1.6400,32.72,-1.64,17.26,44.84,198.2,8.1,5.5,2.75,9.36,7.3,Sandy
32.7200_-1.5600,32.72,-1.56,17.04,44.05,193.7,8.1,4.9,2.45,8.48,8.5,Sandy
32.7200_-1.4800,32.72,-1.48,16.4,44.14,254.5,8.1,5.1,2.55,11.2,5.7,Sandy
32.7200_-1.4000,32.72,-1.4,14.62,43.7,254.5,8,10.7,5.35,8.72,15,Sandy
32.7200_-1.3200,32.72,-1.32,16.09,44.72,247.3,8.1,5.6,2.8,11.92,8,Sandy
32.7200_-1.2400,32.72,-1.24,16.44,45.28,222.1,8.1,5.3,2.65,12.48,6.3,Sandy
32.7200_-1.1600,32.72,-1.16,17.05,44.92,199.5,8.1,4.8,2.4,10.96,5.7,Sandy
32.7200_-1.0800,32.72,-1.08,16.62,44.82,199.5,8.2,5.2,2.6,11.04,5.6,Sandy
32.7200_-1.0000,32.72,-1,16.78,44.16,221.5,8.1,5.3,2.65,12.16,5.8,Sandy
32.7200_-0.9200,32.72,-0.92,17.07,43.77,239.2,8.2,5.2,2.6,11.76,9.2,Sandy
32.7200_-0.8400,32.72,-0.84,17.07,43.77,239.2,8.2,5.6,2.8,9.92,6.2,Sandy
32.7200_-0.7600,32.72,-0.76,17.34,43.59,169.8,8.3,4.4,2.2,9.68,6.2,Sandy
32.7200_-0.6800,32.72,-0.68,18,44.59,172,8.3,5,2.5,10.64,9,Sandy
32.7200_-0.6000,32.72,-0.6,18.06,43.59,193.1,8.3,5.9,2.95,11.28,6,Sandy
32.7200_-0.5200,32.72,-0.52,16.42,43.25,193.1,8.1,6.6,3.3,10.48,7.5,Sandy
32.7200_-0.4400,32.72,-0.44,17.83,42.73,202.9,8.3,4.5,2.25,7.92,4.9,Sandy
32.7200_-0.3600,32.72,-0.36,18.21,42.84,160,8.3,4.8,2.4,11.04,4.4,Sandy
32.7200_-0.2800,32.72,-0.28,18.21,42.84,160,8.3,4.4,2.2,8.88,3.9,Sandy
32.7200_-0.2000,32.72,-0.2,17.25,42.1,163.7,8.2,6.4,3.2,10,5.5,Sandy
32.7200_-0.1200,32.72,-0.12,19.21,41.71,206.5,8.2,7.5,3.75,9.12,7.7,Sandy
32.7200_-0.0400,32.72,-0.04,19.81,39.4,159.4,8.3,4.8,2.4,10.32,5.6,Sandy
32.7200_0.0400,32.72,0.04,20.07,39.45,159.4,8.3,4.9,2.45,10.64,4.6,Sandy
32.7200_0.1200,32.72,0.12,19.31,40.77,172,8.3,5,2.5,10.24,4.2,Sandy
32.7200_0.2000,32.72,0.2,19.47,40.71,153.2,8.3,5.5,2.75,10.64,5,Sandy
32.7200_0.2800,32.72,0.28,19.5,40.82,149.5,8.4,5.4,2.7,11.12,5.1,Sandy
32.7200_0.3600,32.72,0.36,19.5,40.82,149.5,8.4,4,2,10.4,4.1,Sandy
32.7200_0.4400,32.72,0.44,19.35,41.15,149.3,8.3,3.9,1.95,12.32,4,Sandy
32.7200_0.5200,32.72,0.52,19.2,41.34,148,8.3,4.2,2.1,11.84,3.6,Sandy
32.7200_0.6000,32.72,0.6,19.2,41.34,148,8.3,3.8,1.9,11.76,3.7,Sandy
32.7200_0.6800,32.72,0.68,19.18,41.55,140.3,8.3,3.8,1.9,10.72,4.3,Sandy
32.7200_0.7600,32.72,0.76,19.24,41.56,159,8.3,4.7,2.35,10.96,6.4,Sandy
32.7200_0.8400,32.72,0.84,19.31,41.54,167.8,8.3,3.6,1.8,9.44,3.9,Sandy
32.7200_0.9200,32.72,0.92,19.31,41.54,167.8,8.4,7,3.5,11.2,3.6,Sandy
32.7200_1.0000,32.72,1,19.45,41.2,184,8.3,4.1,2.05,10.96,4.9,Clay
32.7200_1.0800,32.72,1.08,19.53,40.92,182,8.3,3.4,1.7,10.96,3.1,Sandy
32.7200_1.1600,32.72,1.16,19.56,40.84,167,8.3,3.4,1.7,10.24,3.1,Sandy
32.7200_1.2400,32.72,1.24,19.56,40.84,167,8.3,4.1,2.05,10.4,4.3,Sandy
32.7200_1.3200,32.72,1.32,19.79,40.53,146.2,8.3,3.6,1.8,9.2,2.8,Sandy
32.7200_1.4000,32.72,1.4,19.99,40.25,149.4,8.3,3.7,1.85,11.12,2.9,Sandy
32.7200_1.4800,32.72,1.48,19.99,40.25,149.4,8.3,3.7,1.85,11.84,3.2,Clay
32.7200_1.5600,32.72,1.56,19.97,40.37,154.3,8.3,3.4,1.7,10.24,3,Sandy
32.7200_1.6400,32.72,1.64,19.9,40.53,144.6,8.3,3.5,1.75,8.8,3.4,Clay
32.7200_1.7200,32.72,1.72,19.96,40.34,150.1,8.3,3.5,1.75,10.8,3.6,Clay
32.7200_1.8000,32.72,1.8,19.96,40.34,150.1,8.3,3.9,1.95,11.04,5.1,Clay
32.7200_1.8800,32.72,1.88,20.06,40.25,154.1,8.3,3.5,1.75,10.8,3.7,Sandy
32.7200_1.9600,32.72,1.96,20.12,40.3,154.2,8.4,3.6,1.8,9.6,3.6,Sandy
32.7200_2.0400,32.72,2.04,20.19,40.21,155.2,8.4,4.8,2.4,9.6,4.4,Sandy
32.7200_2.1200,32.72,2.12,20.19,40.21,155.2,8.4,3.5,1.75,9.84,3.4,Sandy
32.7200_2.2000,32.72,2.2,20.28,40.11,118.4,8.4,3.7,1.85,10,3.7,Sandy
32.7200_2.2800,32.72,2.28,20.36,39.94,113.2,8.3,4,2,10.08,3.5,Sandy
32.7200_2.3600,32.72,2.36,20.36,39.94,113.2,8.3,4.5,2.25,9.04,4.3,Sandy
32.7200_2.4400,32.72,2.44,20.34,39.95,102.7,8.4,4.1,2.05,9.44,3.4,Sandy
32.7200_2.5200,32.72,2.52,20.33,39.95,100.1,8.4,3.8,1.9,10,3.4,Sandy
32.7200_2.6000,32.72,2.6,20.33,40.04,119.5,8.4,4,2,8.96,3.5,Sandy
32.7200_2.6800,32.72,2.68,20.33,40.04,119.5,8.4,4.3,2.15,9.04,3.6,Sandy
32.7200_2.7600,32.72,2.76,20.31,40.38,111,8.4,4.7,2.35,9.2,4.3,Sandy
32.7200_2.8400,32.72,2.84,20.25,40.41,96.3,8.4,4.7,2.35,9.84,3.4,Sandy
32.7200_2.9200,32.72,2.92,20.2,40.16,98.7,8.5,5,2.5,9.68,3.6,Sandy
32.7200_3.0000,32.72,3,20.2,40.16,98.7,8.4,4.7,2.35,8.96,3,Sandy
32.7200_3.0800,32.72,3.08,20.22,39.98,108.5,8.4,4.5,2.25,9.04,3,Sandy
32.7200_3.1600,32.72,3.16,20.29,39.96,95.8,8.4,5.5,2.75,8.32,5.2,Sandy
32.7200_3.2400,32.72,3.24,20.29,39.96,95.8,8.4,4.4,2.2,8.88,3.8,Sandy
32.7200_3.3200,32.72,3.32,20.36,39.54,108.4,8.4,5,2.5,9.76,3.8,Sandy
32.7200_3.4000,32.72,3.4,20.53,39.32,133.2,8.4,7.5,3.75,9.84,4.3,Sandy
32.7200_3.4800,32.72,3.48,20.74,39.19,118.2,8.4,6.7,3.35,10,4.3,Sandy
32.7200_3.5600,32.72,3.56,20.74,39.19,118.2,8.4,4,2,9.68,3.8,Sandy
32.7200_3.6400,32.72,3.64,20.96,39.07,139.3,8.4,4.1,2.05,9.52,3.6,Sandy
32.7200_3.7200,32.72,3.72,21.26,38.57,148,8.4,5.9,2.95,9.36,4.7,Sandy
32.7200_3.8000,32.72,3.8,21.61,38.28,157.3,8.3,6.7,3.35,9.44,3.8,Sandy
32.7200_3.8800,32.72,3.88,21.61,38.28,157.3,8.3,4.3,2.15,9.28,3.6,Sandy
32.7200_3.9600,32.72,3.96,21.9,37.91,139.3,8.3,4.7,2.35,9.84,3.5,Sandy
32.7200_4.0400,32.72,4.04,22.13,37.77,122.1,8.3,4.5,2.25,9.6,3.6,Sandy
32.7200_4.1200,32.72,4.12,22.13,37.77,122.1,8.3,4.4,2.2,10.32,3.5,Sandy
32.7200_4.2000,32.72,4.2,22.26,37.76,123.5,8.3,4.2,2.1,10.88,3.5,Clay
32.7200_4.2800,32.72,4.28,22.42,37.8,121.4,8.3,4.5,2.25,11.6,3.5,Sandy
32.7200_4.3600,32.72,4.36,22.49,37.9,129.3,8.3,4.1,2.05,10.16,4.7,Silt
32.7200_4.4400,32.72,4.44,22.49,37.9,129.3,8.3,4.6,2.3,10.4,3.7,Clay
32.7200_4.5200,32.72,4.52,22.52,37.78,118,8.4,4.2,2.1,9.92,3.8,Silt
32.7200_4.6000,32.72,4.6,22.55,38.06,77.6,8.4,9,4.5,10.48,4,Silt
32.7200_4.6800,32.72,4.68,22.61,38.08,80.2,8.4,7.8,3.9,10.56,3.9,Clay
32.7200_4.7600,32.72,4.76,22.61,38.08,80.2,8.2,4.7,2.35,9.92,3.9,Sandy
32.7200_4.8400,32.72,4.84,22.7,38.05,81.1,8.4,6.6,3.3,11.6,4.1,Sandy
32.7200_4.9200,32.72,4.92,22.82,38,87.4,8.4,6.9,3.45,11.28,3.5,Sandy
32.7200_5.0000,32.72,5,22.86,38.22,73.9,8.4,7.2,3.6,10.8,3.6,Sandy
32.7200_5.0800,32.72,5.08,22.86,38.22,73.9,8.5,3.9,1.95,9.04,3.5,Sandy
32.7200_5.1600,32.72,5.16,22.93,38.31,73,8.5,5.2,2.6,8.48,3.8,Sandy
32.7200_5.2400,32.72,5.24,23.14,38.04,91.2,8.4,4.6,2.3,10.48,4.3,Sandy
32.7200_5.3200,32.72,5.32,23.14,38.04,91.2,8.3,5.3,2.65,11.84,3.3,Sandy
32.7200_5.4000,32.72,5.4,23.33,37.98,77.1,8.4,7.8,3.9,11.52,3.2,Clay
32.7200_5.4800,32.72,5.48,23.4,38.32,66.5,8.5,8.2,4.1,10.48,3.7,Sandy
32.7200_5.5600,32.72,5.56,23.38,38.55,68.9,8.5,9.9,4.95,10.48,5.2,Sandy
32.7200_5.6400,32.72,5.64,23.38,38.55,68.9,8.5,10.2,5.1,10.48,3.4,Sandy
32.7200_5.7200,32.72,5.72,23.26,38.94,77.6,8.2,4.6,2.3,9.92,3.4,Sandy
32.7200_5.8000,32.72,5.8,23.19,39.17,76.8,8.3,10.9,5.45,10.08,4.3,Clay
32.7200_5.8800,32.72,5.88,23.19,39.22,70.3,8.3,11.2,5.6,10.88,3.9,Clay
32.7200_5.9600,32.72,5.96,23.19,39.22,70.3,8.2,11.1,5.55,12.32,3.6,Clay
32.7200_6.0400,32.72,6.04,23.15,39.43,70.3,8.3,10.8,5.4,12.96,3.5,Clay
32.7200_6.1200,32.72,6.12,23.08,39.8,73,8.2,11.1,5.55,11.6,3.4,Clay
32.7200_6.2000,32.72,6.2,23.08,39.8,73,8.2,11.5,5.75,12.24,3.9,Clay
32.7200_6.2800,32.72,6.28,22.95,40.2,76.6,8.2,10.7,5.35,12,3.6,Sandy
32.7200_6.3600,32.72,6.36,22.87,40.59,91.5,8.1,10.8,5.4,10.56,3.8,Clay
32.7200_6.4400,32.72,6.44,22.82,40.91,81.8,8.1,11.2,5.6,10.56,4,Sandy
32.7200_6.5200,32.72,6.52,22.82,40.91,81.8,8.1,11.3,5.65,11.36,3.9,Clay
32.7200_6.6000,32.72,6.6,22.86,40.86,67.1,8,10.5,5.25,9.84,4.7,Clay
32.7200_6.6800,32.72,6.68,22.85,40.9,64.1,8.1,11,5.5,10.88,4,Clay
32.7200_6.7600,32.72,6.76,22.78,41.11,62.9,8.1,10.2,5.1,9.52,3.7,Clay
32.7200_6.8400,32.72,6.84,22.78,41.11,62.9,8,7.3,3.65,10.64,3.2,Sandy
32.7200_6.9200,32.72,6.92,22.68,41.25,54.5,8,7.3,3.65,11.68,5.6,Sandy
32.7200_7.0000,32.72,7,22.68,41.32,58,8,8,4,10.32,3.4,Sandy
32.7200_7.0800,32.72,7.08,22.68,41.32,58,8,10.2,5.1,10.88,3.5,Sandy
32.7200_7.1600,32.72,7.16,22.66,41.4,60.8,8,10.4,5.2,10.64,3.6,Clay
32.7200_7.2400,32.72,7.24,22.61,41.64,59.1,8,10.9,5.45,10.88,3.7,Clay
32.7200_7.3200,32.72,7.32,22.6,41.77,53.8,8,7.7,3.85,11.92,3.4,Clay
32.7200_7.4000,32.72,7.4,22.6,41.77,53.8,8,7.9,3.95,11.84,3.5,Clay
32.7200_7.4800,32.72,7.48,22.6,41.88,57.1,8,10.6,5.3,10.72,3.3,Silt
32.7200_7.5600,32.72,7.56,22.58,42.08,63.9,8.1,10.4,5.2,11.68,3.4,Silt
32.7200_7.6400,32.72,7.64,22.6,42.17,65.9,8.1,10.7,5.35,11.04,3.3,Sandy
32.7200_7.7200,32.72,7.72,22.6,42.17,65.9,8,10.6,5.3,11.44,3.8,Sandy
32.7200_7.8000,32.72,7.8,22.63,42.24,61.8,8,4.1,2.05,10.96,3.5,Clay
32.7200_7.8800,32.72,7.88,22.62,42.31,61.2,8,4.2,2.1,10,3.4,Silt
32.7200_7.9600,32.72,7.96,22.62,42.31,61.2,8,4.2,2.1,12.72,3.4,Silt
32.7200_8.0400,32.72,8.04,22.62,42.3,56.1,8,4.5,2.25,12.88,3.6,Silt
32.7200_8.1200,32.72,8.12,22.59,42.52,49.7,8.1,4.3,2.15,13.44,3.6,Silt
32.7200_8.2000,32.72,8.2,22.52,42.74,53.1,8,4.3,2.15,12.48,3.4,Silt
32.7200_8.2800,32.72,8.28,22.52,42.74,53.1,8,4.4,2.2,12.4,3.6,Silt
32.7200_8.3600,32.72,8.36,22.47,43.01,66.4,8.1,4.4,2.2,12.16,3.7,Clay
32.7200_8.4400,32.72,8.44,22.44,43.26,50.4,8.1,4.2,2.1,11.36,3.5,Silt
32.7200_8.5200,32.72,8.52,22.37,43.58,60.6,8.1,4.2,2.1,12.32,3.9,Silt
32.7200_8.6000,32.72,8.6,22.37,43.58,60.6,8.2,3.9,1.95,12.72,3.8,Silt
32.7200_8.6800,32.72,8.68,22.28,43.96,63.5,8.2,5.2,2.6,12,3.3,Silt
32.8000_-2.2000,32.8,-2.2,16.22,45.48,198.2,8,5.2,2.6,12.8,6.5,Sandy
32.8000_-2.1200,32.8,-2.12,16.72,45.14,181,8.1,5.3,2.65,12.48,7.5,Sandy
32.8000_-2.0400,32.8,-2.04,16.72,45.14,181,8.2,5.5,2.75,10.72,7.1,Sandy
32.8000_-1.9600,32.8,-1.96,16.91,45.17,180.5,8.1,4.6,2.3,11.2,7.6,Sandy
32.8000_-1.8800,32.8,-1.88,16.93,45.49,187.5,8.1,5.3,2.65,10.56,7,Sandy
32.8000_-1.8000,32.8,-1.8,17.03,45.95,208.4,8.1,5.2,2.6,9.68,5.4,Sandy
32.8000_-1.7200,32.8,-1.72,17.03,45.95,208.4,8.1,4.9,2.45,10.08,5.2,Sandy
32.8000_-1.6400,32.8,-1.64,17.23,45.51,236.9,8.1,5.1,2.55,8.56,6,Sandy
32.8000_-1.5600,32.8,-1.56,17.09,44.58,230.6,8.2,4.9,2.45,9.36,5.8,Sandy
32.8000_-1.4800,32.8,-1.48,16.94,44.55,230.6,8.1,5.4,2.7,9.76,7.2,Sandy
32.8000_-1.4000,32.8,-1.4,16.44,44.51,253.6,8.1,5.9,2.95,11.92,7.1,Sandy
32.8000_-1.3200,32.8,-1.32,16.08,45.34,273.8,8.1,5.3,2.65,11.2,7.3,Sandy
32.8000_-1.2400,32.8,-1.24,16.19,46.04,247.5,8.1,5.5,2.75,11.68,6.5,Sandy
32.8000_-1.1600,32.8,-1.16,16.19,46.04,247.5,8.1,5.1,2.55,11.52,6.2,Sandy
32.8000_-1.0800,32.8,-1.08,16.37,45.91,237.8,8.1,5.8,2.9,12.08,7.1,Sandy
32.8000_-1.0000,32.8,-1,16.29,45.58,213.7,8.2,5.2,2.6,12,8.4,Sandy
32.8000_-0.9200,32.8,-0.92,16.51,45.16,270.6,8.1,5.4,2.7,12.16,7.2,Sandy
32.8000_-0.8400,32.8,-0.84,16.51,45.16,270.6,8.1,5.4,2.7,11.6,6.2,Sandy
32.8000_-0.7600,32.8,-0.76,16.23,44.19,204,8.1,6.3,3.15,12.16,6.6,Sandy
32.8000_-0.6800,32.8,-0.68,17.55,45.28,178.1,8.2,5,2.5,10.64,6.3,Sandy
32.8000_-0.6000,32.8,-0.6,17.09,44.35,186.4,8.2,5.2,2.6,10.32,5.3,Sandy
32.8000_-0.5200,32.8,-0.52,17.86,44.51,186.4,8.2,5.2,2.6,9.12,7.1,Sandy
32.8000_-0.4400,32.8,-0.44,18.47,43.38,177.5,8.3,4.6,2.3,10.96,4.7,Sandy
32.8000_-0.3600,32.8,-0.36,18.1,42.93,158.8,8.3,4.6,2.3,10.56,4.9,Sandy
32.8000_-0.2800,32.8,-0.28,18.1,42.93,158.8,8.3,5,2.5,10.8,5.2,Sandy
32.8000_-0.2000,32.8,-0.2,17.89,42.83,157.8,8.2,4.8,2.4,9.92,8.5,Sandy
32.8000_-0.1200,32.8,-0.12,15.53,42.11,211,8.1,10.3,5.15,10.48,10.1,Sandy
32.8000_-0.0400,32.8,-0.04,18.93,43.21,235.6,8.3,7.6,3.8,9.2,8,Sandy
32.8000_0.0400,32.8,0.04,18.05,42.99,235.6,8.2,7.8,3.9,10.4,6.3,Sandy
32.8000_0.1200,32.8,0.12,16.81,42,209.6,8.1,9.1,4.55,10.96,8.8,Sandy
32.8000_0.2000,32.8,0.2,18.97,41.58,176,8.3,5,2.5,10.64,6.8,Sandy
32.8000_0.2800,32.8,0.28,19.32,41.33,160.6,8.4,5.1,2.55,11.84,5.6,Sandy
32.8000_0.3600,32.8,0.36,19.32,41.33,160.6,8.4,3.7,1.85,11.28,5.1,Sandy
32.8000_0.4400,32.8,0.44,19.3,41.57,146.5,8.3,3.7,1.85,10.32,3.9,Sandy
32.8000_0.5200,32.8,0.52,19.13,41.75,155.7,8.3,4.9,2.45,11.44,4,Sandy
32.8000_0.6000,32.8,0.6,19.13,41.75,155.7,8.3,3.5,1.75,11.2,3.5,Sandy
32.8000_0.6800,32.8,0.68,19.05,41.9,163.2,8.3,3.5,1.75,11.04,3.6,Sandy
32.8000_0.7600,32.8,0.76,19.09,41.93,156.9,8.2,3.8,1.9,11.12,4,Sandy
32.8000_0.8400,32.8,0.84,19.12,42.04,178.4,8.3,3.7,1.85,9.44,4.9,Sandy
32.8000_0.9200,32.8,0.92,19.12,42.04,178.4,8.3,3.5,1.75,9.92,3.5,Sandy
32.8000_1.0000,32.8,1,19.28,41.75,183.8,8.3,3.9,1.95,10.16,3.9,Sandy
32.8000_1.0800,32.8,1.08,19.5,41.19,184.8,8.3,3.4,1.7,9.76,3.8,Sandy
32.8000_1.1600,32.8,1.16,19.63,40.96,179.8,8.3,3.5,1.75,10.56,5,Sandy
32.8000_1.2400,32.8,1.24,19.63,40.96,179.8,8.3,3.9,1.95,10,4.7,Clay
32.8000_1.3200,32.8,1.32,19.84,40.8,150.8,8.3,3.8,1.9,10,4.2,Silt
32.8000_1.4000,32.8,1.4,20.08,40.37,144.3,8.3,3.6,1.8,10.32,4.3,Clay
32.8000_1.4800,32.8,1.48,20.08,40.37,144.3,8.3,3.4,1.7,10.24,3.2,Sandy
32.8000_1.5600,32.8,1.56,19.94,40.76,150,8.3,4.2,2.1,11.36,3.6,Clay
32.8000_1.6400,32.8,1.64,19.78,40.89,146.3,8.4,3.6,1.8,11.04,3.5,Sandy
32.8000_1.7200,32.8,1.72,19.75,40.86,176.3,8.4,4,2,11.04,4,Sandy
32.8000_1.8000,32.8,1.8,19.75,40.86,176.3,8.4,3.6,1.8,10.56,3.1,Sandy
32.8000_1.8800,32.8,1.88,19.81,40.74,153.3,8.3,3.6,1.8,10.24,3,Sandy
32.8000_1.9600,32.8,1.96,19.93,40.52,148.1,8.3,4.1,2.05,10.88,3.8,Sandy
32.8000_2.0400,32.8,2.04,20.01,40.61,130.2,8.4,3.9,1.95,10.48,3.6,Sandy
32.8000_2.1200,32.8,2.12,20.01,40.61,130.2,8.5,3.4,1.7,10.88,3.5,Sandy
32.8000_2.2000,32.8,2.2,20.13,40.4,126.8,8.4,4,2,9.84,4.3,Sandy
32.8000_2.2800,32.8,2.28,20.16,40.31,124.3,8.4,4.4,2.2,11.04,3.5,Sandy
32.8000_2.3600,32.8,2.36,20.16,40.31,124.3,8.4,3.7,1.85,9.92,3.6,Sandy
32.8000_2.4400,32.8,2.44,20.13,40.33,107.4,8.4,3.9,1.95,9.04,3.4,Sandy
32.8000_2.5200,32.8,2.52,20.12,40.24,107.5,8.4,3.7,1.85,10.56,3.2,Sandy
32.8000_2.6000,32.8,2.6,20.13,40.52,113.1,8.3,3.9,1.95,10.32,3.5,Sandy
32.8000_2.6800,32.8,2.68,20.13,40.52,113.1,8.4,4.1,2.05,9.52,3.5,Sandy
32.8000_2.7600,32.8,2.76,20.16,40.74,115.4,8.3,3.9,1.95,9.12,3.5,Sandy
32.8000_2.8400,32.8,2.84,20.17,40.6,120.4,8.4,4.4,2.2,10,3,Sandy
32.8000_2.9200,32.8,2.92,20.14,40.46,117.9,8.4,4.3,2.15,10.72,3.6,Sandy
32.8000_3.0000,32.8,3,20.14,40.46,117.9,8.4,4,2,9.44,3.8,Sandy
32.8000_3.0800,32.8,3.08,20.11,40.41,109,8.4,4.3,2.15,9.2,3.3,Sandy
32.8000_3.1600,32.8,3.16,20.05,40.5,100.8,8.4,4.3,2.15,8.56,4.1,Sandy
32.8000_3.2400,32.8,3.24,20.05,40.5,100.8,8.5,4,2,9.44,3.6,Sandy
32.8000_3.3200,32.8,3.32,20.04,40.42,98,8.3,4.6,2.3,9.36,4.1,Sandy
32.8000_3.4000,32.8,3.4,20.19,40.28,115.3,8.3,4.4,2.2,8.24,3.9,Sandy
32.8000_3.4800,32.8,3.48,20.53,39.82,140.1,8.4,7.2,3.6,8.96,4.2,Sandy
32.8000_3.5600,32.8,3.56,20.53,39.82,140.1,8.4,4,2,10.32,3.4,Sandy
32.8000_3.6400,32.8,3.64,20.87,39.4,155.6,8.4,4.4,2.2,10.32,3.2,Sandy
32.8000_3.7200,32.8,3.72,21.31,38.6,150.1,8.4,6.8,3.4,9.44,3.6,Sandy
32.8000_3.8000,32.8,3.8,21.61,38.37,143.2,8.3,7.4,3.7,9.44,3.9,Sandy
32.8000_3.8800,32.8,3.88,21.61,38.37,143.2,8.3,4.4,2.2,9.92,3.3,Sandy
32.8000_3.9600,32.8,3.96,21.78,38.26,128.5,8.3,4.6,2.3,10.08,3.4,Sandy
32.8000_4.0400,32.8,4.04,21.96,38.09,118.8,8.4,3.5,1.75,10.08,3.9,Sandy
32.8000_4.1200,32.8,4.12,21.96,38.09,118.8,8.3,3.5,1.75,9.28,3.4,Sandy
32.8000_4.2000,32.8,4.2,22.22,37.79,140.2,8.4,4.6,2.3,9.28,3.4,Sandy
32.8000_4.2800,32.8,4.28,22.4,37.97,143,8.3,5.2,2.6,10.24,3.7,Sandy
32.8000_4.3600,32.8,4.36,22.43,38.04,104.3,8.3,5.3,2.65,10,3.9,Sandy
32.8000_4.4400,32.8,4.44,22.43,38.04,104.3,8.3,4.7,2.35,9.76,4.7,Clay
32.8000_4.5200,32.8,4.52,22.49,37.81,90.7,8.2,3.9,1.95,9.68,3.2,Sandy
32.8000_4.6000,32.8,4.6,22.48,38.12,95.6,8.4,5.4,2.7,10.56,3.8,Sandy
32.8000_4.6800,32.8,4.68,22.57,38.13,78.5,8.4,5.4,2.7,9.76,4.2,Sandy
32.8000_4.7600,32.8,4.76,22.57,38.13,78.5,8.3,4.8,2.4,10.72,4.2,Sandy
32.8000_4.8400,32.8,4.84,22.69,38.19,87,8.3,5.7,2.85,10.88,4.4,Sandy
32.8000_4.9200,32.8,4.92,22.87,38.16,79.7,8.3,6.9,3.45,10.88,4,Sandy
32.8000_5.0000,32.8,5,22.87,38.16,79.7,8.3,5.1,2.55,10,3.6,Sandy
32.8000_5.0800,32.8,5.08,22.86,38.57,82.5,8.3,4.1,2.05,10.24,4.7,Sandy
32.8000_5.1600,32.8,5.16,22.91,38.56,91.4,8.4,4,2,9.76,3.6,Clay
32.8000_5.2400,32.8,5.24,23.02,38.46,91.4,8.4,3.9,1.95,11.2,3.7,Clay
32.8000_5.3200,32.8,5.32,23.02,38.46,91.4,8.4,3.9,1.95,11.28,3.9,Sandy
32.8000_5.4000,32.8,5.4,23.27,38.23,67.4,8.5,5.4,2.7,9.28,3.9,Sandy
32.8000_5.4800,32.8,5.48,23.38,38.52,64.9,8.3,10.7,5.35,10.96,3.3,Clay
32.8000_5.5600,32.8,5.56,23.2,39.17,74.8,8.3,10.3,5.15,9.92,3.2,Sandy
32.8000_5.6400,32.8,5.64,23.2,39.17,74.8,8.4,4.9,2.45,9.52,5.9,Sandy
32.8000_5.7200,32.8,5.72,23.13,39.4,77.8,8.3,4.1,2.05,10.48,6.5,Sandy
32.8000_5.8000,32.8,5.8,23.15,39.43,60.9,8.3,5.1,2.55,11.28,3.8,Clay
32.8000_5.8800,32.8,5.88,23.15,39.43,60.9,8.3,4.7,2.35,10.48,3.9,Clay
32.8000_5.9600,32.8,5.96,23.16,39.51,73.5,8.2,11.3,5.65,10.88,3.3,Clay
32.8000_6.0400,32.8,6.04,23.12,39.75,71.6,8.2,11.1,5.55,12.24,3.5,Clay
32.8000_6.1200,32.8,6.12,22.99,40.21,76.7,8.2,4.6,2.3,11.84,3.9,Clay
32.8000_6.2000,32.8,6.2,22.99,40.21,76.7,8.2,4.8,2.4,11.92,3.1,Sandy
32.8000_6.2800,32.8,6.28,22.89,40.58,68.8,8.2,5.1,2.55,12.24,4,Sandy
32.8000_6.3600,32.8,6.36,22.85,40.77,94.7,8.2,10.8,5.4,10.96,4,Sandy
32.8000_6.4400,32.8,6.44,22.83,40.97,80,8.2,11.1,5.55,11.12,4.2,Sandy
32.8000_6.5200,32.8,6.52,22.83,40.97,80,8.2,10.9,5.45,9.92,3.9,Clay
32.8000_6.6000,32.8,6.6,22.88,40.79,75.5,8.1,11,5.5,10.32,4,Sandy
32.8000_6.6800,32.8,6.68,22.82,41.05,67.7,8.1,10.7,5.35,9.92,3.9,Clay
32.8000_6.7600,32.8,6.76,22.82,41.05,67.7,8.1,10.7,5.35,10.16,3.8,Sandy
32.8000_6.8400,32.8,6.84,22.73,41.46,63.8,8,10.2,5.1,10.96,4.4,Sandy
32.8000_6.9200,32.8,6.92,22.64,41.6,69.1,8.1,7.2,3.6,11.28,3.2,Sandy
32.8000_7.0000,32.8,7,22.62,41.78,57.5,8,12.5,6.25,10.4,4.6,Sandy
32.8000_7.0800,32.8,7.08,22.62,41.78,57.5,8,10.4,5.2,10.4,3.4,Clay
32.8000_7.1600,32.8,7.16,22.58,41.9,60,8,10.4,5.2,11.12,3.5,Silt
32.8000_7.2400,32.8,7.24,22.55,42,60.9,8,10.5,5.25,11.44,3.6,Clay
32.8000_7.3200,32.8,7.32,22.57,42.03,59.4,8,10.7,5.35,11.28,3.7,Silt
32.8000_7.4000,32.8,7.4,22.57,42.03,59.4,8,10.3,5.15,11.52,3.3,Silt
32.8000_7.4800,32.8,7.48,22.56,42.24,66.9,7.9,10.6,5.3,12.48,3.5,Silt
32.8000_7.5600,32.8,7.56,22.57,42.26,59.7,8.1,4.2,2.1,11.76,5.4,Silt
32.8000_7.6400,32.8,7.64,22.57,42.26,59.7,8,4.3,2.15,11.28,4,Sandy
32.8000_7.7200,32.8,7.72,22.59,42.4,55.9,8,4.5,2.25,11.76,4.1,Silt
32.8000_7.8000,32.8,7.8,22.61,42.45,59,8,4.6,2.3,12.48,4.1,Silt
32.8000_7.8800,32.8,7.88,22.58,42.62,56.4,8,4.5,2.25,12.72,4.1,Clay
32.8000_7.9600,32.8,7.96,22.58,42.62,56.4,8,4.8,2.4,12.16,4.1,Silt
32.8000_8.0400,32.8,8.04,22.58,42.72,65.8,8,4.6,2.3,12.16,3.9,Silt
32.8000_8.1200,32.8,8.12,22.55,42.85,61.2,8,4.7,2.35,12.4,4.1,Silt
32.8000_8.2000,32.8,8.2,22.48,43.16,65.3,7.9,4.4,2.2,12.4,3.8,Silt
32.8000_8.2800,32.8,8.28,22.48,43.16,65.3,8,4.2,2.1,12,4.2,Sandy
32.8000_8.3600,32.8,8.36,22.44,43.44,58.6,8.1,4.2,2.1,12.64,3.3,Silt
32.8000_8.4400,32.8,8.44,22.41,43.63,52.7,8,4.3,2.15,11.84,3.8,Silt
32.8000_8.5200,32.8,8.52,22.41,43.63,52.7,8,4.4,2.2,11.84,3.8,Silt
32.8000_8.6000,32.8,8.6,22.32,43.9,76.3,8.1,4,2,11.84,5.9,Sandy
32.8000_8.6800,32.8,8.68,22.25,44.2,67,8.1,3.9,1.95,11.28,5.8,Sandy
32.8800_-2.2000,32.88,-2.2,16.04,45.64,234.7,7.9,6.4,3.2,11.68,6.5,Sandy
32.8800_-2.1200,32.88,-2.12,16.37,45.84,216.1,8,6.3,3.15,12.8,5.8,Sandy
32.8800_-2.0400,32.88,-2.04,16.37,45.84,216.1,8.1,5.3,2.65,12.72,5.2,Sandy
32.8800_-1.9600,32.88,-1.96,16.56,45.67,199.9,8.1,5.9,2.95,12.32,6.8,Sandy
32.8800_-1.8800,32.88,-1.88,16.74,45.58,199.9,8.1,5.8,2.9,12.24,7.7,Sandy
32.8800_-1.8000,32.88,-1.8,16.88,46.3,207.6,8.1,5.4,2.7,11.52,5.3,Sandy
32.8800_-1.7200,32.88,-1.72,16.88,46.3,207.6,8.1,5.7,2.85,10.08,7.3,Sandy
32.8800_-1.6400,32.88,-1.64,16.97,46.32,212.2,8.2,5.3,2.65,8.64,5.5,Sandy
32.8800_-1.5600,32.88,-1.56,17.05,45.14,214.4,8.2,5.1,2.55,8.8,8.5,Sandy
32.8800_-1.4800,32.88,-1.48,16.76,44.52,254.6,8.1,5.4,2.7,10.08,5.9,Sandy
32.8800_-1.4000,32.88,-1.4,16.76,44.52,254.6,8.1,5.5,2.75,10.96,7.3,Sandy
32.8800_-1.3200,32.88,-1.32,16.42,45.2,279.4,8.2,5.7,2.85,10.48,6,Sandy
32.8800_-1.2400,32.88,-1.24,16.4,45.99,253.5,8.2,5.5,2.75,11.2,5.9,Sandy
32.8800_-1.1600,32.88,-1.16,16.4,45.99,253.5,8.2,5.3,2.65,12.72,6.2,Sandy
32.8800_-1.0800,32.88,-1.08,16.42,46.07,232,8.1,4.8,2.4,11.28,8.9,Sandy
32.8800_-1.0000,32.88,-1,16.13,46.38,248.8,8.2,5.5,2.75,12.08,8.7,Sandy
32.8800_-0.9200,32.88,-0.92,16.03,46.46,257.4,8.1,5.7,2.85,12.16,6.3,Sandy
32.8800_-0.8400,32.88,-0.84,16.03,46.46,257.4,8.1,5.5,2.75,11.36,6.3,Sandy
32.8800_-0.7600,32.88,-0.76,16.28,45.42,231.9,8.1,7.2,3.6,11.12,9.7,Sandy
32.8800_-0.6800,32.88,-0.68,16.17,45.79,217.3,8.1,5.6,2.8,8.96,7.2,Sandy
32.8800_-0.6000,32.88,-0.6,17.19,45.9,214.3,8.1,5.8,2.9,10.16,7.6,Sandy
32.8800_-0.5200,32.88,-0.52,14.73,45.32,214.3,8,9.6,4.8,10,10.3,Sandy
32.8800_-0.4400,32.88,-0.44,17.27,43.59,211.6,8.1,7.5,3.75,10.88,6.7,Sandy
32.8800_-0.3600,32.88,-0.36,17.7,43.86,179.3,8.3,5.1,2.55,9.84,3.9,Sandy
32.8800_-0.2800,32.88,-0.28,17.7,43.86,179.3,8.3,4.9,2.45,11.28,5,Sandy
32.8800_-0.2000,32.88,-0.2,17.69,43.65,188.9,8.3,5,2.5,11.36,4.9,Sandy
32.8800_-0.1200,32.88,-0.12,17.57,43.76,183.8,8.3,5.6,2.8,11.92,8.3,Sandy
32.8800_-0.0400,32.88,-0.04,17.63,44.29,215.6,8.1,5.9,2.95,9.44,6.5,Sandy
32.8800_0.0400,32.88,0.04,18.69,44.49,215.6,8.3,5.2,2.6,11.44,7.7,Sandy
32.8800_0.1200,32.88,0.12,17.93,43.39,199.7,8.2,5,2.5,11.36,5.3,Sandy
32.8800_0.2000,32.88,0.2,18.45,42.45,206,8.2,6.2,3.1,9.44,6.4,Sandy
32.8800_0.2800,32.88,0.28,18.95,42.06,184.2,8.3,4.8,2.4,11.52,5.3,Sandy
32.8800_0.3600,32.88,0.36,18.95,42.06,184.2,8.3,4.2,2.1,10.48,4.9,Sandy
32.8800_0.4400,32.88,0.44,19.12,41.89,171.2,8.3,4.5,2.25,11.6,4.8,Sandy
32.8800_1.1600,32.88,1.16,19.73,40.96,177.4,8.4,3.3,1.65,10,3.6,Clay
32.8800_1.2400,32.88,1.24,19.73,40.96,177.4,8.4,3.4,1.7,10.24,3.3,Clay
32.8800_1.3200,32.88,1.32,19.99,40.58,165.6,8.4,3.5,1.75,10.48,4.5,Clay
32.8800_1.4000,32.88,1.4,20.1,40.44,147.1,8.5,3.7,1.85,10.88,4.3,Clay
32.8800_1.4800,32.88,1.48,20.1,40.44,147.1,8.3,3.8,1.9,10.08,4,Clay
32.8800_0.5200,32.88,0.52,19.11,41.51,173.6,8.3,4.6,2.3,12.4,4.1,Sandy
32.8800_0.6000,32.88,0.6,19.11,41.51,173.6,8.3,4.1,2.05,10.72,4.2,Sandy
32.8800_0.6800,32.88,0.68,18.98,42.18,163.5,8.3,3.6,1.8,10.8,5.1,Sandy
32.8800_0.7600,32.88,0.76,19.06,42.09,171.1,8.3,3.8,1.9,11.68,3.3,Sandy
32.8800_0.8400,32.88,0.84,19.07,42.2,165.8,8.3,3.7,1.85,10.64,5.5,Sandy
32.8800_0.9200,32.88,0.92,19.07,42.2,165.8,8.3,3.6,1.8,10.4,4.8,Sandy
32.8800_1.0000,32.88,1,19.23,41.84,175.3,8.3,3.4,1.7,10,4,Sandy
32.8800_1.0800,32.88,1.08,19.52,41.18,190.8,8.3,3.4,1.7,10.16,3.2,Sandy
32.8800_1.5600,32.88,1.56,19.91,40.78,147.8,8.3,3.8,1.9,10.16,4,Clay
32.8800_1.6400,32.88,1.64,19.7,41.25,150.1,8.4,3.9,1.95,9.12,3.3,Sandy
32.8800_1.7200,32.88,1.72,19.59,41.41,174.4,8.4,3.5,1.75,9.2,3.1,Sandy
32.8800_1.8000,32.88,1.8,19.59,41.41,174.4,8.4,3.5,1.75,9.6,3.1,Sandy
32.8800_1.8800,32.88,1.88,19.6,41.37,161.5,8.3,3.7,1.85,11.04,3.6,Sandy
32.8800_1.9600,32.88,1.96,19.71,41.04,153.1,8.4,3.8,1.9,11.2,3.5,Sandy
32.8800_2.0400,32.88,2.04,19.84,40.95,140.5,8.4,3.5,1.75,10.88,3.1,Sandy
32.8800_2.1200,32.88,2.12,19.84,40.95,140.5,8.4,4.7,2.35,10.88,4.5,Sandy
32.8800_2.2000,32.88,2.2,19.98,40.53,133.9,8.3,4.2,2.1,11.04,4.3,Sandy
32.8800_2.2800,32.88,2.28,19.95,40.73,120.9,8.4,4.4,2.2,11.28,4.4,Sandy
32.8800_2.3600,32.88,2.36,19.95,40.73,120.9,8.4,4,2,9.04,3.4,Sandy
32.8800_2.4400,32.88,2.44,19.91,40.84,107,8.3,4,2,10.24,3.4,Sandy
32.8800_2.5200,32.88,2.52,19.88,40.97,105.8,8.3,4.1,2.05,10.72,3.5,Sandy
32.8800_2.6000,32.88,2.6,19.96,40.96,113.8,8.4,3.9,1.95,9.12,3.3,Sandy
32.8800_2.6800,32.88,2.68,19.96,40.96,113.8,8.4,4.1,2.05,10.08,3.4,Sandy
32.8800_2.7600,32.88,2.76,20.08,40.86,122.3,8.4,4.5,2.25,9.12,3,Sandy
32.8800_2.8400,32.88,2.84,20.13,40.77,123.2,8.4,4.7,2.35,9.2,2.9,Sandy
32.8800_2.9200,32.88,2.92,20.1,40.76,111.3,8.4,4.5,2.25,9.2,3.7,Sandy
32.8800_3.0000,32.88,3,20.1,40.76,111.3,8.5,4.1,2.05,9.44,3.6,Sandy
32.8800_3.0800,32.88,3.08,20.02,40.81,110.4,8.4,4.2,2.1,9.12,3.5,Sandy
32.8800_3.1600,32.88,3.16,19.9,40.95,113,8.4,4.6,2.3,9.36,3.6,Sandy
32.8800_3.2400,32.88,3.24,19.9,40.95,113,8.4,4.9,2.45,9.12,3.9,Sandy
32.8800_3.3200,32.88,3.32,19.82,41.12,106.9,8.4,4.5,2.25,9.12,3.6,Sandy
32.8800_3.4000,32.88,3.4,19.97,40.93,110.9,8.3,4.4,2.2,9.68,4.2,Sandy
32.8800_3.4800,32.88,3.48,20.36,40.23,123.6,8.3,5,2.5,8.88,3.6,Sandy
32.8800_3.5600,32.88,3.56,20.36,40.23,123.6,8.3,4.9,2.45,9.6,4.2,Sandy
32.8800_3.6400,32.88,3.64,20.8,39.61,146.1,8.4,4.5,2.25,9.6,3.9,Sandy
32.8800_3.7200,32.88,3.72,21.31,38.5,148.7,8.3,4.5,2.25,9.68,3.4,Sandy
32.8800_3.8000,32.88,3.8,21.31,38.5,148.7,8.4,4.7,2.35,8.96,3.3,Sandy
32.8800_3.8800,32.88,3.88,21.49,38.7,130.8,8.3,4.2,2.1,9.68,3.3,Sandy
32.8800_3.9600,32.88,3.96,21.56,38.71,117,8.4,4.4,2.2,9.44,3.6,Sandy
32.8800_4.0400,32.88,4.04,21.7,38.52,145.5,8.4,4,2,9.12,3.2,Sandy
32.8800_4.1200,32.88,4.12,21.7,38.52,145.5,8.4,4.1,2.05,9.12,3.7,Sandy
32.8800_4.2000,32.88,4.2,22.05,38.19,134.8,8.4,4,2,9.36,3.1,Sandy
32.8800_4.2800,32.88,4.28,22.27,38.15,132.4,8.3,4.6,2.3,10.08,4.5,Sandy
32.8800_4.3600,32.88,4.36,22.23,38.34,115.1,8.4,4.8,2.4,9.6,3.6,Sandy
32.8800_4.4400,32.88,4.44,22.23,38.34,115.1,8.3,3.7,1.85,9.76,3.6,Sandy
32.8800_4.5200,32.88,4.52,22.23,38.31,107.7,8.3,3.6,1.8,9.84,3.9,Sandy
32.8800_4.6000,32.88,4.6,22.32,38.31,99.3,8.3,3.5,1.75,10.16,3.4,Sandy
32.8800_4.6800,32.88,4.68,22.32,38.31,99.3,8.3,4.5,2.25,9.52,3.9,Sandy
32.8800_4.7600,32.88,4.76,22.48,38.25,99.1,8.3,4.3,2.15,10.16,3.6,Sandy
32.8800_4.8400,32.88,4.84,22.72,38.23,91,8.3,4.8,2.4,10.4,4.1,Sandy
32.8800_4.9200,32.88,4.92,22.93,38.34,86.9,8.3,5.6,2.8,9.28,3.5,Sandy
32.8800_5.0000,32.88,5,22.93,38.34,86.9,8.4,4.4,2.2,9.6,4.9,Sandy
32.8800_5.0800,32.88,5.08,22.94,38.69,80,8.3,4.5,2.25,9.76,4,Clay
32.8800_5.1600,32.88,5.16,22.86,38.9,84.7,8.4,5.3,2.65,9.04,4.1,Sandy
32.8800_5.2400,32.88,5.24,22.96,38.65,101.5,8.4,3.8,1.9,8.16,3.9,Sandy
32.8800_5.3200,32.88,5.32,22.96,38.65,101.5,8.4,4.1,2.05,9.6,3.9,Silt
32.8800_5.4000,32.88,5.4,23.19,38.49,76.6,8.4,4.4,2.2,9.36,4,Clay
32.8800_5.4800,32.88,5.48,23.27,38.8,85.8,8.4,7.9,3.95,9.28,3.6,Clay
32.8800_5.5600,32.88,5.56,23.27,38.8,85.8,8.6,4,2,9.92,3,Sandy
32.8800_5.6400,32.88,5.64,23.13,39.46,90,8.4,4.3,2.15,10.48,3.2,Sandy
32.8800_5.7200,32.88,5.72,23.05,39.75,78.7,8.4,4.7,2.35,11.44,5.5,Sandy
32.8800_5.8000,32.88,5.8,23.09,39.81,61.4,8.3,4.5,2.25,11.6,3.3,Clay
32.8800_5.8800,32.88,5.88,23.09,39.81,61.4,8.3,4.6,2.3,10.08,3.6,Clay
32.8800_5.9600,32.88,5.96,23.04,39.92,69.9,8.3,11.6,5.8,11.84,3.4,Clay
32.8800_6.0400,32.88,6.04,23.07,40.05,66.1,8.2,4.8,2.4,11.52,3.1,Clay
32.8800_6.1200,32.88,6.12,22.95,40.52,70.6,8.2,4.8,2.4,11.28,3,Sandy
32.8800_6.2000,32.88,6.2,22.95,40.52,70.6,8.2,4.5,2.25,11.04,6.5,Sandy
32.8800_6.2800,32.88,6.28,22.82,40.98,79.1,8.2,4.1,2.05,11.28,3.4,Clay
32.8800_6.3600,32.88,6.36,22.79,41.09,95.9,8.2,10.9,5.45,10.48,3.9,Sandy
32.8800_6.4400,32.88,6.44,22.79,41.09,95.9,8.2,11.3,5.65,11.28,4,Clay
32.8800_6.5200,32.88,6.52,22.77,41.23,84,8.2,10.7,5.35,9.84,3.7,Clay
32.8800_6.6000,32.88,6.6,22.89,41.1,77.9,8.2,11.1,5.55,10,3.9,Sandy
32.8800_6.6800,32.88,6.68,22.86,41.26,61.6,8.1,10.7,5.35,10.64,3.8,Clay
32.8800_6.7600,32.88,6.76,22.86,41.26,61.6,8,10.8,5.4,9.84,3.6,Sandy
32.8800_6.8400,32.88,6.84,22.65,41.6,63.3,8,10.6,5.3,11.92,4.2,Clay
32.8800_6.9200,32.88,6.92,22.61,41.8,78.4,8,7.5,3.75,8.64,4.9,Sandy
32.8800_7.0000,32.88,7,22.59,42.05,77,8,10.6,5.3,11.36,3.4,Clay
32.8800_7.0800,32.88,7.08,22.59,42.05,77,8,10.6,5.3,11.04,3.5,Clay
32.8800_7.1600,32.88,7.16,22.53,42.37,63.8,8,10.9,5.45,10.32,5.6,Sandy
32.8800_7.2400,32.88,7.24,22.51,42.43,74.3,8,10.6,5.3,10.64,4.7,Clay
32.8800_7.3200,32.88,7.32,22.51,42.43,74.3,8,11.2,5.6,10.96,3.5,Clay
32.8800_7.4000,32.88,7.4,22.53,42.31,70,8,10.8,5.4,12.08,3.5,Silt
32.8800_7.4800,32.88,7.48,22.54,42.37,64.6,8,4.4,2.2,11.68,3.8,Silt
32.8800_7.5600,32.88,7.56,22.54,42.55,55.7,8,4.3,2.15,11.6,3.5,Silt
32.8800_7.6400,32.88,7.64,22.54,42.55,55.7,8,4.4,2.2,11.52,3.9,Silt
32.8800_7.7200,32.88,7.72,22.56,42.57,56.9,7.9,4.7,2.35,11.52,3.6,Sandy
32.8800_7.8000,32.88,7.8,22.56,42.69,59.7,8,4.6,2.3,11.92,4,Silt
32.8800_7.8800,32.88,7.88,22.55,42.91,58.9,8,4.4,2.2,12.72,4,Clay
32.8800_7.9600,32.88,7.96,22.55,42.91,58.9,8,4.5,2.25,12.8,4,Clay
32.8800_8.0400,32.88,8.04,22.54,42.96,53.9,8.1,4.5,2.25,11.84,3.8,Silt
32.8800_8.1200,32.88,8.12,22.51,43.22,63.6,8,4.9,2.45,12.48,4.3,Silt
32.8800_8.2000,32.88,8.2,22.51,43.22,63.6,8,4.7,2.35,12,4.2,Sandy
32.8800_8.2800,32.88,8.28,22.44,43.6,59.5,8,4.7,2.35,11.76,4,Sandy
32.8800_8.3600,32.88,8.36,22.4,43.84,56,8.1,4.1,2.05,11.28,3.9,Sandy
32.8800_8.4400,32.88,8.44,22.38,43.96,64,8.1,4.5,2.25,11.44,3.5,Silt
32.8800_8.5200,32.88,8.52,22.38,43.96,64,8.1,4.1,2.05,11.68,3.7,Clay
32.8800_8.6000,32.88,8.6,22.32,44.13,70.7,8.1,3.9,1.95,10.8,3.6,Sandy
32.8800_8.6800,32.88,8.68,22.27,44.35,73.9,8.2,3.5,1.75,12.24,3.5,Sandy
32.9600_-2.2000,32.96,-2.2,15.94,46.08,261.7,8,6.1,3.05,12.16,6.7,Sandy
32.9600_-2.1200,32.96,-2.12,15.98,46.73,276.5,7.9,6.8,3.4,11.04,6.2,Sandy
32.9600_-2.0400,32.96,-2.04,16.11,46.63,267.8,7.9,5.7,2.85,11.6,7.7,Sandy
32.9600_-1.9600,32.96,-1.96,16.11,46.63,267.8,8,6,3,11.2,6.2,Sandy
32.9600_-1.8800,32.96,-1.88,16.44,46.23,244,8.2,6,3,11.84,5.6,Sandy
32.9600_-1.8000,32.96,-1.8,16.63,46.33,227.4,8.1,6.4,3.2,11.36,7.8,Sandy
32.9600_-1.7200,32.96,-1.72,16.63,46.33,227.4,8.1,5.9,2.95,12.24,6.3,Sandy
32.9600_-1.6400,32.96,-1.64,16.64,46.5,226.6,8.1,6.4,3.2,11.76,7.1,Sandy
32.9600_-1.5600,32.96,-1.56,16.75,45.95,244.4,8.1,6,3,11.84,7.4,Sandy
32.9600_-1.4800,32.96,-1.48,16.9,44.97,243.9,8.1,5.7,2.85,11.68,7.4,Sandy
32.9600_-1.4000,32.96,-1.4,16.9,44.97,243.9,8.1,5.6,2.8,10.56,5.5,Sandy
32.9600_-1.3200,32.96,-1.32,16.79,45.15,259.1,8.2,5.3,2.65,10.8,6.4,Sandy
32.9600_-1.2400,32.96,-1.24,16.64,45.65,272.9,8.1,5.4,2.7,12.48,6.4,Sandy
32.9600_-1.1600,32.96,-1.16,16.64,45.65,272.9,8.2,5.3,2.65,10.88,6,Sandy
32.9600_-1.0800,32.96,-1.08,16.56,46.28,298.6,8.2,5.3,2.65,10.88,8.3,Sandy
32.9600_-1.0000,32.96,-1,16.23,46.56,282.7,8.1,4.5,2.25,10.64,9.2,Sandy
32.9600_-0.9200,32.96,-0.92,16.02,46.87,278.1,8.2,4.9,2.45,10.16,8.7,Sandy
32.9600_-0.8400,32.96,-0.84,16.02,46.87,278.1,8.1,4.9,2.45,10.64,9.7,Sandy
32.9600_-0.7600,32.96,-0.76,15.87,46.85,288.3,8.2,5.5,2.75,9.04,8.9,Sandy
32.9600_-0.6800,32.96,-0.68,12.79,45.84,264.6,7.9,13,6.5,12,18.9,Sandy
32.9600_-0.6000,32.96,-0.6,16.85,47.18,244.8,8.2,5.5,2.75,11.12,5.8,Sandy
32.9600_-0.5200,32.96,-0.52,15.83,46.94,244.8,8.1,5.7,2.85,11.36,9,Sandy
32.9600_-0.4400,32.96,-0.44,12.91,44.43,250,7.9,13.6,6.8,10.16,22.1,Sandy
32.9600_-0.3600,32.96,-0.36,17.18,44.4,219.7,8.2,5.4,2.7,11.36,5,Sandy
32.9600_-0.2800,32.96,-0.28,17.96,43.88,208.9,8.3,6,3,12.64,6.6,Sandy
32.9600_-0.2000,32.96,-0.2,14.85,43.16,208.9,8.1,9.7,4.85,11.84,11.1,Sandy
32.9600_-0.1200,32.96,-0.12,17.8,43.78,176.4,8.2,5.3,2.65,11.52,5.8,Sandy
32.9600_-0.0400,32.96,-0.04,17.77,44.66,179.2,8.2,5.4,2.7,11.04,9.9,Sandy
32.9600_0.0400,32.96,0.04,17.77,44.66,179.2,8.3,6.3,3.15,11.2,5.4,Sandy
32.9600_0.1200,32.96,0.12,17.64,44.09,191.1,8.2,4.8,2.4,12.16,5.8,Sandy
32.9600_0.2000,32.96,0.2,17.9,43.2,219.8,8.2,6,3,10.64,5.6,Sandy
32.9600_0.2800,32.96,0.28,18.45,42.71,212.7,8.3,5.2,2.6,10.24,6.4,Sandy
32.9600_0.3600,32.96,0.36,18.45,42.71,212.7,8.3,5.6,2.8,9.6,6.1,Sandy
32.9600_0.4400,32.96,0.44,18.71,42.7,194.6,8.2,5.9,2.95,9.52,5,Sandy
32.9600_0.5200,32.96,0.52,18.84,41.99,191,8.3,4.8,2.4,10.24,4,Sandy
32.9600_0.6000,32.96,0.6,18.84,41.99,191,8.2,4.4,2.2,10.96,5.3,Sandy
32.9600_0.6800,32.96,0.68,18.85,42.39,212.8,8.2,4.4,2.2,10.8,4.8,Sandy
32.9600_0.7600,32.96,0.76,19,42.12,184.5,8.3,3.8,1.9,11.36,5.9,Sandy
32.9600_0.8400,32.96,0.84,19.04,42.01,152.7,8.3,4.5,2.25,11.36,3.9,Sandy
32.9600_0.9200,32.96,0.92,19.04,42.01,152.7,8.3,4,2,11.28,4.5,Sandy
32.9600_1.0000,32.96,1,19.15,41.71,170.6,8.3,4,2,10.32,4.3,Sandy
32.9600_1.0800,32.96,1.08,19.46,41.14,179.2,8.3,4,2,10.72,5.2,Sandy
32.9600_1.1600,32.96,1.16,19.78,40.88,180.2,8.3,3.7,1.85,9.68,5.8,Clay
32.9600_1.2400,32.96,1.24,19.78,40.88,180.2,8.4,4,2,9.92,4.6,Sandy
32.9600_1.4000,32.96,1.4,19.97,40.51,153.6,8.4,3.7,1.85,10.56,4.9,Clay
32.9600_1.6400,32.96,1.64,19.6,41.52,145.1,8.3,3.7,1.85,10.32,3.6,Sandy
32.9600_2.1200,32.96,2.12,19.7,41.24,126.3,8.4,3.9,1.95,10.48,4,Sandy
32.9600_2.2000,32.96,2.2,19.77,41.05,144.3,8.3,4.2,2.1,10.48,3,Sandy
32.9600_2.2800,32.96,2.28,19.73,41.15,129.2,8.3,4.2,2.1,10,3,Sandy
32.9600_2.3600,32.96,2.36,19.73,41.15,129.2,8.4,3.9,1.95,9.76,3.5,Sandy
32.9600_2.4400,32.96,2.44,19.7,41.33,123.6,8.3,3.8,1.9,9.92,3.5,Sandy
32.9600_2.5200,32.96,2.52,19.7,41.63,137.4,8.4,3.9,1.95,10.4,3.2,Sandy
32.9600_2.6000,32.96,2.6,19.79,41.42,129.5,8.4,4.1,2.05,9.2,3.1,Sandy
32.9600_2.6800,32.96,2.68,19.79,41.42,129.5,8.3,4,2,9.12,3,Sandy
32.9600_2.7600,32.96,2.76,19.91,41.25,120.9,8.3,4.4,2.2,10.16,3.4,Sandy
32.9600_2.8400,32.96,2.84,20.02,41.17,110.9,8.4,4.6,2.3,9.6,3.6,Sandy
32.9600_2.9200,32.96,2.92,20.02,41.17,110.9,8.4,4.2,2.1,10.08,3.2,Sandy
32.9600_3.0000,32.96,3,20.06,40.99,103.7,8.3,4.2,2.1,9.04,3.3,Sandy
32.9600_3.0800,32.96,3.08,19.95,41.24,108.2,8.4,4.3,2.15,10.4,3.3,Sandy
32.9600_3.1600,32.96,3.16,19.89,41.09,118.3,8.4,4.7,2.35,8.32,4.7,Sandy
32.9600_3.2400,32.96,3.24,19.89,41.09,118.3,8.3,4.1,2.05,8.72,3.8,Sandy
32.9600_3.3200,32.96,3.32,19.87,40.84,125.7,8.3,4.9,2.45,9.36,5,Sandy
32.9600_3.4000,32.96,3.4,19.86,41.19,117.2,8.3,4.5,2.25,8.72,3.8,Sandy
32.9600_3.4800,32.96,3.48,20.22,40.64,104.8,8.4,5.1,2.55,9.04,3.8,Sandy
32.9600_3.5600,32.96,3.56,20.22,40.64,104.8,8.3,4.4,2.2,8.96,4,Sandy
32.9600_3.6400,32.96,3.64,20.68,39.92,138.7,8.3,5,2.5,10.8,3.7,Sandy
32.9600_3.7200,32.96,3.72,21.09,39.34,139.6,8.3,4.8,2.4,9.28,3.8,Sandy
32.9600_3.8000,32.96,3.8,21.09,39.34,139.6,8.3,4.2,2.1,9.12,3.6,Sandy
32.9600_3.8800,32.96,3.88,21.24,39.48,122.1,8.3,4.6,2.3,8.96,3.5,Sandy
32.9600_3.9600,32.96,3.96,21.31,39.35,142.3,8.3,4.3,2.15,9.12,3.4,Sandy
32.9600_4.0400,32.96,4.04,21.49,39.01,134.1,8.4,4.2,2.1,10,3.3,Sandy
32.9600_4.1200,32.96,4.12,21.49,39.01,134.1,8.4,4.6,2.3,9.84,3.8,Sandy
32.9600_4.2000,32.96,4.2,21.86,38.56,114.2,8.4,4,2,9.68,3.2,Sandy
32.9600_4.2800,32.96,4.28,22.02,38.6,120.6,8.3,4.2,2.1,9.28,3.4,Sandy
32.9600_4.3600,32.96,4.36,21.97,38.76,97.2,8.3,4.8,2.4,9.2,3.5,Sandy
32.9600_4.4400,32.96,4.44,21.97,38.76,97.2,8.3,4.7,2.35,10.08,4.2,Sandy
32.9600_4.5200,32.96,4.52,21.99,38.69,99,8.3,4.8,2.4,9.92,4.3,Sandy
32.9600_4.6000,32.96,4.6,22.15,38.52,92.2,8.3,5.1,2.55,10.24,3.3,Sandy
32.9600_4.6800,32.96,4.68,22.15,38.52,92.2,8.3,3.8,1.9,10.08,3.7,Sandy
32.9600_4.7600,32.96,4.76,22.38,38.54,96.2,8.3,3.9,1.95,10.16,3.8,Sandy
32.9600_4.8400,32.96,4.84,22.71,38.31,91,8.3,5.2,2.6,10.72,3.3,Sandy
32.9600_4.9200,32.96,4.92,22.95,38.34,78.5,8.2,5.3,2.65,9.6,4,Sandy
32.9600_5.0000,32.96,5,22.95,38.34,78.5,8.3,5.6,2.8,9.68,4.2,Clay
32.9600_5.0800,32.96,5.08,22.97,38.7,94.3,8.2,4.3,2.15,9.76,3.7,Sandy
32.9600_5.1600,32.96,5.16,22.84,38.97,114,8.3,4.9,2.45,10.24,3.7,Sandy
32.9600_5.2400,32.96,5.24,22.91,38.93,99.9,8.3,4.8,2.4,9.6,3.7,Sandy
32.9600_5.3200,32.96,5.32,22.91,38.93,99.9,8.3,5.6,2.8,10.64,3.8,Sandy
32.9600_5.4000,32.96,5.4,23.11,38.86,104.1,8.3,4.4,2.2,9.92,4,Sandy
32.9600_5.4800,32.96,5.48,23.22,38.94,99.5,8.4,3.8,1.9,10.8,4.2,Sandy
32.9600_5.5600,32.96,5.56,23.22,38.94,99.5,8.3,3.7,1.85,9.6,3.3,Clay
32.9600_5.6400,32.96,5.64,23.03,39.9,95.2,8.3,4.3,2.15,11.04,4.1,Clay
32.9600_5.7200,32.96,5.72,22.97,40.2,84,8.4,3.9,1.95,9.92,5.8,Sandy
32.9600_5.8000,32.96,5.8,23,40.27,70.6,8.3,4.8,2.4,12.24,3.8,Clay
32.9600_5.8800,32.96,5.88,23,40.27,70.6,8.3,4.9,2.45,12.96,3.5,Clay
32.9600_5.9600,32.96,5.96,23.15,39.77,82.9,8.1,5.8,2.9,10.56,4.4,Sandy
32.9600_6.0400,32.96,6.04,23.15,40.26,84.7,8.2,4.4,2.2,9.92,5.6,Sandy
32.9600_6.1200,32.96,6.12,23.15,40.26,84.7,8.2,5.2,2.6,10.4,6.6,Sandy
32.9600_6.2000,32.96,6.2,23.06,40.5,75.1,8.3,4.4,2.2,9.68,6.1,Sandy
32.9600_6.2800,32.96,6.28,22.82,41.08,86,8.2,4.9,2.45,11.12,4.2,Sandy
32.9600_6.3600,32.96,6.36,22.72,41.46,83.9,8.2,11.1,5.55,10.96,4.3,Clay
32.9600_6.4400,32.96,6.44,22.72,41.46,83.9,8.2,11.3,5.65,11.12,4.2,Clay
32.9600_6.5200,32.96,6.52,22.63,41.6,84.5,8.2,11,5.5,11.44,3.9,Clay
32.9600_6.6000,32.96,6.6,22.61,41.7,79,8.1,10.7,5.35,11.04,4.1,Clay
32.9600_6.6800,32.96,6.68,22.61,41.77,67.6,8.1,11.3,5.65,11.12,4.6,Clay
32.9600_1.3200,32.96,1.32,20,40.53,160.2,8.4,4.4,2.2,10.64,3.9,Sandy
32.9600_1.4800,32.96,1.48,19.96,40.53,156.2,8.3,3.7,1.85,9.6,5.1,Clay
32.9600_1.5600,32.96,1.56,19.75,40.99,157.3,8.4,3.9,1.95,10.72,5,Clay
32.9600_1.7200,32.96,1.72,19.52,41.73,170.5,8.3,4.1,2.05,9.44,4.1,Sandy
32.9600_1.8000,32.96,1.8,19.52,41.73,170.5,8.4,3.8,1.9,9.44,3.2,Sandy
32.9600_1.8800,32.96,1.88,19.49,41.77,170.2,8.4,3.5,1.75,10.24,3.3,Sandy
32.9600_1.9600,32.96,1.96,19.58,41.46,179.1,8.4,4.8,2.4,9.84,4.3,Sandy
32.9600_2.0400,32.96,2.04,19.58,41.46,179.1,8.4,3.9,1.95,10.4,3.3,Sandy
32.9600_6.7600,32.96,6.76,22.62,41.74,67.6,8.1,10.7,5.35,10.16,4.6,Clay
32.9600_6.8400,32.96,6.84,22.6,41.91,66.7,8.1,10.6,5.3,10,4.4,Clay
32.9600_6.9200,32.96,6.92,22.59,42.01,72.9,8.1,10.7,5.35,9.84,4.2,Clay
32.9600_7.0000,32.96,7,22.59,42.01,72.9,8,10.7,5.35,10.08,3.4,Sandy
32.9600_7.0800,32.96,7.08,22.56,42.33,74,8,10.4,5.2,10.32,3.3,Clay
32.9600_7.1600,32.96,7.16,22.54,42.42,76.6,8,10.8,5.4,9.6,3.5,Sandy
32.9600_7.2400,32.96,7.24,22.5,42.67,69.9,8,10.8,5.4,10.32,5.5,Sandy
32.9600_7.3200,32.96,7.32,22.5,42.67,69.9,8,4.1,2.05,9.68,3.7,Silt
32.9600_7.4000,32.96,7.4,22.5,42.72,89.3,8,4.3,2.15,10.16,3.6,Silt
32.9600_7.4800,32.96,7.48,22.49,42.86,82.6,8,4.4,2.2,10.48,3.6,Sandy
32.9600_7.5600,32.96,7.56,22.49,43.05,71.1,8,4.8,2.4,11.12,3.7,Silt
32.9600_7.6400,32.96,7.64,22.49,43.05,71.1,8,4.9,2.45,11.36,5.9,Sandy
32.9600_7.7200,32.96,7.72,22.5,43.02,63,8,4.6,2.3,12.4,3.7,Silt
32.9600_7.8000,32.96,7.8,22.52,43.09,58.6,8.1,4.8,2.4,11.36,4,Sandy
32.9600_7.8800,32.96,7.88,22.52,43.09,58.6,8,5,2.5,11.92,4.1,Clay
32.9600_7.9600,32.96,7.96,22.53,43.2,59.1,8.1,4.3,2.15,12.16,4.4,Sandy
32.9600_8.0400,32.96,8.04,22.51,43.39,56,8,4.4,2.2,11.44,4,Sandy
32.9600_8.1200,32.96,8.12,22.49,43.54,64.6,8,4.3,2.15,12.24,3.2,Silt
32.9600_8.2000,32.96,8.2,22.49,43.54,64.6,8,4.4,2.2,11.6,4.2,Sandy
32.9600_8.2800,32.96,8.28,22.41,43.86,54.4,8,4.3,2.15,12.16,4.2,Sandy
32.9600_8.3600,32.96,8.36,22.37,44.09,61.9,8,5.2,2.6,11.84,4,Sandy
32.9600_8.4400,32.96,8.44,22.36,44.25,71.9,8,5.9,2.95,11.12,3.5,Sandy
32.9600_8.5200,32.96,8.52,22.36,44.25,71.9,8.1,4.1,2.05,10.72,3.6,Sandy
32.9600_8.6000,32.96,8.6,22.33,44.49,63.4,8.2,4.1,2.05,11.04,3.5,Sandy
32.9600_8.6800,32.96,8.68,22.3,44.63,70.8,8.1,3.9,1.95,11.84,4,Sandy
33.0400_-2.2000,33.04,-2.2,16.12,46.17,272.6,8,6.4,3.2,12,6,Sandy
33.0400_-2.1200,33.04,-2.12,16.25,46.85,274.5,8,6.6,3.3,11.76,8.7,Sandy
33.0400_-2.0400,33.04,-2.04,15.21,47,303.6,7.9,7.5,3.75,11.84,12.9,Sandy
33.0400_-1.9600,33.04,-1.96,15.93,47.4,316,8.1,6.5,3.25,11.92,6.9,Sandy
33.0400_-1.8800,33.04,-1.88,16.3,47.17,277.5,8.1,6.2,3.1,11.44,7.9,Sandy
33.0400_-1.8000,33.04,-1.8,16.78,46.85,297.6,8.1,5.5,2.75,11.44,7.6,Sandy
33.0400_-1.7200,33.04,-1.72,16.54,47.05,281.1,8.1,5.7,2.85,11.28,5.9,Sandy
33.0400_-1.6400,33.04,-1.64,16.42,47.13,287,8.1,5.9,2.95,11.04,6.5,Sandy
33.0400_-1.5600,33.04,-1.56,16.48,46.96,294.3,8.2,7,3.5,12.08,10.2,Sandy
33.0400_-1.4800,33.04,-1.48,16.83,46.41,306.7,8.1,5.5,2.75,10.72,5.7,Sandy
33.0400_-1.4000,33.04,-1.4,16.79,46.07,287.6,8.2,5.3,2.65,11.36,5.3,Sandy
33.0400_-1.3200,33.04,-1.32,16.84,45.93,308.4,8.1,5.5,2.75,10.88,6.2,Sandy
33.0400_-1.2400,33.04,-1.24,16.67,46.88,311.7,8.1,5,2.5,10.88,9,Sandy
33.0400_-1.1600,33.04,-1.16,16.69,46.22,323.6,8.1,5.7,2.85,11.2,9.4,Sandy
33.0400_-1.0800,33.04,-1.08,15.83,46.51,329.6,8.1,6.2,3.1,10.32,7.7,Sandy
33.0400_-1.0000,33.04,-1,16.29,47.06,325.3,8.1,4.8,2.4,10.72,9.3,Sandy
33.0400_-0.9200,33.04,-0.92,16.46,47.22,314.1,8.1,5.1,2.55,11.28,6.9,Sandy
33.0400_-0.8400,33.04,-0.84,16.28,47.06,352.3,8.2,5.9,2.95,10.16,8.9,Sandy
33.0400_-0.7600,33.04,-0.76,16.3,46.52,337.5,8.1,4.8,2.4,11.04,8,Sandy
33.0400_-0.6800,33.04,-0.68,16.2,46.65,343.4,8.1,5.3,2.65,10.64,7.8,Sandy
33.0400_-0.6000,33.04,-0.6,16.55,46.41,289,8.1,5.6,2.8,10.96,7.4,Sandy
33.0400_-0.5200,33.04,-0.52,16.92,46.48,289,8.1,5.4,2.7,11.68,6.7,Sandy
33.0400_-0.4400,33.04,-0.44,16.27,46.35,287.8,8.1,5.1,2.55,11.04,6.4,Sandy
33.0400_-0.3600,33.04,-0.36,16.68,45.62,244.5,8.1,5.5,2.75,10.64,6.6,Sandy
33.0400_-0.2800,33.04,-0.28,16.68,45.62,244.5,8.1,5.7,2.85,12.72,9,Sandy
33.0400_-0.2000,33.04,-0.2,16.31,45.92,272,8,7,3.5,12.32,7.2,Sandy
33.0400_-0.1200,33.04,-0.12,17.89,44.17,208.3,8.2,5.6,2.8,12.24,8.6,Sandy
33.0400_-0.0400,33.04,-0.04,17.92,43.97,185.3,8.2,5.3,2.65,11.36,5.8,Sandy
33.0400_0.0400,33.04,0.04,17.92,43.97,185.3,8.2,5.5,2.75,12.4,7.4,Sandy
33.0400_0.1200,33.04,0.12,17.41,44.61,192.5,8.2,5.6,2.8,11.84,5.7,Sandy
33.0400_0.2000,33.04,0.2,16.3,45.46,224.4,8.2,5.7,2.85,12.24,6.5,Sandy
33.0400_0.2800,33.04,0.28,16.65,45.55,224.4,8.1,7,3.5,10.96,6.4,Sandy
33.0400_0.3600,33.04,0.36,17.81,43.56,224.9,8.2,5.9,2.95,11.52,6.5,Sandy
33.0400_0.4400,33.04,0.44,18.22,43.57,209.6,8.2,5.4,2.7,10.56,5.9,Sandy
33.0400_0.5200,33.04,0.52,18.35,43.33,216.6,8.2,4.8,2.4,10.24,5.8,Sandy
33.0400_0.6000,33.04,0.6,17.94,44.11,209.8,8.3,4.6,2.3,10.96,5.5,Sandy
33.0400_0.6800,33.04,0.68,18.54,42.83,205.6,8.2,4.5,2.25,10.08,5.5,Sandy
33.0400_0.7600,33.04,0.76,18.72,42.55,193.4,8.2,4.5,2.25,10.8,5.9,Sandy
33.0400_0.8400,33.04,0.84,18.81,42.27,172.6,8.2,4.3,2.15,11.04,4.9,Sandy
33.0400_0.9200,33.04,0.92,18.34,43.16,197.5,8.2,4.3,2.15,10.32,4.5,Sandy
33.0400_1.0000,33.04,1,18.88,42.09,175.3,8.2,4.3,2.15,10.48,4.7,Sandy
33.0400_1.0800,33.04,1.08,19.17,41.67,198.7,8.3,4.8,2.4,11.44,6.1,Sandy
33.0400_1.1600,33.04,1.16,19.6,41.13,179.7,8.3,4,2,10.4,4.3,Sandy
33.0400_1.2400,33.04,1.24,19.28,41.47,183.4,8.3,4.5,2.25,11.92,4.3,Sandy
33.0400_1.3200,33.04,1.32,19.77,40.91,170.3,8.3,3.7,1.85,10.08,4.7,Sandy
33.0400_1.4000,33.04,1.4,19.62,41.04,176.1,8.3,4,2,9.6,3.6,Sandy
33.0400_1.4800,33.04,1.48,19.25,41.66,174.9,8.4,4,2,9.36,4.2,Sandy
33.0400_1.5600,33.04,1.56,19.43,41.3,174.4,8.3,3.9,1.95,10,4.4,Sandy
33.0400_1.6400,33.04,1.64,19.42,41.63,176.6,8.4,3.7,1.85,9.92,5.3,Sandy
33.0400_1.7200,33.04,1.72,19.48,41.6,168.3,8.4,3.9,1.95,9.28,5.2,Sandy
33.0400_1.8000,33.04,1.8,19.28,41.86,154.6,8.3,3.7,1.85,8.64,4.7,Sandy
33.0400_1.8800,33.04,1.88,19.5,41.6,174.1,8.3,4,2,9.92,5.6,Sandy
33.0400_1.9600,33.04,1.96,19.52,41.72,179.5,8.4,3.9,1.95,10.24,3.7,Sandy
33.0400_2.0400,33.04,2.04,19.47,41.77,153.3,8.4,4.2,2.1,10.16,3.9,Clay
33.0400_2.1200,33.04,2.12,19.57,41.57,142.1,8.3,5.4,2.7,11.2,5.3,Sandy
33.0400_2.2000,33.04,2.2,19.59,41.53,131.5,8.4,4,2,11.04,3.9,Sandy
33.0400_2.2800,33.04,2.28,19.51,41.68,119.3,8.4,3.9,1.95,10,3.8,Sandy
33.0400_2.3600,33.04,2.36,19.41,41.92,126.7,8.4,3.9,1.95,10.24,3.6,Sandy
33.0400_2.4400,33.04,2.44,19.55,41.59,135.6,8.4,3.9,1.95,10.48,4.1,Sandy
33.0400_2.5200,33.04,2.52,19.62,41.49,151.6,8.4,4,2,10.16,3.6,Sandy
33.0400_2.6000,33.04,2.6,19.64,41.72,150,8.4,4.6,2.3,10.4,3.3,Sandy
33.0400_2.6800,33.04,2.68,19.56,41.95,169.9,8.4,4.6,2.3,10.08,4,Sandy
33.0400_2.7600,33.04,2.76,19.71,41.8,123.4,8.3,5,2.5,10.4,3.6,Sandy
33.0400_2.8400,33.04,2.84,19.85,41.61,116.7,8.3,4.4,2.2,10.08,3.5,Sandy
33.0400_2.9200,33.04,2.92,19.69,41.97,143.4,8.4,4.2,2.1,10.88,3.5,Sandy
33.0400_3.0000,33.04,3,19.78,41.73,135.6,8.3,4.6,2.3,10.56,3.3,Sandy
33.0400_3.0800,33.04,3.08,19.89,41.57,126.1,8.3,4.6,2.3,8.96,4,Sandy
33.0400_3.1600,33.04,3.16,19.83,41.56,128.9,8.4,4.3,2.15,10.56,3.5,Sandy
33.0400_3.2400,33.04,3.24,19.74,41.98,151,8.3,4.5,2.25,10.64,3.6,Sandy
33.0400_3.3200,33.04,3.32,19.76,41.45,129.2,8.3,4.2,2.1,11.84,3.9,Sandy
33.0400_3.4000,33.04,3.4,19.77,41.57,122.8,8.3,4.2,2.1,11.2,4.1,Sandy
33.0400_3.4800,33.04,3.48,19.71,41.81,136.3,8.3,4.2,2.1,9.2,3.6,Sandy
33.0400_3.5600,33.04,3.56,19.95,41.4,161.5,8.3,4.3,2.15,10.24,3.5,Sandy
33.0400_3.6400,33.04,3.64,20.52,40.38,150.1,8.3,5.1,2.55,10,3.6,Sandy
33.0400_3.7200,33.04,3.72,20.89,39.91,131.7,8.4,4.2,2.1,9.12,3.5,Sandy
33.0400_3.8000,33.04,3.8,20.71,40.39,151.4,8.3,3.9,1.95,10.08,3.5,Sandy
33.0400_3.8800,33.04,3.88,20.9,40.26,170.5,8.4,3.9,1.95,9.44,4.4,Sandy
33.0400_3.9600,33.04,3.96,21.14,39.84,158.2,8.3,4.3,2.15,8.48,4.1,Sandy
33.0400_4.0400,33.04,4.04,21.37,39.43,138.3,8.4,4.5,2.25,8.96,3.4,Sandy
33.0400_4.1200,33.04,4.12,21.3,39.65,157.3,8.4,6.9,3.45,9.44,3.3,Sandy
33.0400_4.2000,33.04,4.2,21.69,38.98,118.8,8.3,4.1,2.05,9.36,3.1,Sandy
33.0400_4.2800,33.04,4.28,21.79,38.99,119.6,8.3,4.1,2.05,10.4,3.1,Sandy
33.0400_4.3600,33.04,4.36,21.6,39.4,127.7,8.3,4.3,2.15,9.68,3.9,Sandy
33.0400_4.4400,33.04,4.44,21.63,39.48,134,8.3,4.6,2.3,10.4,3.6,Sandy
33.0400_4.5200,33.04,4.52,21.84,39.12,100.2,8.3,4.6,2.3,9.6,4,Sandy
33.0400_4.6000,33.04,4.6,22.05,38.95,91,8.4,4.9,2.45,9.44,3.6,Sandy
33.0400_4.6800,33.04,4.68,22.05,38.98,89,8.3,4.9,2.45,9.84,3.5,Sandy
33.0400_4.7600,33.04,4.76,22.23,39.07,103.4,8.3,5.4,2.7,10.16,3.5,Sandy
33.0400_4.8400,33.04,4.84,22.61,38.57,97.8,8.3,4.4,2.2,10.08,3.2,Sandy
33.0400_4.9200,33.04,4.92,22.86,38.37,96,8.2,4.3,2.15,9.92,3.6,Sandy
33.0400_5.0000,33.04,5,22.67,38.59,111.4,8.2,5.3,2.65,9.68,3.4,Sandy
33.0400_5.0800,33.04,5.08,22.91,38.5,109,8.2,5.7,2.85,9.28,3.6,Sandy
33.0400_5.1600,33.04,5.16,22.84,38.96,124.4,8.3,5.5,2.75,10.24,3.8,Sandy
33.0400_5.2400,33.04,5.24,22.89,38.85,118.7,8.2,5.6,2.8,9.68,4,Sandy
33.0400_5.3200,33.04,5.32,22.94,39.31,102.5,8.3,7.2,3.6,10.64,4.5,Sandy
33.0400_5.4000,33.04,5.4,23.03,39.24,119.5,8.3,4.6,2.3,9.28,3.8,Sandy
33.0400_5.4800,33.04,5.48,23.06,39.57,111.8,8.4,4.4,2.2,9.36,3.3,Clay
33.0400_5.5600,33.04,5.56,22.96,39.91,115,8.4,3.7,1.85,9.92,3.6,Clay
33.0400_5.6400,33.04,5.64,22.94,40.17,96.7,8.4,4.2,2.1,10.4,3.3,Clay
33.0400_5.7200,33.04,5.72,22.92,40.42,96.5,8.3,4.3,2.15,10.72,4,Clay
33.0400_5.8000,33.04,5.8,22.89,40.67,85.7,8.3,4.4,2.2,10.72,6.1,Sandy
33.0400_5.8800,33.04,5.88,22.87,41.11,98.7,8.3,5,2.5,10.56,5.8,Sandy
33.0400_5.9600,33.04,5.96,23.08,40.16,90,8.3,4.5,2.25,10.32,6.1,Sandy
33.0400_6.0400,33.04,6.04,23.09,40.17,95.6,8.3,4.7,2.35,10.16,6.1,Clay
33.0400_6.1200,33.04,6.12,23.4,39.47,86.2,8.2,4.5,2.25,11.52,4.6,Sandy
33.0400_6.2000,33.04,6.2,23.08,40.78,93.6,8.2,5.1,2.55,11.76,7.1,Sandy
33.0400_6.2800,33.04,6.28,22.81,41.24,96.3,8.2,4.6,2.3,11.04,7,Sandy
33.0400_6.3600,33.04,6.36,22.63,41.69,77.3,8.2,4.7,2.35,10.72,5.5,Clay
33.0400_6.4400,33.04,6.44,22.62,41.76,75.9,8.2,11.3,5.65,9.76,4.9,Clay
33.0400_6.5200,33.04,6.52,22.61,41.79,74.4,8.2,11.3,5.65,11.04,4.3,Clay
33.0400_6.6000,33.04,6.6,22.58,41.93,82.9,8.1,10.9,5.45,11.2,4.8,Clay
33.0400_6.6800,33.04,6.68,22.59,42.17,83,8,11.2,5.6,11.52,4.7,Sandy
33.0400_6.7600,33.04,6.76,22.55,42.27,93.8,8,11.2,5.6,10.96,4.8,Sandy
33.0400_6.8400,33.04,6.84,22.54,42.23,80.2,8.1,11.2,5.6,9.44,3.9,Clay
33.0400_6.9200,33.04,6.92,22.54,42.33,79.1,8.1,11.4,5.7,10.88,3.8,Clay
33.0400_7.0000,33.04,7,22.51,42.6,89.9,8.1,10.6,5.3,9.28,3.7,Sandy
33.0400_7.0800,33.04,7.08,22.5,42.79,78.8,8,10.9,5.45,9.68,3.7,Sandy
33.0400_7.1600,33.04,7.16,22.5,42.63,62.6,8,11.2,5.6,9.36,3.6,Clay
33.0400_7.2400,33.04,7.24,22.47,42.93,60.6,8,11.1,5.55,9.68,3.5,Clay
33.0400_7.3200,33.04,7.32,22.43,43.22,77.2,8,4.8,2.4,9.28,2.9,Silt
33.0400_7.4000,33.04,7.4,22.44,43.14,79.5,8,4.2,2.1,10.24,5.6,Silt
33.0400_7.4800,33.04,7.48,22.44,43.32,77.1,8,4.7,2.35,9.84,5.3,Sandy
33.0400_7.5600,33.04,7.56,22.43,43.56,77.7,8,4.6,2.3,10.08,5.9,Clay
33.0400_7.6400,33.04,7.64,22.42,43.9,67.8,7.9,4.6,2.3,10.48,3.5,Sandy
33.0400_7.7200,33.04,7.72,22.46,43.56,59.5,8,5.3,2.65,10.16,5.7,Sandy
33.0400_7.8000,33.04,7.8,22.48,43.51,60.5,8,4.9,2.45,10.64,5.7,Sandy
33.0400_7.8800,33.04,7.88,22.43,44.08,69.6,8,4.5,2.25,10.16,3.4,Sandy
33.0400_7.9600,33.04,7.96,22.46,44.17,67.1,7.9,4.7,2.35,10.48,3.3,Sandy
33.0400_8.0400,33.04,8.04,22.5,43.77,71.5,7.9,5.2,2.6,11.68,3.8,Sandy
33.0400_8.1200,33.04,8.12,22.49,44.14,67.5,8,5.1,2.55,11.68,3.9,Sandy
33.0400_8.2000,33.04,8.2,22.59,44.39,68.8,8.1,4.4,2.2,10.72,4,Sandy
33.0400_8.2800,33.04,8.28,22.4,44.19,57.6,8,4.4,2.2,11.2,4,Sandy
33.0400_8.3600,33.04,8.36,22.36,44.42,76.6,8.1,5,2.5,10.72,7,Sandy
33.0400_8.4400,33.04,8.44,22.38,44.64,73.9,8,4.2,2.1,10.72,5.8,Sandy
33.0400_8.5200,33.04,8.52,22.4,44.88,77.9,8,4,2,11.04,5.8,Sandy
33.0400_8.6000,33.04,8.6,22.34,44.87,80,8.1,4.8,2.4,10.32,3.6,Sandy
33.0400_8.6800,33.04,8.68,22.31,45.01,71.3,8.1,4.2,2.1,11.28,3.4,Sandy
33.1200_-2.2000,33.12,-2.2,16.91,46.4,243.2,7.9,6.2,3.1,11.28,7.7,Sandy
33.1200_-2.1200,33.12,-2.12,16.65,47.05,252.7,7.9,6.7,3.35,12.32,8.3,Sandy
33.1200_-2.0400,33.12,-2.04,16.55,47.14,279.3,8,6.3,3.15,11.6,6.4,Sandy
33.1200_-1.9600,33.12,-1.96,16.55,47.14,279.3,8,5.9,2.95,12,7.2,Sandy
33.1200_-1.8800,33.12,-1.88,16.82,46.92,287.2,8,6.3,3.15,12.32,7.2,Sandy
33.1200_-1.8000,33.12,-1.8,17.05,46.83,308.7,8.1,6,3,12,6.5,Sandy
33.1200_-1.7200,33.12,-1.72,17.05,46.83,308.7,8.1,5.6,2.8,11.04,6.2,Sandy
33.1200_-1.6400,33.12,-1.64,16.93,46.69,330.2,8.1,5.7,2.85,10.88,6.3,Sandy
33.1200_-1.5600,33.12,-1.56,16.93,46.49,336.4,8.1,4.9,2.45,10.24,8.2,Sandy
33.1200_-1.4800,33.12,-1.48,17.04,46.25,314.1,8.2,5.6,2.8,10.16,5.8,Sandy
33.1200_-1.4000,33.12,-1.4,17.04,46.25,314.1,8.1,5.7,2.85,11.52,5.4,Sandy
33.1200_-1.3200,33.12,-1.32,17.07,46.26,297.6,8.2,5.6,2.8,10.4,5.4,Sandy
33.1200_-1.2400,33.12,-1.24,16.84,46.92,296.2,8.2,5.9,2.95,12.24,8.7,Sandy
33.1200_-1.1600,33.12,-1.16,16.53,47.44,326.4,8.1,5.8,2.9,11.6,9.3,Sandy
33.1200_-1.0800,33.12,-1.08,16.53,47.44,326.4,8.1,5.8,2.9,11.52,6.9,Sandy
33.1200_-1.0000,33.12,-1,16.44,47.41,333.8,8.1,5.5,2.75,10.72,5.9,Sandy
33.1200_-0.9200,33.12,-0.92,16.42,47.8,327.9,8.1,5,2.5,10.8,9.9,Sandy
33.1200_-0.8400,33.12,-0.84,16.42,47.8,327.9,8.1,5.4,2.7,10.64,7.7,Sandy
33.1200_-0.7600,33.12,-0.76,16.79,46.99,328.6,8.1,5.7,2.85,8.8,9.2,Sandy
33.1200_-0.6800,33.12,-0.68,16.97,46.4,288.1,8.1,4.9,2.45,10.32,6.2,Sandy
33.1200_-0.6000,33.12,-0.6,16.95,46.22,288,8.1,5.6,2.8,9.92,6.5,Sandy
33.1200_-0.5200,33.12,-0.52,16.95,46.22,288,8.2,5,2.5,10.24,6,Sandy
33.1200_-0.4400,33.12,-0.44,16.84,46.53,245.3,8.1,4.8,2.4,10.32,9.3,Sandy
33.1200_-0.3600,33.12,-0.36,16.66,47.12,263,8.1,5.2,2.6,11.28,7.6,Sandy
33.1200_-0.2800,33.12,-0.28,16.66,47.12,263,8.1,5.4,2.7,11.28,6.3,Sandy
33.1200_-0.2000,33.12,-0.2,16.66,46.98,255.6,8.1,5.5,2.75,11.6,5.8,Sandy
33.1200_-0.1200,33.12,-0.12,16.75,46.6,253.7,8.1,5.8,2.9,11.68,8.6,Sandy
33.1200_-0.0400,33.12,-0.04,16.82,45.9,233.5,8.1,5.5,2.75,13.28,9.3,Sandy
33.1200_0.0400,33.12,0.04,16.82,45.9,233.5,8.1,6.1,3.05,13.12,6.8,Sandy
33.1200_0.1200,33.12,0.12,14.74,45.58,219.5,8.1,7.7,3.85,12.88,8.3,Sandy
33.1200_0.2000,33.12,0.2,16.35,46.8,246.1,8.2,5.1,2.55,11.84,5.2,Sandy
33.1200_0.2800,33.12,0.28,16.75,46.21,210.3,8.1,5,2.5,12.4,7.3,Sandy
33.1200_0.3600,33.12,0.36,16.75,46.21,210.3,8.1,4.6,2.3,12.32,7.6,Sandy
33.1200_0.4400,33.12,0.44,17.32,45.18,212.9,8.2,4.8,2.4,11.76,5.1,Sandy
33.1200_0.5200,33.12,0.52,17.47,45.26,207.5,8.2,4.9,2.45,12.16,7.1,Sandy
33.1200_0.6000,33.12,0.6,17.47,45.26,207.5,8.2,7,3.5,12.32,7.7,Sandy
33.1200_0.6800,33.12,0.68,16.49,44.53,212,8.2,6.3,3.15,10.8,6.8,Sandy
33.1200_0.7600,33.12,0.76,17.53,44.97,209.2,8.3,5.6,2.8,10,5.4,Sandy
33.1200_0.8400,33.12,0.84,17.73,44.74,207.2,8.2,5.5,2.75,11.84,6.5,Sandy
33.1200_0.9200,33.12,0.92,17.73,44.74,207.2,8.2,5,2.5,11.12,4.8,Sandy
33.1200_1.0000,33.12,1,17.99,44.12,222.2,8.2,5.2,2.6,9.68,6.5,Sandy
33.1200_1.0800,33.12,1.08,18.29,43.53,225.6,8.2,4.6,2.3,10,5,Sandy
33.1200_1.1600,33.12,1.16,18.29,43.53,225.6,8.2,4.8,2.4,10.4,5.3,Sandy
33.1200_1.2400,33.12,1.24,18.76,42.61,213.3,8.2,6.1,3.05,10.56,6.1,Sandy
33.1200_1.3200,33.12,1.32,18.97,42.23,174.7,8.3,4.3,2.15,11.36,5.1,Sandy
33.1200_1.4000,33.12,1.4,18.83,42.41,176.8,8.3,4.3,2.15,11.6,4.7,Sandy
33.1200_1.4800,33.12,1.48,18.83,42.41,176.8,8.3,4.6,2.3,10.96,5.7,Sandy
33.1200_1.5600,33.12,1.56,18.64,42.71,195.9,8.2,4.2,2.1,10.48,5,Sandy
33.1200_1.6400,33.12,1.64,18.73,42.73,201,8.3,3.9,1.95,10.08,4.3,Sandy
33.1200_1.7200,33.12,1.72,18.97,42.38,195,8.4,3.8,1.9,10.16,4.8,Sandy
33.1200_1.8000,33.12,1.8,18.97,42.38,195,8.3,3.9,1.95,10.08,4.2,Sandy
33.1200_1.8800,33.12,1.88,19.18,42.06,183.3,8.4,4.2,2.1,10.32,4.4,Sandy
33.1200_1.9600,33.12,1.96,19.28,42.25,170,8.4,4.3,2.15,10.08,4.2,Sandy
33.1200_2.0400,33.12,2.04,19.28,42.25,170,8.3,4.2,2.1,10.24,5.1,Sandy
33.1200_2.1200,33.12,2.12,19.39,42.2,159.3,8.3,4.9,2.45,10.72,5.4,Sandy
33.1200_2.2000,33.12,2.2,19.38,42.08,147.7,8.3,4.1,2.05,9.76,4.3,Sandy
33.1200_2.2800,33.12,2.28,19.28,42.29,163.9,8.4,4.9,2.45,10.32,5.3,Sandy
33.1200_2.3600,33.12,2.36,19.28,42.29,163.9,8.3,3.8,1.9,10,3.3,Sandy
33.1200_2.4400,33.12,2.44,19.28,42.21,140.7,8.3,3.9,1.95,9.44,4.4,Sandy
33.1200_2.5200,33.12,2.52,19.4,42.01,153.6,8.3,3.8,1.9,10.24,3.6,Sandy
33.1200_2.6000,33.12,2.6,19.4,42.01,153.6,8.3,4.4,2.2,9.76,3.9,Sandy
33.1200_2.6800,33.12,2.68,19.49,42.13,168.2,8.4,3.7,1.85,9.68,3.9,Sandy
33.1200_2.7600,33.12,2.76,19.52,42.19,147,8.4,3.7,1.85,9.92,3.6,Sandy
33.1200_2.8400,33.12,2.84,19.57,42.12,154.2,8.4,3.7,1.85,9.6,3.6,Sandy
33.1200_2.9200,33.12,2.92,19.57,42.12,154.2,8.3,4,2,10.96,3.7,Sandy
33.1200_3.0000,33.12,3,19.6,42.17,160.8,8.3,4.5,2.25,10.16,3.9,Sandy
33.1200_3.0800,33.12,3.08,19.64,42.23,149.5,8.4,4.6,2.3,10.88,3.2,Sandy
33.1200_3.1600,33.12,3.16,19.65,42.37,152.4,8.3,4.5,2.25,10.56,3.2,Sandy
33.1200_3.2400,33.12,3.24,19.65,42.37,152.4,8.3,4,2,8.48,3.6,Sandy
33.1200_3.3200,33.12,3.32,19.66,42.1,142.2,8.3,3.9,1.95,9.12,3.2,Sandy
33.1200_3.4000,33.12,3.4,19.67,42.15,134.5,8.3,4.2,2.1,8.96,3.5,Sandy
33.1200_3.4800,33.12,3.48,19.67,42.15,134.5,8.3,4.7,2.35,8.64,4.6,Sandy
33.1200_3.5600,33.12,3.56,19.86,41.91,187.3,8.3,4.5,2.25,8.88,3.9,Sandy
33.1200_3.6400,33.12,3.64,20.22,41.29,153,8.3,4.3,2.15,9.12,3.8,Sandy
33.1200_3.7200,33.12,3.72,20.52,40.91,192.1,8.3,4.1,2.05,10.08,3.9,Sandy
33.1200_3.8000,33.12,3.8,20.52,40.91,192.1,8.3,3.9,1.95,8.88,3.8,Sandy
33.1200_3.8800,33.12,3.88,20.73,40.66,166.2,8.3,4.7,2.35,8.8,3.9,Sandy
33.1200_3.9600,33.12,3.96,20.95,40.1,156.7,8.3,4.5,2.25,8.96,3.2,Sandy
33.1200_4.0400,33.12,4.04,20.95,40.1,156.7,8.3,4,2,9.2,3.3,Sandy
33.1200_4.1200,33.12,4.12,21.17,39.82,155.1,8.4,4.3,2.15,9.04,3.5,Sandy
33.1200_4.2000,33.12,4.2,21.31,39.9,160.8,8.3,4.1,2.05,8.56,3.8,Sandy
33.1200_4.2800,33.12,4.28,21.4,39.77,156.2,8.3,4,2,9.36,3.4,Sandy
33.1200_4.3600,33.12,4.36,21.4,39.77,156.2,8.3,4.4,2.2,8.56,3.1,Sandy
33.1200_4.4400,33.12,4.44,21.52,39.64,147.3,8.3,5.1,2.55,8.64,3.1,Sandy
33.1200_4.5200,33.12,4.52,21.76,39.28,148.3,8.3,5.5,2.75,9.12,3.7,Sandy
33.1200_4.6000,33.12,4.6,22.02,39.06,134.8,8.4,4.6,2.3,9.6,3.5,Sandy
33.1200_4.6800,33.12,4.68,22.02,39.06,134.8,8.3,4.5,2.25,9.84,3.1,Sandy
33.1200_4.7600,33.12,4.76,22.13,39.34,142,8.3,4.7,2.35,9.84,3.6,Sandy
33.1200_4.8400,33.12,4.84,22.23,39.41,147.9,8.2,4.8,2.4,10.08,3.5,Sandy
33.1200_4.9200,33.12,4.92,22.23,39.41,147.9,8.2,5,2.5,9.36,3.6,Sandy
33.1200_5.0000,33.12,5,22.47,39.02,130.1,8.2,4.7,2.35,9.44,2.9,Sandy
33.1200_5.0800,33.12,5.08,22.78,38.67,122.9,8.2,4.7,2.35,9.6,3.8,Sandy
33.1200_5.1600,33.12,5.16,23,38.92,117.8,8.3,6.8,3.4,11.04,3.9,Sandy
33.1200_5.2400,33.12,5.24,23,38.92,117.8,8.3,6.1,3.05,10.4,4.1,Sandy
33.1200_5.3200,33.12,5.32,23.01,39.62,98.6,8.2,5.2,2.6,10.64,5,Silt
33.1200_5.4000,33.12,5.4,22.89,40.23,90.7,8.3,3.9,1.95,10.56,3.6,Clay
33.1200_5.4800,33.12,5.48,22.86,40.1,98.1,8.3,3.6,1.8,8.88,3.4,Silt
33.1200_5.5600,33.12,5.56,22.86,40.1,98.1,8.4,4.5,2.25,10,4.7,Silt
33.1200_5.6400,33.12,5.64,22.89,40.23,101.8,8.4,4.1,2.05,10,3.8,Sandy
33.1200_5.7200,33.12,5.72,22.88,40.8,102.8,8.4,4.5,2.25,10.48,3.7,Clay
33.1200_5.8000,33.12,5.8,22.88,40.8,102.8,8.4,6.1,3.05,11.2,3.8,Silt
33.1200_5.8800,33.12,5.88,22.83,41.43,95.5,8.3,5.7,2.85,10.24,5.9,Sandy
33.1200_5.9600,33.12,5.96,22.89,41.14,92.5,8.3,4.4,2.2,9.04,5.3,Sandy
33.1200_6.0400,33.12,6.04,23.35,39.83,88.8,8.2,4.2,2.1,10.16,5.8,Sandy
33.1200_6.1200,33.12,6.12,23.35,39.83,88.8,8.2,5.2,2.6,9.92,4.5,Silt
33.1200_6.2000,33.12,6.2,23.04,41.08,104.6,8.3,4.9,2.45,10.4,5.8,Sandy
33.1200_6.2800,33.12,6.28,22.67,41.69,118.6,8.2,5.3,2.65,10.56,4.5,Clay
33.1200_6.3600,33.12,6.36,22.67,41.69,118.6,8.3,5.4,2.7,10.56,4.4,Clay
33.1200_6.4400,33.12,6.44,22.6,42.05,85.3,8.2,11.5,5.75,10.32,4.4,Clay
33.1200_6.5200,33.12,6.52,22.58,42.18,83.8,8.2,11.3,5.65,11.92,4.5,Sandy
33.1200_6.6000,33.12,6.6,22.58,42.31,68.6,8.3,12,6,11.76,5.5,Sandy
33.1200_6.6800,33.12,6.68,22.58,42.31,68.6,8.2,11.4,5.7,11.92,4.8,Sandy
33.1200_6.7600,33.12,6.76,22.53,42.57,89.5,8.1,11,5.5,11.12,5.8,Sandy
33.1200_6.8400,33.12,6.84,22.52,42.66,101.9,8.1,11,5.5,10.32,4.4,Clay
33.1200_6.9200,33.12,6.92,22.52,42.81,94.9,8.1,10.7,5.35,12.24,3.8,Sandy
33.1200_7.0000,33.12,7,22.52,42.81,94.9,8.1,10.7,5.35,10.56,4.2,Clay
33.1200_7.0800,33.12,7.08,22.49,43.12,90.2,8,11.1,5.55,13.6,5.7,Clay
33.1200_7.1600,33.12,7.16,22.45,43.36,69,8,11.5,5.75,9.36,4.1,Sandy
33.1200_7.2400,33.12,7.24,22.45,43.36,69,8.1,4.6,2.3,9.84,3.7,Sandy
33.1200_7.3200,33.12,7.32,22.4,43.57,73,8,4.6,2.3,9.6,3.6,Clay
33.1200_7.4000,33.12,7.4,22.4,43.71,73.9,8,5,2.5,9.12,3.6,Silt
33.1200_7.4800,33.12,7.48,22.42,43.83,65.5,8,5,2.5,11.36,3.7,Silt
33.1200_7.5600,33.12,7.56,22.42,43.83,65.5,7.9,4.9,2.45,10.88,5.8,Silt
33.1200_7.6400,33.12,7.64,22.42,43.9,70.9,7.9,4.6,2.3,10.56,5.9,Silt
33.1200_7.7200,33.12,7.72,22.41,44.25,66.1,7.9,4.8,2.4,10.8,3.8,Sandy
33.1200_7.8000,33.12,7.8,22.41,44.25,66.1,7.9,4.6,2.3,10.48,5.9,Sandy
33.1200_7.8800,33.12,7.88,22.41,44.4,69.9,7.9,5.3,2.65,12.56,7.1,Sandy
33.1200_7.9600,33.12,7.96,22.42,44.5,80.7,7.9,4.7,2.35,11.36,4.4,Sandy
33.1200_8.0400,33.12,8.04,22.46,44.61,70.7,8,4.8,2.4,10.96,6,Sandy
33.1200_8.1200,33.12,8.12,22.46,44.61,70.7,7.9,4.9,2.45,9.92,6,Sandy
33.1200_8.2000,33.12,8.2,22.49,44.73,82,8,4.7,2.35,10.08,4,Sandy
33.1200_8.2800,33.12,8.28,22.46,44.76,78.4,7.9,4.8,2.4,10.56,6.2,Sandy
33.1200_8.3600,33.12,8.36,22.42,44.98,84,8,4.6,2.3,10.88,6,Sandy
33.1200_8.4400,33.12,8.44,22.42,44.98,84,8.1,5.1,2.55,10,5.8,Sandy
33.1200_8.5200,33.12,8.52,22.39,45.33,93.2,8,5,2.5,10.16,5.8,Sandy
33.1200_8.6000,33.12,8.6,22.36,45.4,100.7,8.1,5.1,2.55,10.48,5.9,Sandy
33.1200_8.6800,33.12,8.68,22.36,45.4,100.7,8.1,4.4,2.2,10.32,3.2,Sandy
33.2000_-2.2000,33.2,-2.2,17.1,47.01,251.8,7.9,6.6,3.3,11.52,7.7,Sandy
33.2000_-2.1200,33.2,-2.12,17,47.04,234.1,7.9,6.3,3.15,11.76,6.6,Sandy
33.2000_-2.0400,33.2,-2.04,16.9,47.08,252.9,7.9,5.9,2.95,11.12,6.5,Sandy
33.2000_-1.9600,33.2,-1.96,16.9,47.08,252.9,8,5.7,2.85,10.8,7.9,Sandy
33.2000_-1.8800,33.2,-1.88,17,47.17,285.1,8,6.3,3.15,11.76,7,Sandy
33.2000_-1.8000,33.2,-1.8,17.08,47.05,323.3,8,6.1,3.05,11.92,7.2,Sandy
33.2000_-1.7200,33.2,-1.72,17.08,47.05,323.3,8.1,6,3,11.36,6.4,Sandy
33.2000_-1.6400,33.2,-1.64,17.08,46.9,313.9,8.1,6.3,3.15,11.04,8.7,Sandy
33.2000_-1.5600,33.2,-1.56,17.15,46.55,347.8,8.1,5.9,2.95,10.56,6.6,Sandy
33.2000_-1.4800,33.2,-1.48,17.19,46.47,303.6,8.1,5.6,2.8,11.28,6.3,Sandy
33.2000_-1.4000,33.2,-1.4,17.19,46.47,303.6,8.1,5.5,2.75,11.12,6.6,Sandy
33.2000_-1.3200,33.2,-1.32,17.18,46.61,309.8,8.2,6.1,3.05,11.2,5.8,Sandy
33.2000_-1.2400,33.2,-1.24,17.1,46.8,336.9,8.2,5.8,2.9,11.12,8.3,Sandy
33.2000_-1.1600,33.2,-1.16,16.84,47.14,369.1,8.2,6.1,3.05,12.24,9.1,Sandy
33.2000_-1.0800,33.2,-1.08,16.84,47.14,369.1,8.1,5.7,2.85,10.64,9.1,Sandy
33.2000_-1.0000,33.2,-1,16.63,47.37,384.6,8.2,5.7,2.85,10.8,5.9,Sandy
33.2000_-0.9200,33.2,-0.92,16.51,48.08,376.8,8.1,5.4,2.7,10.4,7.5,Sandy
33.2000_-0.8400,33.2,-0.84,16.51,48.08,376.8,8.1,6,3,10.16,9.6,Sandy
33.2000_-0.7600,33.2,-0.76,16.65,47.73,340.5,8.1,6.4,3.2,11.52,9.1,Sandy
33.2000_-0.6800,33.2,-0.68,16.84,47.32,314,8,5.9,2.95,10.72,9.3,Sandy
33.2000_-0.6000,33.2,-0.6,16.98,46.79,299.8,8.1,5.8,2.9,9.36,8.5,Sandy
33.2000_-0.5200,33.2,-0.52,16.98,46.79,299.8,8.1,5.9,2.95,10.48,10,Sandy
33.2000_-0.4400,33.2,-0.44,16.99,46.8,271.3,8,5.9,2.95,11.12,10.1,Sandy
33.2000_-0.3600,33.2,-0.36,16.8,47.18,271,8.1,5.2,2.6,10.88,9.1,Sandy
33.2000_-0.2800,33.2,-0.28,16.8,47.18,271,8.1,5.2,2.6,11.2,7.1,Sandy
33.2000_-0.2000,33.2,-0.2,16.55,47.59,290.9,8.2,5.5,2.75,11.2,9.4,Sandy
33.2000_-0.1200,33.2,-0.12,16.41,47.45,284,8.1,5.6,2.8,10.16,7.2,Sandy
33.2000_-0.0400,33.2,-0.04,16.26,47.57,284.7,8.1,5.6,2.8,12,8.9,Sandy
33.2000_0.0400,33.2,0.04,16.26,47.57,284.7,8.2,5.5,2.75,11.36,8.3,Sandy
33.2000_0.1200,33.2,0.12,15.06,46.96,295.1,8.1,7.2,3.6,9.92,9.9,Sandy
33.2000_0.2000,33.2,0.2,16.2,47.98,252.5,8.1,5.3,2.65,11.6,6.1,Sandy
33.2000_0.2800,33.2,0.28,16.5,47.55,225.9,8.2,5.4,2.7,11.6,8.5,Sandy
33.2000_0.3600,33.2,0.36,16.5,47.55,225.9,8.2,5.2,2.6,11.6,5.6,Sandy
33.2000_0.4400,33.2,0.44,16.88,46.28,219.8,8.2,5.5,2.75,12.48,5.8,Sandy
33.2000_0.5200,33.2,0.52,16.96,45.97,197.3,8.2,4.9,2.45,12,8,Sandy
33.2000_0.6000,33.2,0.6,16.96,45.97,197.3,8.1,5.3,2.65,10.4,6.5,Sandy
33.2000_0.6800,33.2,0.68,16.81,46.48,226.1,8.1,5.2,2.6,11.6,5.5,Sandy
33.2000_0.7600,33.2,0.76,15.83,45.72,238.6,8.2,8,4,10.96,7.5,Sandy
33.2000_0.8400,33.2,0.84,17.34,45.63,228.8,8.2,5.5,2.75,11.2,6.4,Sandy
33.2000_0.9200,33.2,0.92,17.34,45.63,228.8,8.2,5.2,2.6,11.84,9,Sandy
33.2000_1.0000,33.2,1,17.67,44.97,216,8.2,5.4,2.7,11.12,8.1,Sandy
33.2000_1.0800,33.2,1.08,17.82,44.54,243.6,8.2,4.9,2.45,12,5.3,Sandy
33.2000_1.1600,33.2,1.16,17.82,44.54,243.6,8.2,4.8,2.4,10.16,6.7,Sandy
33.2000_1.2400,33.2,1.24,18.09,43.68,255.2,8.2,4.7,2.35,10.4,7.3,Sandy
33.2000_1.3200,33.2,1.32,18.35,43.3,202.2,8.2,9,4.5,10.56,6.7,Sandy
33.2000_1.4000,33.2,1.4,18.4,43.22,190.1,8.2,4.5,2.25,11.04,6.3,Sandy
33.2000_1.4800,33.2,1.48,18.4,43.22,190.1,8.1,6.5,3.25,11.84,7.1,Sandy
33.2000_1.5600,33.2,1.56,18.38,43.39,204.5,8.2,4.2,2.1,11.44,6.8,Sandy
33.2000_1.6400,33.2,1.64,18.47,43.4,205.4,8.2,4.8,2.4,10.32,7.5,Sandy
33.2000_1.7200,33.2,1.72,18.66,43.07,214.5,8.3,4.4,2.2,9.92,4.6,Sandy
33.2000_1.8000,33.2,1.8,18.66,43.07,214.5,8.2,4.6,2.3,10.24,5.8,Sandy
33.2000_1.8800,33.2,1.88,18.88,42.84,205.2,8.3,4.5,2.25,10.48,6.4,Sandy
33.2000_1.9600,33.2,1.96,19.01,42.93,184.2,8.3,3.9,1.95,10.4,4.9,Sandy
33.2000_2.0400,33.2,2.04,19.01,42.93,184.2,8.3,3.9,1.95,9.84,3.7,Sandy
33.2000_2.1200,33.2,2.12,19.14,42.67,155.3,8.3,3.8,1.9,9.68,4.2,Sandy
33.2000_2.2000,33.2,2.2,19.17,42.54,168.1,8.4,4.2,2.1,9.04,4.3,Sandy
33.2000_2.2800,33.2,2.28,19.08,42.75,160.9,8.4,3.9,1.95,9.52,3.9,Sandy
33.2000_2.3600,33.2,2.36,19.08,42.75,160.9,8.3,4.2,2.1,8.32,5.1,Sandy
33.2000_2.4400,33.2,2.44,19,42.98,149.2,8.3,4,2,8.08,3.4,Sandy
33.2000_2.5200,33.2,2.52,19.13,42.62,138.1,8.4,3.8,1.9,9.6,4.2,Sandy
33.2000_2.6000,33.2,2.6,19.13,42.62,138.1,8.3,4,2,9.92,4.5,Sandy
33.2000_2.6800,33.2,2.68,19.28,42.49,149.2,8.3,4,2,10.4,4.6,Sandy
33.2000_2.7600,33.2,2.76,19.37,42.52,170.7,8.3,4,2,11.04,3.9,Sandy
33.2000_2.8400,33.2,2.84,19.41,42.49,164.6,8.4,4,2,10.64,5.9,Sandy
33.2000_2.9200,33.2,2.92,19.41,42.49,164.6,8.3,4,2,9.76,4.2,Sandy
33.2000_3.0000,33.2,3,19.42,42.72,167.5,8.4,3.9,1.95,10.32,4.2,Sandy
33.2000_3.0800,33.2,3.08,19.48,42.68,149.4,8.3,3.7,1.85,10.96,5.6,Sandy
33.2000_3.1600,33.2,3.16,19.56,42.54,160.8,8.3,3.7,1.85,11.28,4.7,Sandy
33.2000_3.2400,33.2,3.24,19.56,42.54,160.8,8.3,4.3,2.15,9.52,4.8,Sandy
33.2000_3.3200,33.2,3.32,19.6,42.47,133.2,8.3,4.1,2.05,9.68,4.1,Sandy
33.2000_3.4000,33.2,3.4,19.67,42.37,170.9,8.3,4.6,2.3,9.2,7.6,Sandy
33.2000_3.4800,33.2,3.48,19.67,42.37,170.9,8.3,4.1,2.05,8.8,5.3,Sandy
33.2000_3.5600,33.2,3.56,19.83,42.07,181,8.3,3.8,1.9,8.32,4.4,Sandy
33.2000_3.6400,33.2,3.64,20.1,41.6,190.2,8.3,4.1,2.05,8.08,4.3,Sandy
33.2000_3.7200,33.2,3.72,20.36,41.25,187.9,8.3,4.6,2.3,8.88,4.4,Sandy
33.2000_3.8000,33.2,3.8,20.36,41.25,187.9,8.3,4.1,2.05,8.8,4,Sandy
33.2000_3.8800,33.2,3.88,20.51,41.02,153.1,8.3,4.4,2.2,9.6,3.8,Sandy
33.2000_3.9600,33.2,3.96,20.7,40.73,146.7,8.3,4.2,2.1,9.12,4.3,Sandy
33.2000_4.0400,33.2,4.04,20.7,40.73,146.7,8.4,4,2,9.12,4,Sandy
33.2000_4.1200,33.2,4.12,20.9,40.44,156.6,8.4,4.5,2.25,9.04,3.7,Sandy
33.2000_4.2000,33.2,4.2,21.1,40.28,168.4,8.3,4.1,2.05,8.4,4.1,Sandy
33.2000_4.2800,33.2,4.28,21.26,40.1,183.6,8.3,5,2.5,9.12,3.9,Sandy
33.2000_4.3600,33.2,4.36,21.26,40.1,183.6,8.3,4.1,2.05,8.72,3,Sandy
33.2000_4.4400,33.2,4.44,21.39,39.97,172,8.3,4.2,2.1,8.96,3.3,Sandy
33.2000_4.5200,33.2,4.52,21.65,39.61,173.8,8.4,4.4,2.2,9.2,3.4,Sandy
33.2000_4.6000,33.2,4.6,21.91,39.39,164.2,8.4,4.8,2.4,9.12,3,Sandy
33.2000_4.6800,33.2,4.68,21.91,39.39,164.2,8.3,4.3,2.15,9.36,3,Sandy
33.2000_4.7600,33.2,4.76,22.02,39.57,140.5,8.2,4.6,2.3,9.6,3.1,Sandy
33.2000_4.8400,33.2,4.84,22.12,39.65,124.4,8.3,4.7,2.35,9.68,3.7,Sandy
33.2000_4.9200,33.2,4.92,22.12,39.65,124.4,8.3,3.6,1.8,10.56,3.4,Sandy
33.2000_5.0000,33.2,5,22.39,39.37,129.2,8.3,5.1,2.55,10.56,3.5,Sandy
33.2000_5.0800,33.2,5.08,22.82,38.74,131.7,8.3,4.5,2.25,9.68,3.3,Sandy
33.2000_5.1600,33.2,5.16,23.1,38.96,114.8,8.3,5.2,2.6,10.72,3.8,Sandy
33.2000_5.2400,33.2,5.24,23.1,38.96,114.8,8.3,5.1,2.55,10.24,4.1,Sandy
33.2000_5.3200,33.2,5.32,23.05,39.86,95.4,8.3,4.7,2.35,10.56,4.9,Clay
33.2000_5.4000,33.2,5.4,22.85,40.52,93.1,8.3,4.4,2.2,10.32,4.1,Silt
33.2000_5.4800,33.2,5.48,22.85,40.52,93.1,8.3,5,2.5,10.08,4.8,Silt
33.2000_5.5600,33.2,5.56,22.79,40.33,103,8.4,4.8,2.4,9.52,4.2,Sandy
33.2000_5.6400,33.2,5.64,22.86,40.35,104,8.4,4.1,2.05,9.04,3.6,Sandy
33.2000_5.7200,33.2,5.72,22.82,41.1,99.5,8.4,4.3,2.15,9.52,5.2,Sandy
33.2000_5.8000,33.2,5.8,22.82,41.1,99.5,8.3,4.7,2.35,9.44,5.7,Sandy
33.2000_5.8800,33.2,5.88,22.76,41.8,103.3,8.3,5,2.5,9.36,5.9,Sandy
33.2000_5.9600,33.2,5.96,22.81,41.54,93.9,8.3,4.7,2.35,10.88,3.9,Sandy
33.2000_6.0400,33.2,6.04,22.81,41.54,93.9,8.3,4.7,2.35,9.92,4.2,Sandy
33.2000_6.1200,33.2,6.12,23.1,40.72,98.7,8.3,4.3,2.15,10,4.3,Sandy
33.2000_6.2000,33.2,6.2,22.81,41.56,118.2,8.3,5.9,2.95,10.64,4.3,Sandy
33.2000_6.2800,33.2,6.28,22.64,41.96,108.7,8.2,5.2,2.6,9.84,4.4,Clay
33.2000_6.3600,33.2,6.36,22.64,41.96,108.7,8.2,4.8,2.4,11.84,4,Sandy
33.2000_6.4400,33.2,6.44,22.55,42.33,99.4,8.2,4.4,2.2,13.2,5.9,Clay
33.2000_6.5200,33.2,6.52,22.56,42.42,91.7,8.2,4.4,2.2,11.84,3.9,Sandy
33.2000_6.6000,33.2,6.6,22.54,42.58,87.1,8.2,4.4,2.2,11.12,4.2,Sandy
33.2000_6.6800,33.2,6.68,22.54,42.58,87.1,8.2,4.7,2.35,11.2,3.9,Clay
33.2000_6.7600,33.2,6.76,22.52,42.68,83.2,8.2,11.1,5.55,11.04,3.9,Clay
33.2000_6.8400,33.2,6.84,22.54,42.73,75.7,8.2,11.6,5.8,12.96,4.5,Sandy
33.2000_6.9200,33.2,6.92,22.54,42.73,75.7,8.1,4.8,2.4,10.56,4.1,Sandy
33.2000_7.0000,33.2,7,22.53,42.92,102.2,8.1,11.4,5.7,9.76,6.1,Sandy
33.2000_7.0800,33.2,7.08,22.49,43.32,96.1,8,10.8,5.4,9.92,4.4,Sandy
33.2000_7.1600,33.2,7.16,22.39,43.75,92.9,8.1,11.3,5.65,14.24,6.1,Sandy
33.2000_7.2400,33.2,7.24,22.39,43.75,92.9,8,4.7,2.35,9.28,6.1,Sandy
33.2000_7.3200,33.2,7.32,22.35,44,65.8,8,4.7,2.35,12.08,6.6,Sandy
33.2000_7.4000,33.2,7.4,22.35,44.12,64.9,8,4.5,2.25,11.12,3.5,Sandy
33.2000_7.4800,33.2,7.48,22.35,44.12,64.9,8,5.5,2.75,9.44,4,Sandy
33.2000_7.5600,33.2,7.56,22.39,44.19,60.1,8,4.7,2.35,11.84,3.8,Silt
33.2000_7.6400,33.2,7.64,22.38,44.36,60.9,8,5,2.5,11.68,6.1,Sandy
33.2000_7.7200,33.2,7.72,22.4,44.43,62.2,7.9,5.3,2.65,12.8,6.7,Clay
33.2000_7.8000,33.2,7.8,22.4,44.43,62.2,8,5.3,2.65,10.8,6.4,Sandy
33.2000_7.8800,33.2,7.88,22.42,44.7,57.7,7.9,5.3,2.65,10.48,6.6,Sandy
33.2000_7.9600,33.2,7.96,22.43,44.77,66.7,7.9,5.1,2.55,10.72,6.3,Sandy
33.2000_8.0400,33.2,8.04,22.46,44.99,89.8,7.9,4.9,2.45,11.12,6.1,Sandy
33.2000_8.1200,33.2,8.12,22.46,44.99,89.8,8,5.1,2.55,10.8,3.2,Sandy
33.2000_8.2000,33.2,8.2,22.47,45.15,88.5,8,4.8,2.4,9.76,6.2,Sandy
33.2000_8.2800,33.2,8.28,22.42,45.36,82.4,8,5.1,2.55,10.48,5.9,Sandy
33.2000_8.3600,33.2,8.36,22.42,45.36,82.4,8,4.9,2.45,10.24,4.3,Sandy
33.2000_8.4400,33.2,8.44,22.38,45.62,98.5,7.9,5.2,2.6,10.16,5.6,Sandy
33.2000_8.5200,33.2,8.52,22.33,45.96,85.3,7.9,4.5,2.25,12.24,5.9,Silt
33.2000_8.6000,33.2,8.6,22.33,46.06,99,8.1,6.2,3.1,10.64,6,Sandy
33.2000_8.6800,33.2,8.68,22.33,46.06,99,8.1,6.1,3.05,11.2,5.9,Silt
33.2800_-2.2000,33.28,-2.2,17.12,47.49,270.4,7.9,7.2,3.6,12.24,8.4,Sandy
33.2800_-2.1200,33.28,-2.12,17.13,47.44,264.4,8,6.5,3.25,12.8,6.2,Sandy
33.2800_-2.0400,33.28,-2.04,17.15,47.22,273.4,8,6.6,3.3,12.08,8.2,Sandy
33.2800_-1.9600,33.28,-1.96,17.15,47.22,273.4,8,6.3,3.15,11.04,5.7,Sandy
33.2800_-1.8800,33.28,-1.88,17.13,47.33,279.5,8,6,3,12.4,8.1,Sandy
33.2800_-1.8000,33.28,-1.8,17.1,47.72,312.1,8,6,3,12.16,5.6,Sandy
33.2800_-1.7200,33.28,-1.72,17.1,47.32,314.6,8.1,6,3,12.56,6.1,Sandy
33.2800_-1.6400,33.28,-1.64,17.1,47.32,314.6,8.1,5.7,2.85,10.88,5.8,Sandy
33.2800_-1.5600,33.28,-1.56,17.2,47.11,326.7,8.1,5.5,2.75,11.2,5.9,Sandy
33.2800_-1.4800,33.28,-1.48,17.21,47.02,324.9,8.1,5.9,2.95,10.48,6,Sandy
33.2800_-1.4000,33.28,-1.4,17.21,47.02,324.9,8.1,6.1,3.05,11.2,5.9,Sandy
33.2800_-1.3200,33.28,-1.32,17.15,47.36,316.2,8.2,5.7,2.85,11.12,7,Sandy
33.2800_-1.2400,33.28,-1.24,17.21,47.15,301.9,8.2,5.8,2.9,11.36,9.1,Sandy
33.2800_-1.1600,33.28,-1.16,17.16,46.96,323.2,8.2,5.6,2.8,11.36,9.1,Sandy
33.2800_-1.0800,33.28,-1.08,17.16,46.96,323.2,8.2,5.8,2.9,11.52,8.6,Sandy
33.2800_-1.0000,33.28,-1,16.99,47.03,365.8,8.2,6.2,3.1,11.52,9.1,Sandy
33.2800_-0.9200,33.28,-0.92,16.75,47.64,395.1,8.2,5.8,2.9,10.8,9.7,Sandy
33.2800_-0.8400,33.28,-0.84,16.75,47.64,395.1,8.1,6.5,3.25,10.72,6.9,Sandy
33.2800_-0.7600,33.28,-0.76,16.71,47.92,329.5,8,6.3,3.15,11.2,6.9,Sandy
33.2800_-0.6800,33.28,-0.68,16.75,47.84,345.4,8.1,6.2,3.1,11.12,9.1,Sandy
33.2800_-0.6000,33.28,-0.6,16.88,47.69,332.6,8.1,6,3,11.36,8.8,Sandy
33.2800_-0.5200,33.28,-0.52,16.88,47.69,332.6,8.1,5.7,2.85,10.24,9,Sandy
33.2800_-0.4400,33.28,-0.44,16.99,47.26,331.4,8.1,5.8,2.9,11.12,9.5,Sandy
33.2800_-0.3600,33.28,-0.36,17.07,46.78,308.4,8.1,5.7,2.85,9.68,8.9,Sandy
33.2800_-0.2800,33.28,-0.28,17.07,46.78,308.4,8.2,5.1,2.55,9.28,6.6,Sandy
33.2800_-0.2000,33.28,-0.2,16.72,47.48,282.4,8.1,5.5,2.75,10.16,9,Sandy
33.2800_-0.1200,33.28,-0.12,16.5,47.73,313,8.2,5.1,2.55,11.68,10.2,Sandy
33.2800_-0.0400,33.28,-0.04,16.38,47.89,343.4,8.2,5.6,2.8,12.08,5.4,Sandy
33.2800_0.0400,33.28,0.04,16.38,47.89,343.4,8.1,5.3,2.65,10.64,6.4,Sandy
33.2800_0.1200,33.28,0.12,16.29,48,326.7,8.2,5.5,2.75,12.08,9.4,Sandy
33.2800_0.2000,33.28,0.2,16.18,48.31,299,8.1,5.4,2.7,11.92,6.8,Sandy
33.2800_0.2800,33.28,0.28,16.15,48.73,272,8.2,5.4,2.7,11.36,8.1,Sandy
33.2800_0.3600,33.28,0.36,16.15,48.73,272,8.2,5.4,2.7,11.92,9,Sandy
33.2800_0.4400,33.28,0.44,15.43,47.61,247.2,8.1,7.4,3.7,11.68,7.6,Sandy
33.2800_0.5200,33.28,0.52,16.36,47.31,224.9,8.2,5,2.5,10.8,9.6,Sandy
33.2800_0.6000,33.28,0.6,16.36,47.31,224.9,8.2,5.6,2.8,12,6.5,Sandy
33.2800_0.6800,33.28,0.68,16.28,47.4,217.5,8.2,5.6,2.8,11.2,10.8,Sandy
33.2800_0.7600,33.28,0.76,16.49,47.04,236.5,8.2,5.4,2.7,11.76,8.3,Sandy
33.2800_0.8400,33.28,0.84,17.06,46.19,236.8,8.2,5.5,2.75,10,6.6,Sandy
33.2800_0.9200,33.28,0.92,17.06,46.19,236.8,8.2,5.1,2.55,11.28,9.1,Sandy
33.2800_1.0000,33.28,1,17.43,45.63,215.6,8.2,5.5,2.75,10.32,6.9,Sandy
33.2800_1.0800,33.28,1.08,17.35,45.62,235.2,8.2,7.4,3.7,9.76,7.6,Sandy
33.2800_1.1600,33.28,1.16,17.35,45.62,235.2,8.1,5.6,2.8,10.24,9.2,Sandy
33.2800_1.2400,33.28,1.24,17.41,45.11,258.7,8.1,5.6,2.8,11.6,9.9,Sandy
33.2800_1.3200,33.28,1.32,17.64,44.83,243.6,8.1,5.6,2.8,10.48,6.7,Sandy
33.2800_1.4000,33.28,1.4,17.99,43.95,216.3,8.2,5.1,2.55,9.52,5.8,Sandy
33.2800_1.4800,33.28,1.48,17.99,43.95,216.3,8.1,4.7,2.35,10.96,7.9,Sandy
33.2800_1.5600,33.28,1.56,18.19,43.62,209,8.1,4.4,2.2,10.64,8.3,Sandy
33.2800_1.6400,33.28,1.64,18.36,43.34,205.9,8.2,5.7,2.85,11.12,9.2,Sandy
33.2800_1.7200,33.28,1.72,18.36,43.34,205.9,8.2,4.6,2.3,11.2,7.5,Sandy
33.2800_1.8000,33.28,1.8,18.55,43.13,232.3,8.2,4.6,2.3,10.48,6.1,Sandy
33.2800_1.8800,33.28,1.88,18.75,43.02,219.3,8.2,4.4,2.2,10.32,5.7,Sandy
33.2800_1.9600,33.28,1.96,18.78,43.74,194,8.3,4.6,2.3,10.56,6.1,Sandy
33.2800_2.0400,33.28,2.04,18.78,43.74,194,8.3,4.2,2.1,10.64,4.8,Sandy
33.2800_2.1200,33.28,2.12,18.82,43.52,184.4,8.3,4,2,10,5.5,Sandy
33.2800_2.2000,33.28,2.2,18.83,43.3,168.3,8.3,4.3,2.15,10,6.9,Sandy
33.2800_2.2800,33.28,2.28,18.8,43.59,188.6,8.3,5.1,2.55,9.44,5.1,Sandy
33.2800_2.3600,33.28,2.36,18.8,43.59,188.6,8.4,4.1,2.05,7.28,4.8,Sandy
33.2800_2.4400,33.28,2.44,18.76,43.85,165.8,8.4,4.3,2.15,9.52,5.6,Sandy
33.2800_2.5200,33.28,2.52,18.83,43.53,155.7,8.3,4.2,2.1,8.96,4.9,Sandy
33.2800_2.6000,33.28,2.6,18.83,43.53,155.7,8.3,4.2,2.1,9.36,5.9,Sandy
33.2800_2.6800,33.28,2.68,18.93,43.36,151.5,8.3,4.3,2.15,10.24,7.1,Sandy
33.2800_2.7600,33.28,2.76,19.07,43.33,163.6,8.3,4.1,2.05,9.84,4,Sandy
33.2800_2.8400,33.28,2.84,19.2,43.01,177.1,8.3,4.2,2.1,11.6,4.4,Sandy
33.2800_2.9200,33.28,2.92,19.2,43.01,177.1,8.3,4,2,11.76,3.9,Sandy
33.2800_3.0000,33.28,3,19.27,42.94,145.8,8.4,4.8,2.4,11.52,5.8,Sandy
33.2800_3.0800,33.28,3.08,19.36,42.8,153.1,8.3,4,2,11.92,4.8,Sandy
33.2800_3.1600,33.28,3.16,19.36,42.8,153.1,8.3,4.1,2.05,11.76,3.9,Sandy
33.2800_3.2400,33.28,3.24,19.45,42.68,152.3,8.3,4.4,2.2,12,5.6,Sandy
33.2800_3.3200,33.28,3.32,19.54,42.54,178.7,8.4,3.8,1.9,11.44,4,Sandy
33.2800_3.4000,33.28,3.4,19.58,42.6,168.5,8.3,3.8,1.9,10.64,4.4,Sandy
33.2800_3.4800,33.28,3.48,19.58,42.6,168.5,8.4,3.8,1.9,10.48,4.2,Sandy
33.2800_3.5600,33.28,3.56,19.72,42.5,202.4,8.3,4,2,9.84,4.4,Sandy
33.2800_3.6400,33.28,3.64,19.94,42.05,191.2,8.3,3.9,1.95,8.08,5.4,Sandy
33.2800_3.7200,33.28,3.72,20.14,41.78,200.1,8.3,4,2,9.36,4.2,Sandy
33.2800_3.8000,33.28,3.8,20.14,41.78,200.1,8.3,4.6,2.3,9.04,4.1,Sandy
33.2800_3.8800,33.28,3.88,20.28,41.66,145.9,8.3,4.3,2.15,8.48,4.4,Sandy
33.2800_3.9600,33.28,3.96,20.48,41.11,143.4,8.3,4.7,2.35,9.04,4.4,Sandy
33.2800_4.0400,33.28,4.04,20.48,41.11,143.4,8.3,4.4,2.2,8.16,5.2,Sandy
33.2800_4.1200,33.28,4.12,20.67,41.05,161.2,8.3,4.5,2.25,8.72,3.8,Sandy
33.2800_4.2000,33.28,4.2,20.97,40.47,152.8,8.3,4.4,2.2,8.16,3.2,Sandy
33.2800_4.2800,33.28,4.28,21.18,40.02,152.8,8.3,4.3,2.15,9.2,3.5,Sandy
33.2800_4.3600,33.28,4.36,21.18,40.02,152.8,8.4,4.2,2.1,8.72,3.8,Sandy
33.2800_4.4400,33.28,4.44,21.32,40.04,144.4,8.4,4.7,2.35,8.56,2.9,Sandy
33.2800_4.5200,33.28,4.52,21.54,39.87,141.3,8.3,4.6,2.3,9.6,3,Sandy
33.2800_4.6000,33.28,4.6,21.54,39.87,141.3,8.3,4.1,2.05,9.52,3,Sandy
33.2800_4.6800,33.28,4.68,21.78,39.61,159.3,8.3,4.5,2.25,9.04,3.6,Sandy
33.2800_4.7600,33.28,4.76,21.95,39.61,169.8,8.4,4.3,2.15,9.36,3,Sandy
33.2800_4.8400,33.28,4.84,22.11,39.62,166.7,8.2,4.4,2.2,9.04,3.7,Sandy
33.2800_4.9200,33.28,4.92,22.11,39.62,166.7,8.3,4.1,2.05,9.92,3.1,Sandy
33.2800_5.0000,33.28,5,22.43,39.32,152.6,8.3,4.4,2.2,10.4,3.1,Sandy
33.2800_5.0800,33.28,5.08,22.84,38.99,132.3,8.3,4.6,2.3,9.36,2.9,Sandy
33.2800_5.1600,33.28,5.16,22.84,38.99,132.3,8.3,4.8,2.4,10,3.8,Sandy
33.2800_5.2400,33.28,5.24,23.1,39.28,117.3,8.3,4.3,2.15,10.08,4.2,Silt
33.2800_5.3200,33.28,5.32,23.03,40.01,91.2,8.3,5,2.5,8.8,4,Sandy
33.2800_5.4000,33.28,5.4,22.81,40.55,90,8.3,4.5,2.25,8.96,5.9,Sandy
33.2800_5.4800,33.28,5.48,22.81,40.55,90,8.4,4.4,2.2,9.04,7.1,Sandy
33.2800_5.5600,33.28,5.56,22.79,40.48,98.2,8.4,4.8,2.4,9.2,3.9,Sandy
33.2800_5.6400,33.28,5.64,22.86,40.51,98.5,8.5,5.4,2.7,8.64,5,Sandy
33.2800_5.7200,33.28,5.72,22.75,41.14,91.9,8.4,4.3,2.15,8.24,4,Sandy
33.2800_5.8000,33.28,5.8,22.75,41.14,91.9,8.4,4.8,2.4,8.72,5.8,Sandy
33.2800_5.8800,33.28,5.88,22.66,42.02,116.1,8.3,4.2,2.1,8.72,5.8,Sandy
33.2800_5.9600,33.28,5.96,22.76,41.87,114.4,8.3,4.6,2.3,9.2,5.8,Sandy
33.2800_6.0400,33.28,6.04,22.76,41.87,114.4,8.3,5.8,2.9,9.2,4.3,Sandy
33.2800_6.1200,33.28,6.12,22.99,41.13,90.2,8.3,5.2,2.6,11.36,4.5,Silt
33.2800_6.2000,33.28,6.2,22.79,41.76,94.1,8.2,5,2.5,13.84,6.1,Sandy
33.2800_6.2800,33.28,6.28,22.67,42,101.3,8.2,4.7,2.35,11.76,4.3,Sandy
33.2800_6.3600,33.28,6.36,22.67,42,101.3,8.2,5.6,2.8,10.64,4,Sandy
33.2800_6.4400,33.28,6.44,22.61,42.32,96.3,8.2,4.6,2.3,10.96,4,Clay
33.2800_6.5200,33.28,6.52,22.58,42.56,84.3,8.1,4.2,2.1,10.24,4,Sandy
33.2800_6.6000,33.28,6.6,22.58,42.56,84.3,8.2,5.1,2.55,10.32,6.2,Sandy
33.2800_6.6800,33.28,6.68,22.53,42.83,86.3,8.1,5,2.5,10.96,5.9,Sandy
33.2800_6.7600,33.28,6.76,22.53,42.88,73.3,8.1,4.5,2.25,10.8,6.3,Sandy
33.2800_6.8400,33.28,6.84,22.64,42.63,76.2,8.1,5.4,2.7,10.72,6.4,Sandy
33.2800_6.9200,33.28,6.92,22.64,42.63,76.2,8.1,13.2,6.6,10.08,5.5,Sandy
33.2800_7.0000,33.28,7,22.63,42.77,84.1,8.1,10.9,5.45,10.32,7.4,Sandy
33.2800_7.0800,33.28,7.08,22.65,43.32,84.6,8.1,11.6,5.8,9.28,3.8,Clay
33.2800_7.1600,33.28,7.16,22.38,44.06,86.5,8,5.7,2.85,13.12,6.5,Clay
33.2800_7.2400,33.28,7.24,22.38,44.06,86.5,8,5.5,2.75,12.48,5.9,Clay
33.2800_7.3200,33.28,7.32,22.33,44.41,88,8,5,2.5,8.64,6.2,Silt
33.2800_7.4000,33.28,7.4,22.31,44.69,63.1,8,4.9,2.45,9.44,6.2,Sandy
33.2800_7.4800,33.28,7.48,22.31,44.69,63.1,8,5.7,2.85,10.72,3.6,Silt
33.2800_7.5600,33.28,7.56,22.33,44.75,63.6,8,5.6,2.8,9.84,3.8,Silt
33.2800_7.6400,33.28,7.64,22.37,44.83,63.9,8,5.4,2.7,11.36,6.2,Silt
33.2800_7.7200,33.28,7.72,22.42,44.84,65.1,7.9,5.9,2.95,11.04,6.1,Sandy
33.2800_7.8000,33.28,7.8,22.42,44.84,65.1,8,5.4,2.7,10.64,5.9,Sandy
33.2800_7.8800,33.28,7.88,22.45,44.92,65.4,7.9,5.4,2.7,11.92,3.6,Sandy
33.2800_7.9600,33.28,7.96,22.5,44.95,66.5,7.9,5.2,2.6,10.56,3.6,Silt
33.2800_8.0400,33.28,8.04,22.5,44.95,66.5,7.9,5.8,2.9,11.44,6.4,Sandy
33.2800_8.1200,33.28,8.12,22.45,45.39,76.7,7.9,5.7,2.85,9.2,6.1,Sandy
33.2800_8.2000,33.28,8.2,22.43,45.69,92.5,7.9,5.1,2.55,10.08,5.8,Sandy
33.2800_8.2800,33.28,8.28,22.38,45.88,98.5,7.9,5.6,2.8,10.08,5.9,Sandy
33.2800_8.3600,33.28,8.36,22.38,45.88,98.5,7.9,5.6,2.8,9.44,5.6,Sandy
33.2800_8.4400,33.28,8.44,22.36,46.17,99.1,7.9,5.1,2.55,10.88,5.8,Sandy
33.2800_8.5200,33.28,8.52,22.36,46.35,108.6,7.8,5.1,2.55,9.84,6.5,Silt
33.2800_8.6000,33.28,8.6,22.36,46.35,108.6,7.9,5.1,2.55,11.76,3.5,Silt
33.2800_8.6800,33.28,8.68,22.32,46.57,115.1,7.8,5,2.5,10.32,6.3,Sandy
33.3600_-2.2000,33.36,-2.2,17.11,47.9,274.6,8,6.8,3.4,11.52,5.6,Sandy
33.3600_-2.1200,33.36,-2.12,17.17,47.96,258.9,7.9,6,3,11.68,7.2,Sandy
33.3600_-2.0400,33.36,-2.04,17.29,47.5,267.2,8,6.2,3.1,12.56,8.7,Sandy
33.3600_-1.9600,33.36,-1.96,17.29,47.5,267.2,8,6.6,3.3,12.96,5.7,Sandy
33.3600_-1.8800,33.36,-1.88,17.26,47.69,273,8,6.1,3.05,12.88,5.6,Sandy
33.3600_-1.8000,33.36,-1.8,17.18,47.93,294.3,8,5.8,2.9,11.92,5.6,Sandy
33.3600_-1.7200,33.36,-1.72,17.15,47.62,297.6,8,5.7,2.85,10.88,7,Sandy
33.3600_-1.6400,33.36,-1.64,17.15,47.62,297.6,8.1,5.6,2.8,11.28,5.6,Sandy
33.3600_-1.5600,33.36,-1.56,17.26,47.37,286.7,8.1,6.2,3.1,11.44,5.6,Sandy
33.3600_-1.4800,33.36,-1.48,17.19,47.64,298.5,8.1,6,3,11.04,5.8,Sandy
33.3600_-1.4000,33.36,-1.4,17.19,47.64,298.5,8.2,5.8,2.9,10.8,8.3,Sandy
33.3600_-1.3200,33.36,-1.32,17.1,47.9,303.3,8.1,6.1,3.05,11.28,9,Sandy
33.3600_-1.2400,33.36,-1.24,17.13,47.92,281.1,8.1,6.5,3.25,12.32,6.8,Sandy
33.3600_-1.1600,33.36,-1.16,17.24,47.39,307.4,8.2,6.2,3.1,11.2,7.2,Sandy
33.3600_-1.0800,33.36,-1.08,17.24,47.39,307.4,8.2,5.9,2.95,10.96,8.9,Sandy
33.3600_-1.0000,33.36,-1,17.18,47.27,313.5,8.2,5.8,2.9,11.12,9.7,Sandy
33.3600_-0.9200,33.36,-0.92,17.1,47.2,367.1,8.1,5.4,2.7,10.48,9,Sandy
33.3600_-0.8400,33.36,-0.84,17.1,47.2,367.1,8.2,6,3,9.6,6.7,Sandy
33.3600_-0.7600,33.36,-0.76,16.92,47.87,378.4,8.1,6.5,3.25,11.84,8.1,Sandy
33.3600_-0.6800,33.36,-0.68,16.87,47.83,368.9,8.1,6.3,3.15,11.04,9.8,Sandy
33.3600_-0.6000,33.36,-0.6,16.92,47.9,333.2,8.1,6.2,3.1,10.72,8.9,Sandy
33.3600_-0.5200,33.36,-0.52,16.92,47.9,333.2,8.1,6.8,3.4,12,9.9,Sandy
33.3600_-0.4400,33.36,-0.44,16.91,47.91,337.4,8.1,6.6,3.3,12.08,9.7,Sandy
33.3600_-0.3600,33.36,-0.36,16.9,47.8,301.8,8.1,6.1,3.05,11.36,7.3,Sandy
33.3600_-0.2800,33.36,-0.28,16.9,47.8,301.8,8.2,5.9,2.95,11.2,7.5,Sandy
33.3600_-0.2000,33.36,-0.2,16.84,47.68,299,8.2,5.6,2.8,9.2,10,Sandy
33.3600_-0.1200,33.36,-0.12,16.78,47.65,309.3,8.1,5.5,2.75,10.88,9.9,Sandy
33.3600_-0.0400,33.36,-0.04,16.59,47.96,340.1,8.1,5.7,2.85,12.32,9.4,Sandy
33.3600_0.0400,33.36,0.04,16.59,47.96,340.1,8.1,5.9,2.95,11.76,10.8,Sandy
33.3600_0.1200,33.36,0.12,16.42,48.35,321,8.1,6.2,3.1,12.8,7.1,Sandy
33.3600_0.2000,33.36,0.2,16.16,48.76,305.6,8.2,5.8,2.9,12.56,9.3,Sandy
33.3600_0.2800,33.36,0.28,15.89,49.21,294,8.2,5.3,2.65,11.92,8.8,Sandy
33.3600_0.3600,33.36,0.36,15.89,49.21,294,8.1,5.5,2.75,10.88,9.1,Sandy
33.3600_0.4400,33.36,0.44,15.8,49.01,275.2,8.1,6.9,3.45,11.6,8.2,Sandy
33.3600_0.5200,33.36,0.52,15.84,48.79,257.7,8.1,6.7,3.35,12.16,9.2,Sandy
33.3600_0.6000,33.36,0.6,15.84,48.79,257.7,8.1,5.9,2.95,11.52,10.5,Sandy
33.3600_0.6800,33.36,0.68,15.09,48.26,255.8,8.1,6.8,3.4,11.52,8.7,Sandy
33.3600_0.7600,33.36,0.76,16.07,48.04,260,8.1,6,3,9.84,7.5,Sandy
33.3600_0.8400,33.36,0.84,16.55,47.22,235.3,8.2,5.3,2.65,10.88,6.5,Sandy
33.3600_0.9200,33.36,0.92,16.55,47.22,235.3,8.1,5.4,2.7,10.48,7.2,Sandy
33.3600_1.0000,33.36,1,16,46.53,240.9,8.2,5.7,2.85,11.28,8,Sandy
33.3600_1.0800,33.36,1.08,16.87,46.69,263.6,8.2,5.4,2.7,10.56,9.8,Sandy
33.3600_1.1600,33.36,1.16,16.87,46.69,263.6,8.1,4.8,2.4,11.52,9.7,Sandy
33.3600_1.2400,33.36,1.24,16.78,46.82,254.4,8.2,5.4,2.7,12.4,6.7,Sandy
33.3600_1.3200,33.36,1.32,17.02,46.21,272.9,8.2,5.3,2.65,11.2,10.2,Sandy
33.3600_1.4000,33.36,1.4,17.46,45.01,237.1,8.2,5.3,2.65,10.48,7,Sandy
33.3600_1.4800,33.36,1.48,17.46,45.01,237.1,8.2,5.1,2.55,10.96,6.3,Sandy
33.3600_1.5600,33.36,1.56,17.82,43.94,215.6,8.2,5.9,2.95,9.84,9.3,Sandy
33.3600_1.6400,33.36,1.64,18.06,43.53,203.9,8.2,5,2.5,10,7.6,Sandy
33.3600_1.7200,33.36,1.72,18.06,43.53,203.9,8.2,4.6,2.3,9.76,6.1,Sandy
33.3600_1.8000,33.36,1.8,18.36,43.19,196.9,8.2,4.7,2.35,9.6,6.3,Sandy
33.3600_1.8800,33.36,1.88,18.66,43.24,198.6,8.2,4.4,2.2,10.08,7.4,Sandy
33.3600_1.9600,33.36,1.96,18.68,44.1,196.7,8.2,4.7,2.35,10.16,6.9,Sandy
33.3600_2.0400,33.36,2.04,18.68,44.1,196.7,8.2,4.3,2.15,10.08,6.7,Sandy
33.3600_2.1200,33.36,2.12,18.53,44.57,196.1,8.2,4.3,2.15,10.48,5.1,Sandy
33.3600_2.2000,33.36,2.2,18.49,44.24,193.4,8.2,4.1,2.05,10,5.1,Sandy
33.3600_2.2800,33.36,2.28,18.55,44.37,173.3,8.3,4.6,2.3,10.56,7,Sandy
33.3600_2.3600,33.36,2.36,18.55,44.37,173.3,8.2,4.6,2.3,9.92,5.3,Sandy
33.3600_2.4400,33.36,2.44,18.63,44.46,161.4,8.3,4,2,10.48,5.6,Sandy
33.3600_2.5200,33.36,2.52,18.65,44.28,181.1,8.3,4.2,2.1,8.32,5.5,Sandy
33.3600_2.6000,33.36,2.6,18.65,44.28,181.1,8.3,4.4,2.2,10.48,6.5,Sandy
33.3600_2.6800,33.36,2.68,18.68,44.14,179,8.3,4.2,2.1,9.2,4.9,Sandy
33.3600_2.7600,33.36,2.76,18.79,44.04,192.6,8.3,4.5,2.25,10.56,5.8,Sandy
33.3600_2.8400,33.36,2.84,18.97,43.55,189.6,8.3,4.9,2.45,10.56,5.8,Sandy
33.3600_2.9200,33.36,2.92,18.97,43.55,189.6,8.3,4.5,2.25,9.92,5.4,Sandy
33.3600_3.0000,33.36,3,19.08,43.58,186.7,8.3,4.5,2.25,10.4,5.5,Sandy
33.3600_3.0800,33.36,3.08,19.17,43.39,161.5,8.3,4,2,12,4.5,Sandy
33.3600_3.1600,33.36,3.16,19.17,43.39,161.5,8.2,4.3,2.15,10.72,4.1,Sandy
33.3600_3.2400,33.36,3.24,19.28,43.05,184.3,8.3,4,2,11.68,4.4,Sandy
33.3600_3.3200,33.36,3.32,19.34,43.09,183.4,8.3,4.2,2.1,11.52,5.1,Sandy
33.3600_3.4000,33.36,3.4,19.4,43.15,204.6,8.2,4.3,2.15,11.28,4.5,Sandy
33.3600_3.4800,33.36,3.48,19.4,43.15,204.6,8.3,3.6,1.8,10,4.7,Sandy
33.3600_3.5600,33.36,3.56,19.5,43,199.1,8.3,4,2,10.16,4.2,Sandy
33.3600_3.6400,33.36,3.64,19.71,42.58,191.3,8.3,4.2,2.1,9.84,4.2,Sandy
33.3600_3.7200,33.36,3.72,19.71,42.58,191.3,8.3,4.1,2.05,10.24,5.9,Sandy
33.3600_3.8000,33.36,3.8,19.9,42.39,192,8.3,4.3,2.15,9.44,4.3,Sandy
33.3600_3.8800,33.36,3.88,20.07,42.16,162.1,8.3,4.3,2.15,10.24,4.5,Sandy
33.3600_3.9600,33.36,3.96,20.26,41.73,144.1,8.4,4.9,2.45,10.32,5.3,Sandy
33.3600_4.0400,33.36,4.04,20.26,41.73,144.1,8.4,4.7,2.35,8.56,3.8,Sandy
33.3600_4.1200,33.36,4.12,20.55,41.03,152.2,8.4,4.6,2.3,9.44,3.9,Sandy
33.3600_4.2000,33.36,4.2,20.85,40.61,164.3,8.2,5.7,2.85,8.56,5.1,Sandy
33.3600_4.2800,33.36,4.28,21.04,40.56,141.3,8.3,4.5,2.25,8.72,3.8,Sandy
33.3600_4.3600,33.36,4.36,21.04,40.56,141.3,8.3,4.6,2.3,9.28,3.5,Sandy
33.3600_4.4400,33.36,4.44,21.22,40.27,130.8,8.4,4.7,2.35,9.36,3.6,Sandy
33.3600_4.5200,33.36,4.52,21.45,39.9,135.7,8.3,5,2.5,7.92,3.1,Sandy
33.3600_4.6000,33.36,4.6,21.45,39.9,135.7,8.3,4.6,2.3,9.2,3,Sandy
33.3600_4.6800,33.36,4.68,21.69,39.71,145.3,8.3,4.1,2.05,9.52,3.3,Sandy
33.3600_4.7600,33.36,4.76,21.91,39.74,147.8,8.3,4.3,2.15,8.56,3.2,Sandy
33.3600_4.8400,33.36,4.84,22.14,39.73,184.9,8.3,3.8,1.9,9.68,3,Sandy
33.3600_4.9200,33.36,4.92,22.14,39.73,184.9,8.3,4.1,2.05,10.96,3.1,Sandy
33.3600_5.0000,33.36,5,22.44,39.59,183.8,8.3,4,2,9.68,3.2,Sandy
33.3600_5.0800,33.36,5.08,22.76,39.44,153.7,8.3,4.4,2.2,9.76,3.5,Sandy
33.3600_5.1600,33.36,5.16,22.76,39.44,153.7,8.3,4.7,2.35,10.16,4.3,Sandy
33.3600_5.2400,33.36,5.24,22.96,39.71,128.8,8.3,4.8,2.4,9.76,4.2,Sandy
33.3600_5.3200,33.36,5.32,22.91,40.26,106.8,8.3,4.3,2.15,9.68,3.9,Sandy
33.3600_5.4000,33.36,5.4,22.76,40.61,107.9,8.3,5.2,2.6,9.52,4.3,Sandy
33.3600_5.4800,33.36,5.48,22.76,40.61,107.9,8.3,5.2,2.6,8.8,4.3,Silt
33.3600_5.5600,33.36,5.56,22.81,40.47,118.6,8.3,4.2,2.1,9.12,4.4,Sandy
33.3600_5.6400,33.36,5.64,22.91,40.6,105.2,8.4,4.6,2.3,8.4,4.2,Sandy
33.3600_5.7200,33.36,5.72,22.91,40.6,105.2,8.4,4.2,2.1,8.88,3.9,Sandy
33.3600_5.8000,33.36,5.8,22.77,41.32,88.1,8.3,4.7,2.35,9.68,5.8,Sandy
33.3600_5.8800,33.36,5.88,22.67,41.96,104.8,8.3,4.6,2.3,8.16,6.1,Sandy
33.3600_5.9600,33.36,5.96,22.73,42.06,124.2,8.3,4.7,2.35,8.48,6.2,Sandy
33.3600_6.0400,33.36,6.04,22.73,42.06,124.2,8.3,4.4,2.2,9.28,6,Sandy
33.3600_6.1200,33.36,6.12,22.82,41.73,92.8,8.2,4.6,2.3,9.28,4.1,Sandy
33.3600_6.2000,33.36,6.2,22.75,41.91,97,8.2,4.4,2.2,9.84,4.8,Clay
33.3600_6.2800,33.36,6.28,22.68,42.07,106,8.2,4.8,2.4,10.4,4,Clay
33.3600_6.3600,33.36,6.36,22.68,42.07,106,8.2,5,2.5,9.36,4.1,Sandy
33.3600_6.4400,33.36,6.44,22.68,42.21,112.7,8.1,4.6,2.3,9.44,3.6,Sandy
33.3600_6.5200,33.36,6.52,22.64,42.53,93,8.1,4.9,2.45,10.08,4.2,Sandy
33.3600_6.6000,33.36,6.6,22.64,42.53,93,8.1,4.9,2.45,9.28,3.6,Sandy
33.3600_6.6800,33.36,6.68,22.6,42.78,89.2,8.1,5.6,2.8,10.4,4.2,Sandy
33.3600_6.7600,33.36,6.76,22.67,42.69,91,8.1,4.6,2.3,10.08,3.8,Sandy
33.3600_6.8400,33.36,6.84,22.91,42.12,83.8,0,0,0,0,0,Unknown
33.3600_6.9200,33.36,6.92,22.91,42.12,83.8,8.1,11.5,5.75,8.56,3.5,Clay
33.3600_7.0000,33.36,7,22.62,43.09,80.9,8.1,11.2,5.6,9.52,5.9,Sandy
33.3600_7.0800,33.36,7.08,22.69,43.59,88.7,8.1,11.4,5.7,9.36,6,Sandy
33.3600_7.1600,33.36,7.16,22.69,43.59,88.7,8.1,5,2.5,8.96,6.1,Sandy
33.3600_7.2400,33.36,7.24,22.42,44.14,87,8,6.3,3.15,12.08,6.4,Clay
33.3600_7.3200,33.36,7.32,22.48,44.78,80.8,8,4.6,2.3,10.4,6.3,Silt
33.3600_7.4000,33.36,7.4,22.32,45.02,65.6,7.9,4.6,2.3,9.68,6.1,Sandy
33.3600_7.4800,33.36,7.48,22.32,45.02,65.6,7.9,5.9,2.95,9.84,6.9,Sandy
33.3600_7.5600,33.36,7.56,22.33,45.1,75.6,8,5.1,2.55,9.68,3.7,Sandy
33.3600_7.6400,33.36,7.64,22.38,45.07,72.6,7.9,6.4,3.2,10.24,6.5,Sandy
33.3600_7.7200,33.36,7.72,22.38,45.07,72.6,7.9,5.6,2.8,11.36,6.3,Sandy
33.3600_7.8000,33.36,7.8,22.45,45.1,74.7,8,5.5,2.75,10.24,3,Sandy
33.3600_7.8800,33.36,7.88,22.49,45.15,66.4,7.9,5.2,2.6,9.76,3.3,Sandy
33.3600_7.9600,33.36,7.96,22.5,45.4,71.2,7.9,4.9,2.45,10.4,4,Sandy
33.3600_8.0400,33.36,8.04,22.5,45.4,71.2,7.9,4.8,2.4,10.96,6,Sandy
33.3600_8.1200,33.36,8.12,22.42,45.93,83,7.9,6.5,3.25,10.16,5.8,Sandy
33.3600_8.2000,33.36,8.2,22.42,46.11,102,7.9,6.1,3.05,11.44,5.8,Sandy
33.3600_8.2800,33.36,8.28,22.46,46.05,92,7.9,5,2.5,10.4,5.6,Sandy
33.3600_8.3600,33.36,8.36,22.46,46.05,92,7.9,5.8,2.9,10.56,5.5,Sandy
33.3600_8.4400,33.36,8.44,22.49,46.18,104.9,7.9,5.1,2.55,10.48,5.6,Silt
33.3600_8.5200,33.36,8.52,22.49,46.36,122,7.9,5.4,2.7,11.92,6.2,Silt
33.3600_8.6000,33.36,8.6,22.49,46.36,122,7.9,5.9,2.95,10.24,7.2,Sandy
33.3600_8.6800,33.36,8.68,22.37,46.86,126.7,7.9,7.5,3.75,11.68,7,Silt
33.4400_-2.2000,33.44,-2.2,17.2,48.2,255.7,7.9,6.9,3.45,12.24,9.2,Sandy
33.4400_-2.1200,33.44,-2.12,17.25,48.18,262,7.9,6.3,3.15,12.88,6.1,Sandy
33.4400_-2.0400,33.44,-2.04,17.36,48.03,262.2,8,5.9,2.95,13.04,8.6,Sandy
33.4400_-1.9600,33.44,-1.96,17.36,48.03,262.2,8,6.1,3.05,12.56,8.2,Clay
33.4400_-1.8800,33.44,-1.88,17.38,48.09,279.5,8,5.9,2.95,13.12,8.8,Clay
33.4400_-1.8000,33.44,-1.8,17.31,48.32,266.6,8,5.9,2.95,12.72,8.9,Clay
33.4400_-1.7200,33.44,-1.72,17.29,47.96,278.9,8.1,6,3,11.36,6.1,Clay
33.4400_-1.6400,33.44,-1.64,17.29,47.96,278.9,8.1,5.9,2.95,10.48,5.6,Sandy
33.4400_-1.5600,33.44,-1.56,17.31,47.68,264.9,8.1,6.2,3.1,11.84,6.5,Sandy
33.4400_-1.4800,33.44,-1.48,17.27,47.69,266.5,8.1,6.1,3.05,11.28,5.8,Sandy
33.4400_-1.4000,33.44,-1.4,17.27,47.69,266.5,8.1,6.2,3.1,10.88,8,Sandy
33.4400_-1.3200,33.44,-1.32,17.11,48.08,291.6,8.1,6.3,3.15,11.76,6.7,Clay
33.4400_-1.2400,33.44,-1.24,17.07,48.28,314.2,8.1,6.3,3.15,10.24,8.1,Sandy
33.4400_-1.1600,33.44,-1.16,17.18,48,328.3,8.1,6.5,3.25,11.76,6.3,Sandy
33.4400_-1.0800,33.44,-1.08,17.18,48,328.3,8.1,6.3,3.15,11.84,9.7,Sandy
33.4400_-1.0000,33.44,-1,17.25,47.6,314.2,8.1,6.3,3.15,11.92,9.1,Sandy
33.4400_-0.9200,33.44,-0.92,17.18,47.54,306.8,8.1,6.3,3.15,11.92,9.1,Sandy
33.4400_-0.8400,33.44,-0.84,17.18,47.54,306.8,8.1,5.8,2.9,11.2,9,Sandy
33.4400_-0.7600,33.44,-0.76,17.09,47.57,345.7,8.1,6.1,3.05,11.68,7.3,Sandy
33.4400_-0.6800,33.44,-0.68,17.12,47.8,360.2,8.1,9.5,4.75,11.12,6.4,Sandy
33.4400_-0.6000,33.44,-0.6,17.05,48.52,310.7,8,6.6,3.3,11.36,10.1,Sandy
33.4400_-0.5200,33.44,-0.52,17.05,48.52,310.7,8.1,7,3.5,11.44,10.2,Sandy
33.4400_-0.4400,33.44,-0.44,16.84,48.54,325.1,8.1,6.3,3.15,11.68,9.8,Sandy
33.4400_-0.3600,33.44,-0.36,16.71,48.55,280.4,8.1,6.2,3.1,9.52,10.4,Sandy
33.4400_-0.2800,33.44,-0.28,16.71,48.55,280.4,8.1,5.1,2.55,9.04,8.7,Sandy
33.4400_-0.2000,33.44,-0.2,16.85,47.99,257,8.1,5.7,2.85,9.04,7.9,Sandy
33.4400_-0.1200,33.44,-0.12,16.84,47.95,269.8,8.1,5.5,2.75,10.64,9.4,Sandy
33.4400_-0.0400,33.44,-0.04,16.66,48.24,319.6,8.1,5.3,2.65,10.16,7,Sandy
33.4400_0.0400,33.44,0.04,16.66,48.24,319.6,8.1,5.4,2.7,10.88,9.9,Sandy
33.4400_0.1200,33.44,0.12,16.41,48.62,280.7,8.1,6,3,13.04,7.6,Sandy
33.4400_0.2000,33.44,0.2,16.21,48.89,316.5,8.1,6,3,12.4,10.5,Sandy
33.4400_0.2800,33.44,0.28,15.95,49.37,331.8,8,6.2,3.1,11.28,11.5,Sandy
33.4400_0.3600,33.44,0.36,15.95,49.37,331.8,8.1,6.2,3.1,11.12,7.2,Sandy
33.4400_0.4400,33.44,0.44,15.78,49.49,346.6,8.1,5.6,2.8,11.84,7.2,Sandy
33.4400_0.5200,33.44,0.52,15.77,49.46,303.9,8.2,5.7,2.85,11.28,8,Sandy
33.4400_0.6000,33.44,0.6,15.77,49.46,303.9,8.1,6,3,11.76,7.2,Sandy
33.4400_0.6800,33.44,0.68,15.73,49.28,274.6,8.2,6.1,3.05,11.68,10.3,Sandy
33.4400_0.7600,33.44,0.76,15.74,49,295.3,8.1,5.7,2.85,12,7.5,Sandy
33.4400_0.8400,33.44,0.84,15.84,48.84,307.3,8.1,5.8,2.9,11.04,6.7,Sandy
33.4400_0.9200,33.44,0.92,15.84,48.84,307.3,8.1,5.7,2.85,11.6,6.8,Sandy
33.4400_1.0000,33.44,1,16.1,48.2,253.4,8.2,5,2.5,12.24,6.9,Sandy
33.4400_1.0800,33.44,1.08,16.2,48.02,246.1,8.1,6,3,12.72,7.6,Sandy
33.4400_1.1600,33.44,1.16,16.2,48.02,246.1,8.1,6.4,3.2,12.08,10.4,Sandy
33.4400_1.2400,33.44,1.24,16.25,48.31,271.9,8.2,5.9,2.95,10.32,9.7,Sandy
33.4400_1.3200,33.44,1.32,16.53,47.5,270.5,8.1,5.7,2.85,11.2,11.4,Sandy
33.4400_1.4000,33.44,1.4,15.68,48.11,292,8.1,6,3,11.84,9.4,Sandy
33.4400_1.4800,33.44,1.48,16.8,46.19,262.4,8.2,5.7,2.85,10.4,6.8,Sandy
33.4400_1.5600,33.44,1.56,16.3,44.96,256.5,8.1,6.7,3.35,10.24,8.9,Sandy
33.4400_1.6400,33.44,1.64,15.56,44.03,247.9,8.1,8,4,10.96,10.2,Sandy
33.4400_1.7200,33.44,1.72,17.41,44.47,247.9,8.1,5.2,2.6,10.24,9.2,Sandy
33.4400_1.8000,33.44,1.8,17.93,43.79,233,8.2,4.7,2.35,9.36,5.1,Sandy
33.4400_1.8800,33.44,1.88,18.49,43.39,214.6,8.3,4.8,2.4,9.04,6.8,Sandy
33.4400_1.9600,33.44,1.96,18.62,44.18,206.6,8.2,4.5,2.25,9.84,6.5,Sandy
33.4400_2.0400,33.44,2.04,18.62,44.18,206.6,8.2,4.7,2.35,10.56,7.8,Sandy
33.4400_2.1200,33.44,2.12,18.46,44.71,221.2,8.2,4.8,2.4,9.6,7.6,Sandy
33.4400_2.2000,33.44,2.2,18.29,44.96,235.1,8.2,4.6,2.3,10.24,7.4,Sandy
33.4400_2.2800,33.44,2.28,18.29,44.96,235.1,8.2,4.6,2.3,10.4,7,Sandy
33.4400_2.3600,33.44,2.36,18.4,44.96,216.2,8.2,4.7,2.35,11.6,5.9,Sandy
33.4400_2.4400,33.44,2.44,18.59,44.8,187,8.2,4.7,2.35,11.04,8.4,Sandy
33.4400_2.5200,33.44,2.52,18.62,44.72,182.6,8.2,4.5,2.25,9.6,6.5,Sandy
33.4400_2.6000,33.44,2.6,18.62,44.72,182.6,8.1,4.6,2.3,10.24,7.8,Sandy
33.4400_2.6800,33.44,2.68,18.59,44.67,200.9,8.2,4.5,2.25,10.88,7.8,Sandy
33.4400_2.7600,33.44,2.76,18.62,44.49,200.8,8.2,4.4,2.2,11.44,8.5,Sandy
33.4400_2.8400,33.44,2.84,18.77,44.1,188.9,8.2,5.3,2.65,10.64,7.7,Sandy
33.4400_2.9200,33.44,2.92,18.77,44.1,188.9,8.2,4.2,2.1,11.52,4.6,Sandy
33.4400_3.0000,33.44,3,18.92,43.88,180.5,8.3,4.5,2.25,12.24,5.7,Sandy
33.4400_3.0800,33.44,3.08,18.98,43.94,179.2,8.3,4.6,2.3,12,6.2,Sandy
33.4400_3.1600,33.44,3.16,18.98,43.94,179.2,8.3,4.6,2.3,11.68,6.5,Sandy
33.4400_3.2400,33.44,3.24,19.06,43.78,180.3,8.3,4.9,2.45,11.6,6.2,Sandy
33.4400_3.3200,33.44,3.32,19.14,43.68,184,8.2,4.6,2.3,9.76,4.8,Sandy
33.4400_3.4000,33.44,3.4,19.22,43.67,166.4,8.2,4.3,2.15,9.12,6.2,Sandy
33.4400_3.4800,33.44,3.48,19.22,43.67,166.4,8.3,4.5,2.25,10.72,6.7,Sandy
33.4400_3.5600,33.44,3.56,19.4,43.23,176.4,8.3,4.6,2.3,10.16,5.8,Sandy
33.4400_3.6400,33.44,3.64,19.47,43.46,183.9,8.3,4.3,2.15,10.96,6,Sandy
33.4400_3.7200,33.44,3.72,19.47,43.46,183.9,8.3,4.7,2.35,10.88,5.9,Sandy
33.4400_3.8000,33.44,3.8,19.71,42.96,151.3,8.3,4.1,2.05,11.04,4.5,Sandy
33.4400_3.8800,33.44,3.88,19.93,42.69,146.1,8.3,4,2,10.56,4.7,Sandy
33.4400_3.9600,33.44,3.96,20.16,41.95,157.4,8.3,4.3,2.15,11.04,3.9,Sandy
33.4400_4.0400,33.44,4.04,20.16,41.95,157.4,8.3,4.5,2.25,9.2,3.9,Sandy
33.4400_4.1200,33.44,4.12,20.39,41.54,152.2,8.3,5,2.5,8.8,3.8,Sandy
33.4400_4.2000,33.44,4.2,20.63,41.32,154.8,8.4,4.7,2.35,8.64,4.9,Sandy
33.4400_4.2800,33.44,4.28,20.63,41.32,154.8,8.3,4.7,2.35,8.56,4.4,Sandy
33.4400_4.3600,33.44,4.36,20.88,40.92,151.4,8.3,4.6,2.3,9.52,3.8,Sandy
33.4400_4.4400,33.44,4.44,21.1,40.57,144.5,8.3,5,2.5,10.16,4.9,Sandy
33.4400_4.5200,33.44,4.52,21.37,40.08,142.2,8.3,4.6,2.3,8.72,3.6,Sandy
33.4400_4.6000,33.44,4.6,21.37,40.08,142.2,8.3,4.5,2.25,9.04,3.8,Sandy
33.4400_4.6800,33.44,4.68,21.65,39.81,149.4,8.3,4.3,2.15,9.6,4.3,Sandy
33.4400_4.7600,33.44,4.76,21.89,39.79,151.1,8.3,4.1,2.05,9.12,3,Sandy
33.4400_4.8400,33.44,4.84,22.14,39.87,167.3,8.3,3.9,1.95,9.04,2.8,Sandy
33.4400_4.9200,33.44,4.92,22.14,39.87,167.3,8.4,3.9,1.95,9.84,3.3,Sandy
33.4400_5.0000,33.44,5,22.37,39.96,178,8.3,4.1,2.05,10.08,3.4,Sandy
33.4400_5.0800,33.44,5.08,22.6,40.04,146.4,8.3,4.3,2.15,8.96,3.3,Sandy
33.4400_5.1600,33.44,5.16,22.6,40.04,146.4,8.3,4.3,2.15,9.6,3.9,Sandy
33.4400_5.2400,33.44,5.24,22.72,40.2,114.8,8.3,4.4,2.2,8.64,3.8,Sandy
33.4400_5.3200,33.44,5.32,22.71,40.48,110.2,8.3,4.3,2.15,9.44,3.7,Sandy
33.4400_5.4000,33.44,5.4,22.68,40.8,130.4,8.4,4,2,8.96,4.2,Sandy
33.4400_5.4800,33.44,5.48,22.68,40.8,130.4,8.3,3.8,1.9,8.72,4.6,Sandy
33.4400_5.5600,33.44,5.56,22.84,40.6,101.7,8.4,5.9,2.95,9.04,4.6,Sandy
33.4400_5.6400,33.44,5.64,22.97,40.78,90,8.4,4.8,2.4,9.28,4.3,Sandy
33.4400_5.7200,33.44,5.72,22.97,40.78,90,8.4,4.2,2.1,10,4.3,Silt
33.4400_5.8000,33.44,5.8,22.82,41.41,92.6,8.3,4.3,2.15,8.08,6,Sandy
33.4400_5.8800,33.44,5.88,22.76,41.94,105,8.3,4.6,2.3,7.92,5.9,Sandy
33.4400_5.9600,33.44,5.96,22.91,41.69,114.2,8.2,5.1,2.55,10.24,6.3,Clay
33.4400_6.0400,33.44,6.04,22.91,41.69,114.2,8.2,5.1,2.55,9.2,11.3,Sandy
33.4400_6.1200,33.44,6.12,22.83,41.97,105.8,8.2,4.2,2.1,10.4,4.8,Clay
33.4400_6.2000,33.44,6.2,22.74,42.01,105.3,8.3,4.2,2.1,9.44,3.8,Sandy
33.4400_6.2800,33.44,6.28,22.74,42.01,105.3,8.1,5,2.5,10,4.8,Sandy
33.4400_6.3600,33.44,6.36,22.69,42.22,108.2,8.2,4.3,2.15,9.6,4.6,Sandy
33.4400_6.4400,33.44,6.44,22.69,42.4,109.6,8.1,10.8,5.4,9.68,3.8,Clay
33.4400_6.5200,33.44,6.52,22.68,42.53,110.2,8.1,4,2,9.36,3.6,Clay
33.4400_6.6000,33.44,6.6,22.68,42.53,110.2,8.1,4.4,2.2,11.52,3.9,Clay
33.4400_6.6800,33.44,6.68,22.67,42.68,103.4,8.2,5,2.5,8.64,3.3,Sandy
33.4400_6.7600,33.44,6.76,22.78,42.55,107.1,8,5.8,2.9,10.56,8.4,Sandy
33.4400_6.8400,33.44,6.84,22.78,42.55,107.1,8.1,4.6,2.3,10.16,6,Sandy
33.4400_6.9200,33.44,6.92,22.75,42.91,114.6,8.1,4.7,2.35,9.36,5.9,Clay
33.4400_7.0000,33.44,7,22.66,43.34,93.9,8,5.5,2.75,8.88,6,Sandy
33.4400_7.0800,33.44,7.08,22.73,43.88,87.3,8,5.1,2.55,9.44,4,Sandy
33.4400_7.1600,33.44,7.16,22.73,43.88,87.3,8,5.3,2.65,9.36,6.1,Sandy
33.4400_7.2400,33.44,7.24,22.62,44.34,80.7,8,6.7,3.35,10.72,4.5,Silt
33.4400_7.3200,33.44,7.32,22.54,44.95,92.1,8,5.5,2.75,9.68,6.1,Sandy
33.4400_7.4000,33.44,7.4,22.45,45.53,85.8,8,5,2.5,10.96,6.2,Silt
33.4400_7.4800,33.44,7.48,22.45,45.53,85.8,7.9,5.2,2.6,10.8,8.8,Clay
33.4400_7.5600,33.44,7.56,22.33,45.45,91.2,7.9,5.3,2.65,9.68,11.2,Sandy
33.4400_7.6400,33.44,7.64,22.39,45.39,80,7.9,5.5,2.75,9.76,3.8,Sandy
33.4400_7.7200,33.44,7.72,22.39,45.39,80,8,5.7,2.85,9.36,4,Silt
33.4400_7.8000,33.44,7.8,22.44,45.36,80.2,8,5.5,2.75,11.12,3.7,Silt
33.4400_7.8800,33.44,7.88,22.46,45.52,80,8,6.4,3.2,9.04,3.3,Silt
33.4400_7.9600,33.44,7.96,22.44,45.99,88.7,8,5.3,2.65,9.76,3.8,Sandy
33.4400_8.0400,33.44,8.04,22.44,45.99,88.7,7.9,4.9,2.45,11.12,5.9,Sandy
33.4400_8.1200,33.44,8.12,22.47,46.18,94.2,7.9,5.1,2.55,10.8,6,Silt
33.4400_8.2000,33.44,8.2,22.57,46.07,108.7,8,4.8,2.4,10.16,6.3,Sandy
33.4400_8.2800,33.44,8.28,22.57,46.07,108.7,8,5,2.5,10.16,3.6,Sandy
33.4400_8.3600,33.44,8.36,22.8,45.48,110.4,8,4.8,2.4,10.96,4,Sandy
33.4400_8.4400,33.44,8.44,22.94,45.8,122.1,7.9,5.8,2.9,10.24,3.9,Sandy
33.4400_8.5200,33.44,8.52,22.8,46.32,118.2,7.9,5.8,2.9,10.56,6.7,Sandy
33.4400_8.6000,33.44,8.6,22.8,46.32,118.2,7.9,5.2,2.6,10.56,7,Silt
33.4400_8.6800,33.44,8.68,22.36,47.16,124.5,7.9,6,3,12.64,6.8,Sandy
33.5200_-2.2000,33.52,-2.2,17.37,48.45,274.6,7.9,6.4,3.2,12.96,8.5,Sandy
33.5200_-2.1200,33.52,-2.12,17.39,48.22,279.2,8,6.2,3.1,12.4,5.3,Sandy
33.5200_-2.0400,33.52,-2.04,17.37,48.59,264.4,8,6.4,3.2,12.88,6,Sandy
33.5200_-1.9600,33.52,-1.96,17.37,48.59,264.4,8,6.2,3.1,12.16,5.9,Sandy
33.5200_-1.8800,33.52,-1.88,17.37,48.57,253.5,8,6.2,3.1,11.92,5.9,Sandy
33.5200_-1.8000,33.52,-1.8,17.36,48.63,263.6,8,6.4,3.2,12,6.5,Sandy
33.5200_-1.7200,33.52,-1.72,17.33,48.48,257.2,8,6.4,3.2,12.32,6.4,Sandy
33.5200_-1.6400,33.52,-1.64,17.33,48.48,257.2,8,6.3,3.15,11.68,6.8,Silt
33.5200_-1.5600,33.52,-1.56,17.36,47.93,281.7,8,6.3,3.15,10.56,5.5,Sandy
33.5200_-1.4800,33.52,-1.48,17.34,47.82,291.9,8.1,6.4,3.2,10.64,5.6,Sandy
33.5200_-1.4000,33.52,-1.4,17.34,47.82,291.9,8.1,6.1,3.05,10,5.5,Sandy
33.5200_-1.3200,33.52,-1.32,17.19,48.19,304.3,8,6.3,3.15,10.88,7.5,Sandy
33.5200_-1.2400,33.52,-1.24,17.09,48.42,346.9,8.1,6.1,3.05,11.04,5.8,Silt
33.5200_-1.1600,33.52,-1.16,17.17,48.27,327,8,6.3,3.15,10.72,7.5,Clay
33.5200_-1.0800,33.52,-1.08,17.17,48.27,327,8.1,6.1,3.05,11.12,6,Sandy
33.5200_-1.0000,33.52,-1,17.25,48.13,310.5,8.1,6.7,3.35,10.48,8.6,Clay
33.5200_-0.9200,33.52,-0.92,17.21,47.98,284.9,8,6.3,3.15,10.64,7.8,Sandy
33.5200_-0.8400,33.52,-0.84,17.21,47.98,284.9,8.1,7,3.5,10.64,8.8,Sandy
33.5200_-0.7600,33.52,-0.76,17.1,48.1,317.9,8.1,5.9,2.95,9.84,8.6,Sandy
33.5200_-0.6800,33.52,-0.68,17.13,48.48,339,8.1,6.3,3.15,10.48,10,Sandy
33.5200_-0.6000,33.52,-0.6,17.14,48.51,330.9,8.1,6.6,3.3,10.4,9.5,Sandy
33.5200_-0.5200,33.52,-0.52,17.14,48.51,330.9,8.1,6.5,3.25,11.28,8.5,Sandy
33.5200_-0.4400,33.52,-0.44,16.83,48.68,341.1,8.1,5.8,2.9,11.12,9.7,Sandy
33.5200_-0.3600,33.52,-0.36,15.05,48.49,320.1,8,7.6,3.8,10.48,10.3,Sandy
33.5200_-0.2800,33.52,-0.28,16.65,48.84,320.1,8.1,6,3,9.76,8.3,Sandy
33.5200_-0.2000,33.52,-0.2,16.75,48.45,310.4,8.1,5.5,2.75,10.8,7.5,Silt
33.5200_-0.1200,33.52,-0.12,16.79,48.32,294.8,8.1,5.8,2.9,9.28,8.6,Sandy
33.5200_-0.0400,33.52,-0.04,16.6,48.5,329.2,8.1,6.5,3.25,11.2,6.9,Sandy
33.5200_0.0400,33.52,0.04,16.6,48.5,329.2,8.1,6.6,3.3,11.04,8.9,Sandy
33.5200_0.1200,33.52,0.12,16.35,48.84,358.4,8.1,6.4,3.2,10.32,9.2,Sandy
33.5200_0.2000,33.52,0.2,16.3,48.94,314.5,8.1,6.6,3.3,10.8,10.6,Sandy
33.5200_0.2800,33.52,0.28,16.24,48.98,320.6,8.1,6.2,3.1,11.92,5.9,Sandy
33.5200_0.3600,33.52,0.36,16.24,48.98,320.6,8.1,7,3.5,11.12,9.9,Sandy
33.5200_0.4400,33.52,0.44,16.04,49.33,336.8,8.2,6.5,3.25,11.76,9.6,Sandy
33.5200_0.5200,33.52,0.52,15.87,49.72,293.2,8.2,5.8,2.9,12.16,9.8,Sandy
33.5200_0.6000,33.52,0.6,15.87,49.72,293.2,8.1,5.6,2.8,12.24,7.9,Sandy
33.5200_0.6800,33.52,0.68,15.7,49.86,316.1,8.1,5.6,2.8,11.36,9.4,Sandy
33.5200_0.7600,33.52,0.76,15.55,49.79,337,8.1,6.1,3.05,12.48,7.9,Sandy
33.5200_0.8400,33.52,0.84,15.31,50.09,338,8.1,7.7,3.85,13.12,8.7,Sandy
33.5200_0.9200,33.52,0.92,15.31,50.09,338,8,6.7,3.35,12.8,8.6,Sandy
33.5200_1.0000,33.52,1,15.36,49.91,334.1,8,6.9,3.45,12.24,7.4,Sandy
33.5200_1.0800,33.52,1.08,13.76,50.29,313.8,8,8.6,4.3,11.92,10.4,Sandy
33.5200_1.1600,33.52,1.16,15.59,49.48,286.9,8.1,6.7,3.35,12.72,8.5,Sandy
33.5200_1.2400,33.52,1.24,15.87,49.3,284.5,8.1,5.5,2.75,12.56,12.2,Sandy
33.5200_1.3200,33.52,1.32,16.05,48.58,290.8,8.1,6.8,3.4,12.08,7.8,Sandy
33.5200_1.4000,33.52,1.4,15.98,48.19,292,8.1,6.4,3.2,12.4,7.8,Sandy
33.5200_1.4800,33.52,1.48,15.98,48.19,292,8.2,6.1,3.05,11.04,10.4,Sandy
33.5200_1.5600,33.52,1.56,16.05,47.12,300.6,8.1,5.7,2.85,11.44,10.3,Sandy
33.5200_1.6400,33.52,1.64,15.87,45.84,293.9,8.1,7.4,3.7,12.32,7.8,Sandy
33.5200_1.7200,33.52,1.72,15.61,47.7,320.9,8.1,6,3,11.68,7.9,Sandy
33.5200_1.8000,33.52,1.8,17.33,45.45,267.5,8.2,5.2,2.6,10.32,5.8,Sandy
33.5200_1.8800,33.52,1.88,18,44.94,260.5,8.2,4.8,2.4,9.44,10.2,Sandy
33.5200_1.9600,33.52,1.96,18.42,44.48,226.4,8.2,4.4,2.2,9.52,6.1,Sandy
33.5200_2.0400,33.52,2.04,18.42,44.48,226.4,8.2,4.9,2.45,9.44,6.4,Sandy
33.5200_2.1200,33.52,2.12,18.45,44.52,228,8.2,4.7,2.35,10.32,8.9,Sandy
33.5200_2.2000,33.52,2.2,18.24,45.3,241.4,8.2,4.7,2.35,9.12,9.9,Sandy
33.5200_2.2800,33.52,2.28,18.24,45.3,241.4,8.2,4.7,2.35,9.28,9,Sandy
33.5200_2.3600,33.52,2.36,18.28,45.49,231.5,8.2,4.5,2.25,9.92,6.5,Sandy
33.5200_2.4400,33.52,2.44,18.5,45.11,207.4,8.2,4.6,2.3,11.12,7.3,Sandy
33.5200_2.5200,33.52,2.52,18.6,45.05,188.2,8.2,4.5,2.25,10,8.1,Sandy
33.5200_2.6000,33.52,2.6,18.6,45.05,188.2,8.1,4.3,2.15,10.56,9.1,Sandy
33.5200_2.6800,33.52,2.68,18.61,44.72,200.9,8.2,4.5,2.25,10.8,7.3,Sandy
33.5200_2.7600,33.52,2.76,18.61,44.6,204.8,8.1,4.4,2.2,12.8,7.1,Sandy
33.5200_2.8400,33.52,2.84,18.61,44.6,204.8,8.2,4.8,2.4,10.8,7.1,Sandy
33.5200_2.9200,33.52,2.92,18.7,44.31,194.3,8.2,4.5,2.25,13.12,8.1,Sandy
33.5200_3.0000,33.52,3,18.8,44.26,198.5,8.1,4.5,2.25,13.44,9.7,Sandy
33.5200_3.0800,33.52,3.08,18.86,44.39,183.5,8.2,4.6,2.3,11.52,9,Sandy
33.5200_3.1600,33.52,3.16,18.86,44.39,183.5,8.2,5.4,2.7,13.04,9.8,Sandy
33.5200_3.2400,33.52,3.24,18.95,44.23,189.6,8.2,4.7,2.35,15.6,5.9,Sandy
33.5200_3.3200,33.52,3.32,19.08,43.93,171.1,8.2,5.1,2.55,14.48,7.7,Sandy
33.5200_3.4000,33.52,3.4,19.18,43.84,177.6,8.2,4.3,2.15,14.32,4.6,Sandy
33.5200_3.4800,33.52,3.48,19.18,43.84,177.6,8.3,4.6,2.3,9.6,7.6,Sandy
33.5200_3.5600,33.52,3.56,19.27,43.69,187,8.3,4.5,2.25,11.12,4.9,Sandy
33.5200_3.6400,33.52,3.64,19.37,43.7,188.6,8.3,4.7,2.35,11.68,6.5,Sandy
33.5200_3.7200,33.52,3.72,19.37,43.7,188.6,8.3,4.3,2.15,11.68,5.1,Sandy
33.5200_3.8000,33.52,3.8,19.59,43.33,160.9,8.3,4.6,2.3,10.32,4.4,Sandy
33.5200_3.8800,33.52,3.88,19.83,42.82,150.7,8.3,4.5,2.25,9.76,4.4,Sandy
33.5200_3.9600,33.52,3.96,20.08,42.17,172.4,8.3,3.9,1.95,9.84,4,Sandy
33.5200_4.0400,33.52,4.04,20.08,42.17,172.4,8.3,4.3,2.15,9.12,4.4,Sandy
33.5200_4.1200,33.52,4.12,20.27,41.94,172.7,8.3,5,2.5,9.12,5.3,Sandy
33.5200_4.2000,33.52,4.2,20.49,41.49,157.5,8.3,5.3,2.65,8.96,4.4,Sandy
33.5200_4.2800,33.52,4.28,20.49,41.49,157.5,8.3,4.7,2.35,9.04,4.4,Sandy
33.5200_4.3600,33.52,4.36,20.71,41.34,151.2,8.3,4.7,2.35,8.4,4.7,Sandy
33.5200_4.4400,33.52,4.44,21,40.78,143.3,8.3,4.5,2.25,9.36,5.3,Sandy
33.5200_4.5200,33.52,4.52,21.32,40.11,143.1,8.3,4.5,2.25,8.56,4.1,Sandy
33.5200_4.6000,33.52,4.6,21.32,40.11,143.1,8.3,4.9,2.45,9.28,4.2,Sandy
33.5200_4.6800,33.52,4.68,21.61,39.84,132.5,8.3,4.7,2.35,8.64,3.6,Sandy
33.5200_4.7600,33.52,4.76,21.84,40.07,155.9,8.3,4.5,2.25,9.2,3.7,Sandy
33.5200_4.8400,33.52,4.84,21.84,40.07,155.9,8.3,4.1,2.05,9.28,3.7,Sandy
33.5200_4.9200,33.52,4.92,22.04,40.11,173.2,8.3,4,2,9.68,3.3,Sandy
33.5200_5.0000,33.52,5,22.22,40.38,182.8,8.3,4.4,2.2,9.6,3.3,Sandy
33.5200_5.0800,33.52,5.08,22.39,40.54,136.5,8.2,4.1,2.05,9.04,3.3,Sandy
33.5200_5.1600,33.52,5.16,22.39,40.54,136.5,8.3,3.6,1.8,9.76,3.2,Sandy
33.5200_5.2400,33.52,5.24,22.51,40.56,107.8,8.2,4.3,2.15,9.6,3.2,Sandy
33.5200_5.3200,33.52,5.32,22.53,40.94,118.8,8.3,4.7,2.35,9.76,3.5,Sandy
33.5200_5.4000,33.52,5.4,22.53,40.94,118.8,8.3,4,2,10.32,3.5,Sandy
33.5200_5.4800,33.52,5.48,22.62,41.05,107.6,8.4,4.5,2.25,9.76,3.7,Sandy
33.5200_5.5600,33.52,5.56,22.85,40.76,103.3,8.2,4.8,2.4,8.72,4.7,Sandy
33.5200_5.6400,33.52,5.64,23.05,40.57,106.6,8.3,4.3,2.15,10.32,3.6,Silt
33.5200_5.7200,33.52,5.72,23.05,40.57,106.6,8.3,5.8,2.9,8.96,4.3,Silt
33.5200_5.8000,33.52,5.8,22.87,41.49,94.9,8.4,4.5,2.25,7.6,6.4,Sandy
33.5200_5.8800,33.52,5.88,22.87,41.79,105,8.2,5.5,2.75,9.12,6,Sandy
33.5200_5.9600,33.52,5.96,23.27,40.79,104.6,8.1,4.4,2.2,8.64,4.3,Sandy
33.5200_6.0400,33.52,6.04,23.27,40.79,104.6,8.1,5.4,2.7,12.56,5.4,Silt
33.5200_6.1200,33.52,6.12,22.96,41.75,113.3,8.1,4.5,2.25,9.2,6,Sandy
33.5200_6.2000,33.52,6.2,22.76,42.23,105.7,8.1,4.1,2.05,9.6,3.7,Clay
33.5200_6.2800,33.52,6.28,22.76,42.23,105.7,8.2,4.2,2.1,10.64,5.7,Sandy
33.5200_6.3600,33.52,6.36,22.7,42.41,108.3,8.1,4.4,2.2,8.88,4.8,Sandy
33.5200_6.4400,33.52,6.44,22.69,42.58,107.4,8.1,4.4,2.2,10,3.9,Sandy
33.5200_6.5200,33.52,6.52,22.7,42.64,92.6,8.1,4.5,2.25,9.92,3.7,Sandy
33.5200_6.6000,33.52,6.6,22.7,42.64,92.6,8.1,4.5,2.25,9.84,4.1,Sandy
33.5200_6.6800,33.52,6.68,22.75,42.72,103.1,8.1,4.5,2.25,10.8,5.8,Sandy
33.5200_6.7600,33.52,6.76,22.86,42.63,106.7,8.1,5.7,2.85,10.08,8,Sandy
33.5200_6.8400,33.52,6.84,22.86,42.63,106.7,8,5.9,2.95,9.84,8.3,Sandy
33.5200_6.9200,33.52,6.92,22.75,43.25,97.7,8.1,5.9,2.95,10,6,Sandy
33.5200_7.0000,33.52,7,22.67,43.67,100.2,8,5.5,2.75,9.36,4.7,Clay
33.5200_7.0800,33.52,7.08,22.76,44.07,89.3,8,5.6,2.8,9.76,3.5,Sandy
33.5200_7.1600,33.52,7.16,22.76,44.07,89.3,8,5.3,2.65,9.44,6.4,Sandy
33.5200_7.2400,33.52,7.24,22.64,44.6,76.9,8,5,2.5,8.64,6,Sandy
33.5200_7.3200,33.52,7.32,22.53,45.28,99.9,8,5.3,2.65,8.16,3.4,Clay
33.5200_7.4000,33.52,7.4,22.53,45.28,99.9,7.9,5.7,2.85,9.12,6.1,Sandy
33.5200_7.4800,33.52,7.48,22.47,45.62,109.6,7.9,5.1,2.55,9.2,6,Silt
33.5200_7.5600,33.52,7.56,22.35,45.75,94.2,7.9,6.1,3.05,9.92,6.7,Sandy
33.5200_7.6400,33.52,7.64,22.4,45.7,97.7,7.9,5.5,2.75,9.68,4.8,Silt
33.5200_7.7200,33.52,7.72,22.4,45.7,97.7,8,5.4,2.7,9.76,3.5,Sandy
33.5200_7.8000,33.52,7.8,22.43,45.8,102.1,7.9,4.4,2.2,8.96,5.5,Sandy
33.5200_7.8800,33.52,7.88,22.48,45.95,90.5,8,4.4,2.2,8.32,5.3,Sandy
33.5200_7.9600,33.52,7.96,22.48,45.95,90.5,8.1,5.6,2.8,8.56,5.3,Sandy
33.5200_8.0400,33.52,8.04,22.52,46.12,84.3,8,5.1,2.55,8.88,6.1,Sandy
33.5200_8.1200,33.52,8.12,22.66,45.99,79.3,8.1,4.7,2.35,10.56,3.8,Sandy
33.5200_8.2000,33.52,8.2,22.87,45.59,99.2,8,5.1,2.55,10.8,5.5,Sandy
33.5200_8.2800,33.52,8.28,22.87,45.59,99.2,7.9,4.9,2.45,9.92,6.5,Sandy
33.5200_8.3600,33.52,8.36,23.07,45.06,98.5,7.9,5.8,2.9,9.92,6.7,Sandy
33.5200_8.4400,33.52,8.44,23.15,45.46,115.5,7.9,5.7,2.85,10.24,4.6,Clay
33.5200_8.5200,33.52,8.52,23.15,45.46,115.5,7.9,5.9,2.95,10.56,7.5,Sandy
33.5200_8.6000,33.52,8.6,22.96,46.05,125.3,7.9,5.7,2.85,10.4,8,Sandy
33.5200_8.6800,33.52,8.68,22.59,46.85,105.4,7.9,5.7,2.85,9.92,7.1,Sandy
33.6000_-2.2000,33.6,-2.2,17.46,48.69,256.1,7.9,6.9,3.45,12.56,5.9,Sandy
33.6000_-2.1200,33.6,-2.12,17.48,48.57,254.8,7.9,6.5,3.25,12.16,8.9,Sandy
33.6000_-2.0400,33.6,-2.04,17.37,48.93,275.9,7.9,6.8,3.4,12.56,5.6,Sandy
33.6000_-1.9600,33.6,-1.96,17.37,48.93,275.9,7.9,6.3,3.15,11.84,5.1,Sandy
33.6000_-1.8800,33.6,-1.88,17.32,49.01,273.3,7.9,6.5,3.25,11.76,5.8,Sandy
33.6000_-1.8000,33.6,-1.8,17.39,48.65,288.4,7.9,6.2,3.1,11.76,5.6,Sandy
33.6000_-1.7200,33.6,-1.72,17.37,48.77,297,7.9,6.1,3.05,11.2,8.3,Sandy
33.6000_-1.6400,33.6,-1.64,17.37,48.77,297,8,6.4,3.2,11.12,6.2,Sandy
33.6000_-1.5600,33.6,-1.56,17.38,48.22,304.3,8,6.5,3.25,11.6,5.2,Silt
33.6000_-1.4800,33.6,-1.48,17.42,48.12,318.2,7.9,6.5,3.25,11.52,6.9,Silt
33.6000_-1.4000,33.6,-1.4,17.42,48.12,318.2,7.9,6.9,3.45,11.04,6.3,Sandy
33.6000_-1.3200,33.6,-1.32,17.32,48.39,321.3,8,6,3,10.96,5.5,Clay
33.6000_-1.2400,33.6,-1.24,17.22,48.67,358.6,8,7.5,3.75,11.2,6.6,Sandy
33.6000_-1.1600,33.6,-1.16,17.27,48.5,359.2,8,6.6,3.3,10.4,5.4,Sandy
33.6000_-1.0800,33.6,-1.08,17.27,48.5,359.2,8,6.2,3.1,11.44,7.6,Clay
33.6000_-1.0000,33.6,-1,17.28,48.6,297.1,8.1,6,3,9.44,8.7,Sandy
33.6000_-0.9200,33.6,-0.92,17.18,48.58,284.9,8.1,5.6,2.8,8.96,6.2,Sandy
33.6000_-0.8400,33.6,-0.84,17.18,48.58,284.9,8,6.1,3.05,9.36,6.5,Sandy
33.6000_-0.7600,33.6,-0.76,17.03,48.7,326,8,6.2,3.1,8.56,8,Sandy
33.6000_-0.6800,33.6,-0.68,17,48.89,333,8,6.2,3.1,8.8,8.2,Sandy
33.6000_-0.6000,33.6,-0.6,17.04,48.69,337.8,8.1,6.3,3.15,9.6,8.7,Silt
33.6000_-0.5200,33.6,-0.52,17.04,48.69,337.8,8.1,6,3,10.32,8.9,Clay
33.6000_-0.4400,33.6,-0.44,16.83,48.81,362.4,8.1,5.7,2.85,10.48,8.8,Sandy
33.6000_-0.3600,33.6,-0.36,16.66,48.92,373,8.1,5.4,2.7,10.24,9.3,Sandy
33.6000_-0.2800,33.6,-0.28,14.56,48.48,373,7.9,8.9,4.45,10.08,13,Sandy
33.6000_-0.2000,33.6,-0.2,16.76,48.74,324.3,8.1,5.4,2.7,10.48,6.2,Sandy
33.6000_-0.1200,33.6,-0.12,16.8,48.64,314.7,8.1,5.9,2.95,10.88,8.7,Clay
33.6000_-0.0400,33.6,-0.04,16.69,48.5,357.5,8.1,6.3,3.15,10.32,7.6,Sandy
33.6000_0.0400,33.6,0.04,16.69,48.5,357.5,8.1,7.1,3.55,11.12,8.2,Sandy
33.6000_0.1200,33.6,0.12,16.47,48.89,351.2,8.1,6.1,3.05,10.96,6.1,Sandy
33.6000_0.2000,33.6,0.2,16.42,48.99,327.5,8.1,7.4,3.7,10.88,8.4,Sandy
33.6000_0.2800,33.6,0.28,16.37,49.07,304.6,8.1,6.5,3.25,11.68,8.8,Sandy
33.6000_0.3600,33.6,0.36,16.37,49.07,304.6,8.2,6.5,3.25,11.36,8.3,Clay
33.6000_0.4400,33.6,0.44,16.16,49.38,310.3,8.2,5.9,2.95,11.76,6.4,Sandy
33.6000_0.5200,33.6,0.52,15.92,49.74,309.3,8.1,6,3,11.12,7.4,Sandy
33.6000_0.6000,33.6,0.6,15.92,49.74,309.3,8.1,5.9,2.95,11.12,9.9,Sandy
33.6000_0.6800,33.6,0.68,15.67,50.13,296.2,8.1,6.1,3.05,11.28,10.7,Sandy
33.6000_0.7600,33.6,0.76,15.44,50.42,299.3,8.1,5.8,2.9,12,8.4,Sandy
33.6000_0.8400,33.6,0.84,15.18,50.29,343.7,8.1,6.5,3.25,11.6,7.4,Sandy
33.6000_0.9200,33.6,0.92,15.18,50.29,343.7,7.9,8.3,4.15,12.4,9,Sandy
33.6000_1.0000,33.6,1,14.97,50.63,350.9,8,7,3.5,11.68,7.6,Sandy
33.6000_1.0800,33.6,1.08,15.04,50.55,313.8,8,7,3.5,12.96,7.9,Sandy
33.6000_1.1600,33.6,1.16,15.04,50.55,313.8,8.1,6.1,3.05,12.64,8.2,Sandy
33.6000_1.2400,33.6,1.24,15.38,50.53,283.8,8.1,6.5,3.25,12,10.1,Sandy
33.6000_1.3200,33.6,1.32,15.56,49.45,293.4,8,5.7,2.85,12.96,8.1,Sandy
33.6000_1.4000,33.6,1.4,14.31,50.07,327.7,8,7.8,3.9,11.36,9.3,Sandy
33.6000_1.4800,33.6,1.48,14.41,50.08,327.7,8,9.7,4.85,11.92,10,Sandy
33.6000_1.5600,33.6,1.56,15.32,49.28,327.4,8.1,6.6,3.3,12.56,8.2,Sandy
33.6000_1.6400,33.6,1.64,16.09,47.82,320.9,8.1,5.2,2.6,11.84,10.3,Sandy
33.6000_1.7200,33.6,1.72,16.09,47.82,320.9,8.1,5.2,2.6,11.12,7.1,Sandy
33.6000_1.8000,33.6,1.8,16.03,46.67,290.8,8.1,6.6,3.3,10.96,8.4,Sandy
33.6000_1.8800,33.6,1.88,17.51,46.28,282.5,8.2,5.3,2.65,9.84,6.9,Sandy
33.6000_1.9600,33.6,1.96,18.04,44.92,266,8.1,4.7,2.35,9.52,6.8,Sandy
33.6000_2.0400,33.6,2.04,18.04,44.92,266,8.2,4.6,2.3,9.68,8,Sandy
33.6000_2.1200,33.6,2.12,18.34,44.37,259.9,8.2,5.4,2.7,10.8,5.8,Sandy
33.6000_2.2000,33.6,2.2,18.31,44.88,267.1,8.2,4.4,2.2,9.76,10.2,Sandy
33.6000_2.2800,33.6,2.28,18.31,44.88,267.1,8.2,4.6,2.3,9.36,7.6,Sandy
33.6000_2.3600,33.6,2.36,18.26,45.55,277.3,8.2,4.5,2.25,9.44,10.1,Sandy
33.6000_2.4400,33.6,2.44,18.4,45.31,248.1,8.2,4.5,2.25,10.72,7.2,Sandy
33.6000_2.5200,33.6,2.52,18.54,45.18,229.4,8.2,4.6,2.3,10.08,8.6,Sandy
33.6000_2.6000,33.6,2.6,18.54,45.18,229.4,8.2,4.8,2.4,10.24,8.1,Sandy
33.6000_2.6800,33.6,2.68,18.59,45.3,213.4,8.1,4.9,2.45,10.08,11.1,Sandy
33.6000_2.7600,33.6,2.76,18.69,44.89,210.3,8.1,4.8,2.4,10.4,5.9,Sandy
33.6000_2.8400,33.6,2.84,18.69,44.89,210.3,8.2,5.3,2.65,10.32,9.8,Sandy
33.6000_2.9200,33.6,2.92,18.77,44.52,202.7,8.1,5,2.5,13.2,5.5,Sandy
33.6000_3.0000,33.6,3,18.82,44.39,183.8,8.2,5.2,2.6,11.44,6.1,Sandy
33.6000_3.0800,33.6,3.08,18.88,44.38,182.2,8.2,5.3,2.65,11.44,6,Sandy
33.6000_3.1600,33.6,3.16,18.88,44.38,182.2,8.2,5.3,2.65,11.84,6.2,Sandy
33.6000_3.2400,33.6,3.24,19.01,44.19,188.7,8.2,5.2,2.6,10.32,6.3,Sandy
33.6000_3.3200,33.6,3.32,19.15,43.96,172.1,8.2,4.7,2.35,14.88,5.7,Sandy
33.6000_3.4000,33.6,3.4,19.28,44.03,196.5,8.2,5,2.5,14.48,4.5,Sandy
33.6000_3.4800,33.6,3.48,19.23,43.86,183.5,8.2,5.1,2.55,9.6,6.5,Sandy
33.6000_3.5600,33.6,3.56,19.28,43.98,194.5,8.2,4.6,2.3,11.04,8,Sandy
33.6000_3.6400,33.6,3.64,19.32,43.95,187,8.2,4.7,2.35,11.44,5.9,Sandy
33.6000_3.7200,33.6,3.72,19.32,43.95,187,8.2,4.5,2.25,11.12,5,Sandy
33.6000_3.8000,33.6,3.8,19.44,43.77,185.4,8.3,4.3,2.15,11.12,5,Sandy
33.6000_3.8800,33.6,3.88,19.69,43.25,178.4,8.3,4.1,2.05,11.04,3.9,Sandy
33.6000_3.9600,33.6,3.96,19.99,42.62,186,8.3,4.3,2.15,9.28,6.1,Sandy
33.6000_4.0400,33.6,4.04,19.99,42.62,186,8.3,4.2,2.1,9.04,4,Sandy
33.6000_4.1200,33.6,4.12,20.21,42.39,183.9,8.3,4.8,2.4,8.96,5.4,Sandy
33.6000_4.2000,33.6,4.2,20.43,42.05,147.6,8.3,4.9,2.45,9.44,5.9,Sandy
33.6000_4.2800,33.6,4.28,20.47,42.31,159.9,8.3,5.6,2.8,9.2,5.6,Sandy
33.6000_4.3600,33.6,4.36,20.67,41.76,154.8,8.3,5.2,2.6,8.88,3.8,Sandy
33.6000_4.4400,33.6,4.44,20.94,41.35,142.2,8.3,4.7,2.35,8.88,4.4,Sandy
33.6000_4.5200,33.6,4.52,21.27,40.6,142.6,8.3,4.7,2.35,8.48,4.6,Sandy
33.6000_4.6000,33.6,4.6,21.27,40.6,142.6,8.3,4.8,2.4,8.48,3.9,Sandy
33.6000_4.6800,33.6,4.68,21.57,40.32,118.9,8.3,4.8,2.4,8.96,5.1,Sandy
33.6000_4.7600,33.6,4.76,21.78,40.48,149.8,8.2,4.7,2.35,9.04,3.9,Sandy
33.6000_4.8400,33.6,4.84,21.8,40.68,120.9,8.3,4.4,2.2,8.88,3.7,Sandy
33.6000_4.9200,33.6,4.92,21.93,40.61,169.9,8.3,4.4,2.2,9.04,3.7,Sandy
33.6000_5.0000,33.6,5,22.04,40.82,186.5,8.3,4.3,2.15,9.36,3.8,Sandy
33.6000_5.0800,33.6,5.08,22.2,40.94,144.5,8.3,4.3,2.15,9.44,3.2,Sandy
33.6000_5.1600,33.6,5.16,22.2,40.94,144.5,8.2,4.6,2.3,11.28,2.9,Sandy
33.6000_5.2400,33.6,5.24,22.37,40.9,120.7,8.2,4.2,2.1,10.32,3.7,Sandy
33.6000_5.3200,33.6,5.32,22.46,41.09,116,8.3,4.4,2.2,11.04,3.1,Sandy
33.6000_5.4000,33.6,5.4,22.46,41.11,116.1,8.3,4,2,9.36,3.5,Sandy
33.6000_5.4800,33.6,5.48,22.6,41.17,113.8,8.3,4.6,2.3,9.36,3.7,Sandy
33.6000_5.5600,33.6,5.56,22.82,41.06,120.3,8.2,4.5,2.25,9.04,3.6,Sandy
33.6000_5.6400,33.6,5.64,22.94,41.2,125.1,8.2,4.9,2.45,9.2,3.7,Sandy
33.6000_5.7200,33.6,5.72,22.91,41.38,144.4,8.3,5.1,2.55,8.8,4.3,Sandy
33.6000_5.8000,33.6,5.8,22.89,41.45,114.1,8.3,5,2.5,9.04,3.9,Sandy
33.6000_5.8800,33.6,5.88,22.95,41.71,98.7,8.3,4.7,2.35,8.4,6.3,Sandy
33.6000_5.9600,33.6,5.96,22.98,41.65,97.9,8.2,4.7,2.35,9.12,3.9,Clay
33.6000_6.0400,33.6,6.04,23.39,40.71,94.2,8.2,14.9,7.45,9.6,8.2,Sandy
33.6000_6.1200,33.6,6.12,23.04,41.67,91,8,4.3,2.15,8.24,3.9,Sandy
33.6000_6.2000,33.6,6.2,22.87,42.09,109.2,8.1,4.3,2.15,8.72,4,Sandy
33.6000_6.2800,33.6,6.28,23.05,42.25,101.6,8.1,4.6,2.3,9.28,5.3,Sandy
33.6000_6.3600,33.6,6.36,22.77,42.48,94.3,8.1,4.5,2.25,10.48,3.6,Sandy
33.6000_6.4400,33.6,6.44,22.73,42.78,91.8,8,4.5,2.25,9.84,4.4,Sandy
33.6000_6.5200,33.6,6.52,22.96,42.8,86.6,8.1,4.4,2.2,9.04,5.8,Sandy
33.6000_6.6000,33.6,6.6,22.76,42.8,79.4,8,4.5,2.25,8.64,6.6,Sandy
33.6000_6.6800,33.6,6.68,23.01,42.47,93,8,4.5,2.25,9.36,5.2,Sandy
33.6000_6.7600,33.6,6.76,22.77,43.32,104.8,8,6.6,3.3,10.72,5.7,Sandy
33.6000_6.8400,33.6,6.84,22.76,43.7,93.5,8.1,5.5,2.75,13.12,7.1,Clay
33.6000_6.9200,33.6,6.92,22.75,43.58,98.6,8,5.5,2.75,10.16,7.5,Sandy
33.6000_7.0000,33.6,7,22.74,43.68,105,8.1,5.4,2.7,10.24,6.5,Silt
33.6000_7.0800,33.6,7.08,22.78,44.36,111,8,6.2,3.1,9.68,5.7,Sandy
33.6000_7.1600,33.6,7.16,22.57,44.36,104.4,7.9,5.8,2.9,9.6,6.3,Sandy
33.6000_7.2400,33.6,7.24,22.44,45.02,96.7,7.9,5.9,2.95,8.56,4.2,Sandy
33.6000_7.3200,33.6,7.32,22.37,45.51,98.7,7.9,5.7,2.85,9.44,4.1,Sandy
33.6000_7.4000,33.6,7.4,22.37,45.86,109.1,7.9,5.5,2.75,9.44,4.1,Sandy
33.6000_7.4800,33.6,7.48,22.37,45.8,110,7.9,5.3,2.65,8.48,3.5,Clay
33.6000_7.5600,33.6,7.56,22.38,46.04,109.7,7.9,4.9,2.45,9.52,6.7,Silt
33.6000_7.6400,33.6,7.64,22.47,46.18,123.5,7.9,5,2.5,9.2,7.2,Sandy
33.6000_7.7200,33.6,7.72,22.44,46.03,111.1,7.9,5,2.5,8.72,4,Sandy
33.6000_7.8000,33.6,7.8,22.52,45.99,121,8,4.7,2.35,8.48,6.1,Sandy
33.6000_7.8800,33.6,7.88,22.65,45.89,91.9,8,4.7,2.35,8.32,6.2,Sandy
33.6000_7.9600,33.6,7.96,22.83,45.76,123.2,8.1,4.4,2.2,8.88,3.6,Sandy
33.6000_8.0400,33.6,8.04,22.73,45.87,93.1,8.1,4.6,2.3,8.96,4.3,Clay
33.6000_8.1200,33.6,8.12,22.87,45.68,82.7,7.9,5.2,2.6,10.16,4,Sandy
33.6000_8.2000,33.6,8.2,23.2,45.45,109,7.9,4.9,2.45,8.64,4.9,Sandy
33.6000_8.2800,33.6,8.28,23.2,45.74,101.2,7.8,5.4,2.7,9.44,5,Sandy
33.6000_8.3600,33.6,8.36,23.21,45.48,91.7,7.9,6.3,3.15,11.04,5.3,Sandy
33.6000_8.4400,33.6,8.44,23.16,45.99,110.7,7.9,5.6,2.8,10.56,7.2,Sandy
33.6000_8.5200,33.6,8.52,23.1,46.61,110.2,7.9,5.7,2.85,11.6,8.1,Sandy
33.6000_8.6000,33.6,8.6,23.04,46.53,115.8,7.9,6.1,3.05,10.72,5.3,Sandy
33.6000_8.6800,33.6,8.68,22.9,46.99,103.4,7.8,5.7,2.85,9.84,7.3,Sandy
33.6800_-2.2000,33.68,-2.2,17.3,50.26,266.4,7.9,7.8,3.9,11.68,6,Clay
33.6800_-2.1200,33.68,-2.12,17.45,49.87,255.4,7.9,7.9,3.95,12.48,6.2,Sandy
33.6800_-2.0400,33.68,-2.04,17.39,49.94,261.6,7.9,10.4,5.2,12.64,7.2,Clay
33.6800_-1.9600,33.68,-1.96,17.39,49.94,261.6,7.9,6.8,3.4,13.68,8,Sandy
33.6800_-1.8800,33.68,-1.88,17.31,50.11,256.8,7.9,6.9,3.45,12.96,5.8,Sandy
33.6800_-1.8000,33.68,-1.8,17.42,50.02,275,7.9,6.6,3.3,11.76,8.2,Sandy
33.6800_-1.7200,33.68,-1.72,17.51,49.4,265.6,8,6.6,3.3,13.84,5.9,Clay
33.6800_-1.6400,33.68,-1.64,17.51,49.4,265.6,8,6.6,3.3,12.32,6.4,Silt
33.6800_-1.5600,33.68,-1.56,17.59,49.06,273.5,7.9,7.4,3.7,11.44,5.7,Sandy
33.6800_-1.4800,33.68,-1.48,17.47,49.34,268.2,7.9,6.5,3.25,12.24,5.9,Sandy
33.6800_-1.4000,33.68,-1.4,17.47,49.34,268.2,8,10.1,5.05,11.52,5.6,Silt
33.6800_-1.3200,33.68,-1.32,17.27,49.68,284.4,8,7.2,3.6,11.76,6.5,Sandy
33.6800_-1.2400,33.68,-1.24,17.29,49.67,284.1,8,6.6,3.3,10.4,7.3,Clay
33.6800_-1.1600,33.68,-1.16,17.26,49.55,281,8,6.9,3.45,11.84,5.7,Sandy
33.6800_-1.0800,33.68,-1.08,17.26,49.55,281,8.1,6.8,3.4,11.92,5.4,Silt
33.6800_-1.0000,33.68,-1,17.16,49.89,227.8,8,7,3.5,11.6,8,Clay
33.6800_-0.9200,33.68,-0.92,17.08,49.81,274.1,8,6.4,3.2,10.32,6,Silt
33.6800_-0.8400,33.68,-0.84,17.08,49.81,274.1,8,6.4,3.2,8.8,7.8,Sandy
33.6800_-0.7600,33.68,-0.76,16.98,49.73,321.2,8,6.2,3.1,9.12,8.5,Silt
33.6800_-0.6800,33.68,-0.68,16.92,49.98,310.6,8,6.5,3.25,8.32,8,Sandy
33.6800_-0.6000,33.68,-0.6,16.9,49.84,313.5,8,6.4,3.2,8.16,8,Sandy
33.6800_-0.5200,33.68,-0.52,16.9,49.84,313.5,8.1,6.1,3.05,8.64,6.4,Silt
33.6800_-0.4400,33.68,-0.44,16.89,49.52,360.5,8.1,6.2,3.1,9.76,8.4,Sandy
33.6800_-0.3600,33.68,-0.36,16.9,49.27,379.9,8.1,6.8,3.4,9.68,7.5,Sandy
33.6800_-0.2800,33.68,-0.28,15.59,48.82,366.9,8,7.8,3.9,10.48,9.4,Sandy
33.6800_-0.2000,33.68,-0.2,17.01,49.17,337.8,8.1,6.4,3.2,11.2,6.3,Sandy
33.6800_-0.1200,33.68,-0.12,17.09,49.1,323.5,8.1,5.7,2.85,10.4,9,Clay
33.6800_-0.0400,33.68,-0.04,17.08,48.78,363.5,8.1,6.8,3.4,12.24,8.6,Silt
33.6800_0.0400,33.68,0.04,17.08,48.78,363.5,8.1,6.8,3.4,11.84,8.4,Clay
33.6800_0.1200,33.68,0.12,16.86,48.99,361,8.1,6.4,3.2,11.28,9.5,Silt
33.6800_0.2000,33.68,0.2,16.47,49.71,331.2,8.1,6.6,3.3,11.2,7.7,Silt
33.6800_0.2800,33.68,0.28,16.07,50.37,331.6,8.1,7,3.5,12.4,7.7,Sandy
33.6800_0.3600,33.68,0.36,16.07,50.37,331.6,8.1,7.3,3.65,12.64,10.8,Sandy
33.6800_0.4400,33.68,0.44,15.9,50.34,367.6,8.1,6.2,3.1,12.24,9.6,Sandy
33.6800_0.5200,33.68,0.52,15.86,50.05,384.6,8,6.6,3.3,12.56,8.5,Sandy
33.6800_0.6000,33.68,0.6,15.86,50.05,384.6,8.1,6.7,3.35,10.8,11.8,Sandy
33.6800_0.6800,33.68,0.68,15.82,50.4,344.7,8.1,5.7,2.85,11.52,8,Sandy
33.6800_0.7600,33.68,0.76,15.98,49.49,299.6,8,6.8,3.4,12.96,10.6,Sandy
33.6800_0.8400,33.68,0.84,15.88,49.94,308.7,8.1,5.8,2.9,11.76,8.3,Sandy
33.6800_0.9200,33.68,0.92,15.88,49.94,308.7,8.1,6.6,3.3,12.08,8.5,Sandy
33.6800_1.0000,33.68,1,15.55,49.98,398.7,8.1,7.1,3.55,11.52,7.5,Sandy
33.6800_1.0800,33.68,1.08,14.67,50.71,393.5,7.9,7.2,3.6,12.24,8.4,Sandy
33.6800_1.1600,33.68,1.16,14.67,50.71,393.5,7.9,7.5,3.75,12.72,8.3,Sandy
33.6800_1.2400,33.68,1.24,14.54,51.96,353.4,8,7.1,3.55,12.88,8.7,Sandy
33.6800_1.3200,33.68,1.32,14.71,51.51,311.4,8,6.1,3.05,12.64,6.9,Sandy
33.6800_1.4000,33.68,1.4,14.73,50.91,347.8,7.9,7.6,3.8,11.68,8.2,Sandy
33.6800_1.4800,33.68,1.48,14.73,50.91,347.8,8,7.6,3.8,12.24,7.2,Sandy
33.6800_1.5600,33.68,1.56,13.75,49.88,340.2,7.9,9.5,4.75,11.2,11.7,Sandy
33.6800_1.6400,33.68,1.64,15.3,48.87,317.2,8.1,6.6,3.3,11.12,7.3,Sandy
33.6800_1.7200,33.68,1.72,16.78,48.47,304,8.1,5.2,2.6,11.52,6.4,Sandy
33.6800_1.8000,33.68,1.8,16.66,48.44,304,8.2,5.4,2.7,10.16,6.4,Sandy
33.6800_1.8800,33.68,1.88,15.36,47.61,295,8.1,7.5,3.75,9.44,8.4,Sandy
33.6800_1.9600,33.68,1.96,15.95,46.8,342.7,8.2,7.6,3.8,12.32,8.5,Sandy
33.6800_2.0400,33.68,2.04,16.75,46.99,342.7,8.1,6.1,3.05,9.92,7.6,Sandy
33.6800_2.1200,33.68,2.12,17.3,45.95,355,8.2,4.9,2.45,11.68,7.1,Sandy
33.6800_2.2000,33.68,2.2,17.9,45.11,320.2,8.1,4.9,2.45,10.8,6.8,Sandy
33.6800_2.2800,33.68,2.28,17.9,45.11,320.2,8.2,5.1,2.55,10.4,6.1,Sandy
33.6800_2.3600,33.68,2.36,18.22,45.17,276.2,8.2,5.8,2.9,8.96,10,Sandy
33.6800_2.4400,33.68,2.44,18.33,45.43,299.1,8.2,5,2.5,9.2,8.1,Sandy
33.6800_2.5200,33.68,2.52,18.45,45.9,276,8.1,4.8,2.4,10.88,7.6,Sandy
33.6800_2.6000,33.68,2.6,18.45,45.9,276,8.2,4.5,2.25,10.24,6.5,Sandy
33.6800_2.6800,33.68,2.68,18.76,45.47,274,8.2,5.1,2.55,10.88,6,Sandy
33.6800_2.7600,33.68,2.76,19.09,44.88,245.9,8.1,4.8,2.4,11.2,7.9,Sandy
33.6800_2.8400,33.68,2.84,19.09,44.88,245.9,8.2,4.7,2.35,10.4,5.9,Sandy
33.6800_2.9200,33.68,2.92,19.14,45.03,242.3,8.2,5.2,2.6,11.2,9.2,Sandy
33.6800_3.0000,33.68,3,19.13,44.87,247.9,8.1,5.5,2.75,10,5.5,Sandy
33.6800_3.0800,33.68,3.08,19.19,44.68,256.7,8.2,5.2,2.6,10.16,5.5,Sandy
33.6800_3.1600,33.68,3.16,19.19,44.68,256.7,8.2,5.3,2.65,10.08,6.1,Sandy
33.6800_3.2400,33.68,3.24,19.33,44.43,243.1,8.2,5.2,2.6,14.32,5.4,Sandy
33.6800_3.3200,33.68,3.32,19.48,44.1,217.5,8.2,5,2.5,10.16,6.5,Sandy
33.6800_3.4000,33.68,3.4,19.48,44.1,217.5,8.2,4.9,2.45,14.48,5,Sandy
33.6800_3.4800,33.68,3.48,19.56,44.13,217.6,8.3,4.3,2.15,14.16,5.2,Sandy
33.6800_3.6400,33.68,3.64,19.43,44.39,220.1,8.2,4.5,2.25,11.12,4.4,Sandy
33.6800_3.7200,33.68,3.72,19.43,44.39,220.1,8.2,4.8,2.4,10.08,5.2,Sandy
33.6800_4.2800,33.68,4.28,20.45,42.47,163.5,8.3,5.3,2.65,9.28,6.3,Sandy
33.6800_4.3600,33.68,4.36,20.79,41.96,151,8.2,5.5,2.75,8.8,5.5,Sandy
33.6800_4.8400,33.68,4.84,21.83,40.93,133.4,8.3,4.6,2.3,9.2,3.1,Sandy
33.6800_4.9200,33.68,4.92,21.96,41.1,146.7,8.3,4.8,2.4,8.8,3.2,Sandy
33.6800_5.0000,33.68,5,22.01,41.33,154.5,8.3,4.4,2.2,8.56,3.1,Sandy
33.6800_5.1600,33.68,5.16,22.12,41.48,138.1,8.3,4.4,2.2,8.96,3.5,Sandy
33.6800_5.2400,33.68,5.24,22.3,41.38,128,8.2,4.2,2.1,9.6,3.7,Sandy
33.6800_5.3200,33.68,5.32,22.47,41.2,110.4,8.2,3.9,1.95,9.76,3.6,Sandy
33.6800_5.4000,33.68,5.4,22.47,41.2,110.4,8.3,4,2,9.2,2.8,Sandy
33.6800_5.4800,33.68,5.48,22.64,41.28,124.7,8.2,4.5,2.25,9.44,3.6,Sandy
33.6800_5.5600,33.68,5.56,22.8,41.31,129.7,8.2,4.5,2.25,9.12,3.9,Sandy
33.6800_5.6400,33.68,5.64,22.8,41.31,129.7,8.2,4.6,2.3,8.96,3.8,Sandy
33.6800_5.8000,33.68,5.8,23.04,41.49,126.1,8.3,5.8,2.9,8.88,4,Sandy
33.6800_3.5600,33.68,3.56,19.53,44.35,212.4,8.2,4.5,2.25,11.12,5.2,Sandy
33.6800_3.8000,33.68,3.8,19.35,44.52,231,8.2,4.5,2.25,10.4,5.2,Sandy
33.6800_3.8800,33.68,3.88,19.51,44.21,194.2,8.3,4.5,2.25,9.28,5,Sandy
33.6800_3.9600,33.68,3.96,19.51,44.21,194.2,8.3,4.6,2.3,10,4.6,Sandy
33.6800_4.0400,33.68,4.04,19.78,43.6,152.7,8.3,4.5,2.25,8.24,6.8,Sandy
33.6800_4.1200,33.68,4.12,20.07,43.08,166.1,8.3,4.5,2.25,8.72,6.5,Sandy
33.6800_4.2000,33.68,4.2,20.43,42.53,163.5,8.3,5.1,2.55,8.4,5.4,Sandy
33.6800_4.4400,33.68,4.44,21.02,41.79,143.2,8.3,4.8,2.4,8.4,4,Sandy
33.6800_4.5200,33.68,4.52,21.02,41.79,143.2,8.2,4.7,2.35,7.92,4.4,Sandy
33.6800_4.6000,33.68,4.6,21.24,41.57,154.3,8.3,4.9,2.45,8.16,4.8,Sandy
33.6800_4.6800,33.68,4.68,21.57,41.14,129.9,8.2,4.5,2.25,8.32,3.7,Sandy
33.6800_4.7600,33.68,4.76,21.82,40.98,133.4,8.3,4.9,2.45,8.56,5.1,Sandy
33.6800_5.0800,33.68,5.08,22,41.37,154.5,8.3,4.5,2.25,9.2,3.6,Sandy
33.6800_5.7200,33.68,5.72,22.91,41.43,124,8.2,5.5,2.75,9.04,4.6,Sandy
33.6800_5.8800,33.68,5.88,23.02,41.75,131.9,8.2,4.4,2.2,8,5.8,Sandy
33.6800_5.9600,33.68,5.96,23.02,41.75,131.9,8.3,5,2.5,9.04,3.3,Sandy
33.6800_6.0400,33.68,6.04,23.2,41.51,122.6,8,6.3,3.15,12.08,5.9,Silt
33.6800_6.1200,33.68,6.12,23.04,42.04,106.8,8.2,5,2.5,8.4,3.3,Sandy
33.6800_6.2000,33.68,6.2,23.04,42.04,106.8,8.1,4.5,2.25,9.6,5.5,Sandy
33.6800_6.2800,33.68,6.28,22.97,42.21,115.5,8.1,5,2.5,10.4,6,Sandy
33.6800_6.3600,33.68,6.36,22.89,42.56,102.2,8.1,4.3,2.15,8.4,3.8,Sandy
33.6800_6.4400,33.68,6.44,22.84,42.99,109.8,8.1,4.5,2.25,9.12,4.2,Silt
33.6800_6.5200,33.68,6.52,22.84,42.99,109.8,8.1,4.5,2.25,9.68,3.7,Sandy
33.6800_6.6000,33.68,6.6,22.85,43.13,95.2,8,5.1,2.55,8.32,6.3,Sandy
33.6800_6.6800,33.68,6.68,22.84,43.46,102.3,8.1,5,2.5,8.08,6,Sandy
33.6800_6.7600,33.68,6.76,22.84,43.46,102.3,8,5.2,2.6,8.8,4.2,Sandy
33.6800_6.8400,33.68,6.84,22.77,43.89,118.5,8.1,5,2.5,8.88,4,Sandy
33.6800_6.9200,33.68,6.92,22.71,44.3,118.5,8,5.9,2.95,12.4,6.6,Silt
33.6800_7.0000,33.68,7,22.71,44.44,111.7,8,5.8,2.9,10.16,4.4,Silt
33.6800_7.0800,33.68,7.08,22.71,44.44,111.7,8,5.7,2.85,10.32,7,Sandy
33.6800_7.1600,33.68,7.16,22.59,45,126.8,8,5.6,2.8,9.04,5.2,Sandy
33.6800_7.2400,33.68,7.24,22.57,45.76,136.5,7.9,5.9,2.95,8.48,6,Sandy
33.6800_7.3200,33.68,7.32,22.57,45.76,136.5,7.9,5.5,2.75,8.64,6.6,Sandy
33.6800_7.4000,33.68,7.4,22.55,46.04,135,7.9,5.3,2.65,8.48,4.9,Sandy
33.6800_7.4800,33.68,7.48,22.51,45.92,108.8,7.9,5.5,2.75,8.8,4.8,Sandy
33.6800_7.5600,33.68,7.56,22.62,45.79,121.2,7.9,5.5,2.75,9.44,3.9,Sandy
33.6800_7.6400,33.68,7.64,22.62,45.79,121.2,7.9,5,2.5,8.56,3.9,Sandy
33.6800_7.7200,33.68,7.72,22.64,46.09,149.1,7.9,4.9,2.45,8.56,3.4,Sandy
33.6800_7.8000,33.68,7.8,22.81,45.88,142.6,7.9,4.7,2.35,9.12,5.8,Sandy
33.6800_7.8800,33.68,7.88,22.81,45.88,142.6,7.9,4.4,2.2,9.52,4.3,Sandy
33.6800_7.9600,33.68,7.96,23.09,45.56,136.6,7.9,5,2.5,9.36,4.2,Sandy
33.6800_8.0400,33.68,8.04,23.19,45.6,121.7,7.9,5.2,2.6,8.72,4.9,Sandy
33.6800_8.1200,33.68,8.12,23.24,45.74,115.2,7.9,5.6,2.8,8.8,5.6,Sandy
33.6800_8.2000,33.68,8.2,23.24,45.74,115.2,7.8,6.3,3.15,8.96,5.5,Sandy
33.6800_8.2800,33.68,8.28,23.2,46.13,131.1,7.9,5.9,2.95,9.76,5.5,Sandy
33.6800_8.3600,33.68,8.36,23.12,46.51,121.8,7.9,5.9,2.95,9.52,5.9,Sandy
33.6800_8.4400,33.68,8.44,23.12,46.51,121.8,7.9,6,3,9.52,5.1,Sandy
33.6800_8.5200,33.68,8.52,23.05,46.97,114,7.9,5.7,2.85,10.72,5.4,Sandy
33.6800_8.6000,33.68,8.6,23.01,47.36,116.7,7.9,6.1,3.05,10.4,7.8,Sandy
33.6800_8.6800,33.68,8.68,22.93,47.71,112.5,7.9,5.8,2.9,10,6.6,Sandy
33.7600_-2.2000,33.76,-2.2,17.27,51.07,272.5,7.8,7.6,3.8,12.24,7.1,Clay
33.7600_-2.1200,33.76,-2.12,17.44,50.52,262.4,7.8,8.1,4.05,12.16,6.3,Clay
33.7600_-2.0400,33.76,-2.04,17.41,50.5,263.7,7.8,7.1,3.55,11.68,7.2,Clay
33.7600_-1.9600,33.76,-1.96,17.41,50.5,263.7,7.8,7.8,3.9,12.64,7.6,Clay
33.7600_-1.8800,33.76,-1.88,17.25,50.76,270.9,7.9,7.3,3.65,12.64,8.8,Sandy
33.7600_-1.8000,33.76,-1.8,17.3,50.7,266.3,7.9,6.7,3.35,12.72,5.9,Clay
33.7600_-1.7200,33.76,-1.72,17.4,50.14,271.1,7.9,7.1,3.55,12.64,7.6,Sandy
33.7600_-1.6400,33.76,-1.64,17.4,50.14,271.1,7.9,7.2,3.6,13.76,6.1,Silt
33.7600_-1.5600,33.76,-1.56,17.51,49.74,289,7.9,7.2,3.6,12.72,6.1,Silt
33.7600_-1.4800,33.76,-1.48,17.29,50.34,290.1,7.9,8.5,4.25,12.64,6.4,Sandy
33.7600_-1.4000,33.76,-1.4,17.29,50.34,290.1,7.9,7.9,3.95,11.2,7.5,Sandy
33.7600_-1.3200,33.76,-1.32,17.07,50.6,278.7,8,6.6,3.3,11.44,7.5,Sandy
33.7600_-1.2400,33.76,-1.24,17,50.65,266.4,8,6.7,3.35,12,9,Clay
33.7600_-1.1600,33.76,-1.16,17.06,50.5,278.7,8,6.6,3.3,11.84,5.8,Sandy
33.7600_-1.0800,33.76,-1.08,17.06,50.5,278.7,8,6.8,3.4,10.88,6.6,Sandy
33.7600_-1.0000,33.76,-1,17.03,50.69,248.7,8.1,7.1,3.55,10.72,9.7,Sandy
33.7600_-0.9200,33.76,-0.92,16.98,50.62,262.2,8.1,7,3.5,9.92,8,Silt
33.7600_-0.8400,33.76,-0.84,16.98,50.62,262.2,8,10.5,5.25,9.76,8.4,Silt
33.7600_-0.7600,33.76,-0.76,16.98,50.36,290.8,8,7.1,3.55,10.16,8.9,Silt
33.7600_-0.6800,33.76,-0.68,16.92,50.65,285.1,8,6.8,3.4,10.08,8.6,Clay
33.7600_-0.6000,33.76,-0.6,16.86,50.55,301.8,8,6.4,3.2,9.36,8.4,Silt
33.7600_-0.5200,33.76,-0.52,16.86,50.55,301.8,8.1,6.2,3.1,10.4,8.5,Silt
33.7600_-0.4400,33.76,-0.44,16.9,50.26,344.8,8.1,6.5,3.25,10.08,8.9,Silt
33.7600_-0.3600,33.76,-0.36,16.98,49.91,363.4,8.1,6,3,9.6,8.5,Sandy
33.7600_-0.2800,33.76,-0.28,16.98,49.91,363.4,8.1,6.5,3.25,9.68,8.5,Sandy
33.7600_-0.2000,33.76,-0.2,17,49.9,342.6,8,6,3,9.36,8.8,Sandy
33.7600_-0.1200,33.76,-0.12,17.1,49.51,359.7,8.1,7.5,3.75,11.84,6.4,Silt
33.7600_-0.0400,33.76,-0.04,16.96,49.7,366,8.1,6.1,3.05,10.64,9.1,Silt
33.7600_0.0400,33.76,0.04,16.96,49.7,366,8.1,6.2,3.1,11.52,9.2,Sandy
33.7600_0.1200,33.76,0.12,16.83,49.66,385.9,8.1,6.3,3.15,11.44,10.7,Sandy
33.7600_0.2000,33.76,0.2,16.46,50.28,408.6,8.1,6.2,3.1,11.92,10.7,Sandy
33.7600_0.2800,33.76,0.28,16.08,50.81,393.8,8.1,6.1,3.05,11.28,10.9,Sandy
33.7600_0.3600,33.76,0.36,16.08,50.81,393.8,8.1,6.5,3.25,11.68,8.1,Sandy
33.7600_0.4400,33.76,0.44,16.1,50.39,396.2,8.1,7.5,3.75,13.2,8.4,Sandy
33.7600_0.5200,33.76,0.52,16.22,49.84,408.9,8.1,6.4,3.2,12.8,7,Sandy
33.7600_0.6000,33.76,0.6,16.22,49.84,408.9,8.1,6.5,3.25,13.36,8,Sandy
33.7600_0.6800,33.76,0.68,16.18,50.2,381.7,8.1,7.4,3.7,12.08,10,Sandy
33.7600_0.7600,33.76,0.76,16.3,49.82,318.4,8.1,6.1,3.05,12.24,7.8,Sandy
33.7600_0.8400,33.76,0.84,16.32,49.63,343.4,8.1,7.1,3.55,11.76,8.4,Sandy
33.7600_0.9200,33.76,0.92,16.32,49.63,343.4,8.1,6.7,3.35,12.24,9.2,Sandy
33.7600_1.0000,33.76,1,15.79,50.4,405.8,8,6.9,3.45,11.84,9.8,Sandy
33.7600_1.0800,33.76,1.08,15.14,50.62,409,7.8,8.6,4.3,10.64,8.2,Sandy
33.7600_1.1600,33.76,1.16,13.89,50.38,409,7.8,10,5,12.56,11,Sandy
33.7600_1.2400,33.76,1.24,14.83,51.34,369.7,7.9,8,4,12.08,9.1,Sandy
33.7600_1.3200,33.76,1.32,14.94,51.3,337.4,8.1,6.7,3.35,12.72,7.4,Sandy
33.7600_1.4000,33.76,1.4,14.95,51.05,360.2,8,7.5,3.75,12.56,8.7,Sandy
33.7600_1.4800,33.76,1.48,14.95,51.05,360.2,7.9,8.8,4.4,13.12,8.7,Sandy
33.7600_1.5600,33.76,1.56,15.06,50.95,382.2,8.1,6.5,3.25,11.36,8.5,Sandy
33.7600_1.6400,33.76,1.64,14.97,50.16,350.3,8,7.9,3.95,11.68,9.6,Sandy
33.7600_1.7200,33.76,1.72,15.67,50.37,350.3,8.1,5.4,2.7,11.68,6.9,Sandy
33.7600_1.8000,33.76,1.8,16.18,49.21,328.4,8.2,5.8,2.9,10.88,7.6,Sandy
33.7600_1.8800,33.76,1.88,15.95,49.39,314,8.1,5.6,2.8,10.96,8.1,Sandy
33.7600_1.9600,33.76,1.96,15.9,48.52,332.5,8.1,6.1,3.05,11.04,8,Sandy
33.7600_2.0400,33.76,2.04,14.25,48.15,332.5,8,10.8,5.4,11.76,13.8,Sandy
33.7600_2.1200,33.76,2.12,16.47,47.79,362.2,8.2,6,3,10.24,8.6,Sandy
33.7600_2.2000,33.76,2.2,17.34,46.48,331.2,8.1,5.5,2.75,9.92,8.2,Sandy
33.7600_2.2800,33.76,2.28,17.95,45.63,298,8.2,5.1,2.55,9.44,8.6,Sandy
33.7600_2.3600,33.76,2.36,17.97,45.63,298,8.2,4.9,2.45,9.76,5.3,Sandy
33.7600_2.4400,33.76,2.44,18.23,45.87,296.9,8.2,4.6,2.3,11.04,8.9,Sandy
33.7600_2.5200,33.76,2.52,18.41,46.25,278.3,8.2,5,2.5,9.36,9.3,Sandy
33.7600_2.6000,33.76,2.6,18.41,46.25,278.3,8.2,4.8,2.4,9.44,7,Sandy
33.7600_2.6800,33.76,2.68,18.76,45.82,265.6,8.2,4.8,2.4,10.56,5.8,Sandy
33.7600_2.7600,33.76,2.76,19.15,44.68,264.9,8.2,5.2,2.6,10.24,8.2,Sandy
33.7600_2.8400,33.76,2.84,19.15,44.68,264.9,8.1,6,3,10.32,7.3,Sandy
33.7600_2.9200,33.76,2.92,19.49,43.77,253.9,8.1,4.9,2.45,10.08,5.4,Sandy
33.7600_3.0000,33.76,3,19.42,43.98,278.7,8,6.7,3.35,11.52,8,Sandy
33.7600_3.0800,33.76,3.08,19.45,44.24,281.1,8.1,4.5,2.25,9.92,4.6,Sandy
33.7600_3.1600,33.76,3.16,19.45,44.24,281.1,8.1,5.2,2.6,10.4,5.8,Sandy
33.7600_3.2400,33.76,3.24,19.47,44.7,269.9,8.2,5.1,2.55,10.4,5.3,Silt
33.7600_3.3200,33.76,3.32,19.61,44.66,223.9,8.2,4.8,2.4,10.4,5.7,Sandy
33.7600_3.4000,33.76,3.4,19.61,44.66,223.9,8.2,4.7,2.35,14.4,5.3,Silt
33.7600_3.4800,33.76,3.48,19.75,44.26,215.4,8.2,4.4,2.2,14.4,7.4,Sandy
33.7600_3.5600,33.76,3.56,19.7,44.34,218.1,8.2,4.4,2.2,14.88,4.6,Sandy
33.7600_3.6400,33.76,3.64,19.58,44.25,224.9,8.2,4.9,2.45,14.8,7.4,Sandy
33.7600_3.7200,33.76,3.72,19.58,44.25,224.9,8.3,4.3,2.15,14.8,5.6,Sandy
33.7600_3.8000,33.76,3.8,19.51,44.28,219.1,8.2,4.7,2.35,11.04,5.8,Sandy
33.7600_3.8800,33.76,3.88,19.57,44.2,229.4,8.2,5,2.5,11.68,5,Sandy
33.7600_3.9600,33.76,3.96,19.57,44.2,229.4,8.2,5.6,2.8,11.76,7.8,Sandy
33.7600_4.0400,33.76,4.04,19.74,43.81,188.6,8.2,5.1,2.55,10.88,6.1,Sandy
33.7600_4.1200,33.76,4.12,19.96,43.59,155.6,8.3,4.4,2.2,9.68,7,Sandy
33.7600_4.2000,33.76,4.2,20.3,42.99,179.6,8.3,5.1,2.55,10.32,5,Sandy
33.7600_4.2800,33.76,4.28,20.3,42.99,179.6,8.3,5.3,2.65,9.44,7.6,Sandy
33.7600_4.3600,33.76,4.36,20.7,42.4,148.7,8.3,4.6,2.3,9.12,4.9,Sandy
33.7600_4.4400,33.76,4.44,20.99,42.1,153.4,8.3,4.6,2.3,9.76,4.2,Sandy
33.7600_4.5200,33.76,4.52,20.99,42.1,153.4,8.2,5.1,2.55,8.16,5.4,Sandy
33.7600_4.6000,33.76,4.6,21.32,41.69,141.2,8.2,5,2.5,8.96,4,Sandy
33.7600_4.6800,33.76,4.68,21.64,41.14,123.3,8.3,4.7,2.35,9.12,4,Sandy
33.7600_4.7600,33.76,4.76,21.84,41.11,141.1,8.3,4.5,2.25,9.28,3.5,Sandy
33.7600_4.8400,33.76,4.84,21.84,41.11,141.1,8.3,4.4,2.2,9.68,4.7,Sandy
33.7600_4.9200,33.76,4.92,21.98,41.18,154,8.3,4.5,2.25,8.8,3.5,Sandy
33.7600_5.0000,33.76,5,22.07,41.38,146.6,8.3,4,2,8.56,2.9,Sandy
33.7600_5.0800,33.76,5.08,22.07,41.38,146.6,8.3,4.1,2.05,9.44,2.8,Sandy
33.7600_5.1600,33.76,5.16,22.16,41.51,159.7,8.3,4.2,2.1,8.64,2.8,Sandy
33.7600_5.2400,33.76,5.24,22.31,41.49,150.9,8.2,4.3,2.15,10.48,3.4,Sandy
33.7600_5.3200,33.76,5.32,22.45,41.49,139.5,8.2,4.4,2.2,9.92,3.4,Sandy
33.7600_5.4000,33.76,5.4,22.45,41.49,139.5,8.2,4.2,2.1,9.68,3,Sandy
33.7600_5.4800,33.76,5.48,22.64,41.35,133.5,8.3,4.2,2.1,11.6,2.9,Sandy
33.7600_5.5600,33.76,5.56,22.81,41.37,135.6,8.2,4.4,2.2,11.12,3.4,Sandy
33.7600_5.6400,33.76,5.64,22.81,41.37,135.6,8.2,4.8,2.4,9.84,3.6,Sandy
33.7600_5.7200,33.76,5.72,22.99,41.34,136,8.2,5.2,2.6,8.96,4,Sandy
33.7600_5.8000,33.76,5.8,23.1,41.31,141.4,8.2,7.1,3.55,9.6,3.2,Sandy
33.7600_5.8800,33.76,5.88,23.11,41.81,150.9,8.3,5.7,2.85,8.4,4.2,Sandy
33.7600_5.9600,33.76,5.96,23.11,41.81,150.9,8.2,4.9,2.45,8.96,5.5,Sandy
33.7600_6.0400,33.76,6.04,23.16,41.95,123.2,8.1,5,2.5,8.64,6.9,Sandy
33.7600_6.1200,33.76,6.12,23.16,42.02,129.1,8.2,4.9,2.45,9.12,4,Clay
33.7600_6.2000,33.76,6.2,23.16,42.02,129.1,8.2,5,2.5,9.28,3.6,Clay
33.7600_6.2800,33.76,6.28,23.06,42.33,123.6,8.1,4.7,2.35,9.2,4.5,Silt
33.7600_6.3600,33.76,6.36,22.95,42.84,126.3,8.1,4.4,2.2,8.56,4.2,Silt
33.7600_6.4400,33.76,6.44,22.88,43.26,123.7,8.1,5,2.5,8.72,6.7,Sandy
33.7600_6.5200,33.76,6.52,22.88,43.26,123.7,8.1,5.5,2.75,9.28,6.4,Sandy
33.7600_6.6000,33.76,6.6,22.83,43.61,114.2,8,5.6,2.8,8.08,6.2,Clay
33.7600_6.6800,33.76,6.68,22.79,44,111.6,8,5.3,2.65,8.88,7.1,Sandy
33.7600_6.7600,33.76,6.76,22.79,44,111.6,8,6,3,12.56,7.4,Clay
33.7600_6.8400,33.76,6.84,22.74,44.32,127,8,5.7,2.85,9.44,4.6,Silt
33.7600_6.9200,33.76,6.92,22.74,44.43,141.4,8,5.7,2.85,9.2,5,Silt
33.7600_7.0000,33.76,7,22.91,44.6,128.7,7.9,5.5,2.75,8.8,7.3,Sandy
33.7600_7.0800,33.76,7.08,22.91,44.6,128.7,8,5,2.5,8.64,6.4,Sandy
33.7600_7.1600,33.76,7.16,22.66,44.96,135.3,8,5.1,2.55,8.56,6.5,Sandy
33.7600_7.2400,33.76,7.24,22.47,45.73,138.2,8,4.8,2.4,8.96,3.9,Sandy
33.7600_7.3200,33.76,7.32,22.47,45.73,138.2,7.9,5,2.5,8.48,4.4,Sandy
33.7600_7.4000,33.76,7.4,22.53,46.38,143.7,7.9,5.2,2.6,8.48,4.7,Sandy
33.7600_7.4800,33.76,7.48,22.39,46.36,138.4,7.9,5.2,2.6,8.64,6.8,Sandy
33.7600_7.5600,33.76,7.56,22.44,46.46,136,8,5.2,2.6,11.2,6.3,Sandy
33.7600_7.6400,33.76,7.64,22.44,46.46,136,8.1,4.9,2.45,10,8.1,Sandy
33.7600_7.7200,33.76,7.72,22.62,46.26,151.3,8.1,4.7,2.35,9.12,6.1,Sandy
33.7600_7.8000,33.76,7.8,22.95,45.96,160.3,8,7.1,3.55,9.2,4,Sandy
33.7600_7.8800,33.76,7.88,22.95,45.96,160.3,7.9,6,3,9.28,6.7,Sandy
33.7600_7.9600,33.76,7.96,23.03,46.01,132.9,7.9,6,3,10.4,8.9,Sandy
33.7600_8.0400,33.76,8.04,23.08,46.16,136.6,7.8,6.2,3.1,10.08,6.9,Sandy
33.7600_8.1200,33.76,8.12,23.17,46.35,138.6,7.8,5.6,2.8,8.72,8.1,Sandy
33.7600_8.2000,33.76,8.2,23.17,46.35,138.6,7.7,7.5,3.75,9.44,8.4,Sandy
33.7600_8.2800,33.76,8.28,23.18,46.7,145.3,7.8,7.2,3.6,9.84,8.1,Sandy
33.7600_8.3600,33.76,8.36,23.1,47.14,133.4,7.8,7.7,3.85,8.96,10.8,Sandy
33.7600_8.4400,33.76,8.44,23.1,47.14,133.4,7.8,7.4,3.7,9.2,10.1,Sandy
33.7600_8.5200,33.76,8.52,22.95,47.68,123.9,7.8,6.5,3.25,8.88,7.1,Sandy
33.7600_8.6000,33.76,8.6,22.76,48.19,119.9,7.9,5.2,2.6,8.64,7.4,Sandy
33.7600_8.6800,33.76,8.68,22.71,48.28,109.8,7.9,5.2,2.6,10.08,5.2,Sandy
33.8400_-2.2000,33.84,-2.2,17.35,51.25,300.8,7.8,7.7,3.85,13.12,6.4,Sandy
33.8400_-2.1200,33.84,-2.12,17.51,50.97,302,7.8,7.6,3.8,12.08,6.1,Clay
33.8400_-2.0400,33.84,-2.04,17.44,51,293.8,7.9,8.3,4.15,12.72,6.2,Clay
33.8400_-1.9600,33.84,-1.96,17.2,51.23,320.7,7.8,8.1,4.05,11.92,7.2,Sandy
33.8400_-1.8800,33.84,-1.88,17.2,51.23,320.7,7.8,7.6,3.8,12.48,8.6,Sandy
33.8400_-1.8000,33.84,-1.8,17.09,51.41,321.5,7.8,7.5,3.75,12.64,7.1,Sandy
33.8400_-1.7200,33.84,-1.72,17.22,50.52,284.2,7.9,8,4,12.48,6.7,Sandy
33.8400_-1.6400,33.84,-1.64,17.22,50.52,284.2,7.8,7.9,3.95,12.72,6.6,Sandy
33.8400_-1.5600,33.84,-1.56,17.27,50.08,275.5,7.8,7.8,3.9,12.96,5.8,Sandy
33.8400_-1.4800,33.84,-1.48,17.03,50.86,311.7,7.9,7.5,3.75,13.04,9.2,Sandy
33.8400_-1.4000,33.84,-1.4,16.8,51.24,265.4,7.9,8.9,4.45,13.28,8.6,Sandy
33.8400_-1.3200,33.84,-1.32,16.8,51.24,265.4,7.9,7.4,3.7,11.84,6.5,Sandy
33.8400_-1.2400,33.84,-1.24,16.77,51.12,260.2,8,6.5,3.25,12.64,6.6,Sandy
33.8400_-1.1600,33.84,-1.16,16.85,50.85,259.8,8,7.2,3.6,12.08,6.8,Clay
33.8400_-1.0800,33.84,-1.08,16.85,50.85,259.8,8,6.9,3.45,11.12,7.1,Sandy
33.8400_-1.0000,33.84,-1,16.88,50.69,277.9,8,6.9,3.45,10.56,7.7,Sandy
33.8400_-0.9200,33.84,-0.92,16.86,50.78,271.3,8.1,6.8,3.4,10.64,8.5,Silt
33.8400_-0.8400,33.84,-0.84,16.91,50.57,281.4,8.1,7,3.5,9.76,5.7,Clay
33.8400_-0.7600,33.84,-0.76,16.91,50.57,281.4,8,7,3.5,10.16,5.6,Silt
33.8400_-0.6800,33.84,-0.68,16.92,50.68,289.4,8,6.6,3.3,9.52,9.1,Clay
33.8400_-0.6000,33.84,-0.6,16.87,50.76,298.5,8,6.5,3.25,10.24,8.4,Clay
33.8400_-0.5200,33.84,-0.52,16.87,50.76,298.5,8,6.5,3.25,10.4,8.6,Silt
33.8400_-0.4400,33.84,-0.44,16.98,50.54,314,8.1,6.6,3.3,10.08,8.8,Clay
33.8400_-0.3600,33.84,-0.36,17.03,50.31,339.6,8,6.3,3.15,9.52,9.7,Silt
33.8400_-0.2800,33.84,-0.28,16.95,50.4,331.4,8.1,7.4,3.7,10.72,8.1,Sandy
33.8400_-0.2000,33.84,-0.2,16.95,50.4,331.4,8.1,6.1,3.05,10.24,9.5,Silt
33.8400_-0.1200,33.84,-0.12,16.79,50.72,326.6,8.2,6.2,3.1,11.6,18.1,Clay
33.8400_-0.0400,33.84,-0.04,16.77,50.53,356.3,8.1,6.3,3.15,12.08,6.4,Sandy
33.8400_0.0400,33.84,0.04,16.77,50.53,356.3,8.1,5.8,2.9,11.04,6.5,Sandy
33.8400_0.1200,33.84,0.12,16.77,50.13,397.7,8,7.5,3.75,11.36,9.4,Sandy
33.8400_0.2000,33.84,0.2,16.58,50.21,416.7,7.9,6.7,3.35,12.72,10.8,Sandy
33.8400_0.2800,33.84,0.28,16.58,50.21,416.7,8,7.7,3.85,11.36,11,Sandy
33.8400_0.3600,33.84,0.36,16.45,49.95,395.5,8.1,6.9,3.45,11.12,10.1,Sandy
33.8400_0.4400,33.84,0.44,16.5,50.17,337.8,8.1,6.6,3.3,11.28,8.5,Sandy
33.8400_0.5200,33.84,0.52,16.69,49.62,317.9,8,7.2,3.6,10.64,11.1,Sandy
33.8400_0.6000,33.84,0.6,16.69,49.62,317.9,8.1,6.6,3.3,11.68,8.8,Sandy
33.8400_0.6800,33.84,0.68,16.57,49.84,350.3,8,6.6,3.3,12,11.9,Sandy
33.8400_0.7600,33.84,0.76,16.49,50.05,340.3,8.1,7.1,3.55,11.92,11.7,Sandy
33.8400_0.8400,33.84,0.84,16.49,50.05,340.3,8.1,6.7,3.35,11.04,8.2,Sandy
33.8400_0.9200,33.84,0.92,16.52,49.82,334.3,8.1,6.5,3.25,11.84,12,Sandy
33.8400_1.0000,33.84,1,16.24,49.41,400.2,8.1,6.4,3.2,12.16,7.6,Sandy
33.8400_1.0800,33.84,1.08,15.66,50.07,441.7,8,6.7,3.35,13.68,8.5,Sandy
33.8400_1.1600,33.84,1.16,15.66,50.07,441.7,8,7.9,3.95,12.88,8.3,Sandy
33.8400_1.2400,33.84,1.24,15.52,50.17,372.5,7.9,8.5,4.25,13.12,8.6,Sandy
33.8400_1.3200,33.84,1.32,15.56,50.31,341,8,6.4,3.2,13.12,7.8,Sandy
33.8400_1.4000,33.84,1.4,15.56,50.31,341,8.1,7.1,3.55,11.52,8.1,Sandy
33.8400_1.4800,33.84,1.48,15.33,51.26,358.7,8,6.6,3.3,11.92,6.9,Sandy
33.8400_1.5600,33.84,1.56,14.99,51.03,373.7,7.9,8.1,4.05,12.96,9.8,Sandy
33.8400_1.6400,33.84,1.64,15.08,50.66,372.4,7.9,8.5,4.25,11.76,8.3,Sandy
33.8400_1.7200,33.84,1.72,15.08,50.66,372.4,8,6.8,3.4,11.68,8.7,Sandy
33.8400_1.8000,33.84,1.8,14.45,50.23,350.6,8,7.5,3.75,10.24,8.4,Sandy
33.8400_1.8800,33.84,1.88,16.04,50.09,324.5,8.1,6,3,11.28,7.6,Sandy
33.8400_1.9600,33.84,1.96,15.35,49.96,324.5,8,7.2,3.6,11.52,7.7,Sandy
33.8400_2.0400,33.84,2.04,15.27,50.01,345.9,8,6.3,3.15,11.6,8.2,Sandy
33.8400_2.1200,33.84,2.12,15.84,49.03,367.2,8,7.9,3.95,10.72,10.1,Sandy
33.8400_2.2000,33.84,2.2,16.94,47.19,357.7,8,6.7,3.35,11.2,9.8,Sandy
33.8400_2.2800,33.84,2.28,16.94,47.19,357.7,8.2,6.8,3.4,9.68,7.7,Sandy
33.8400_2.3600,33.84,2.36,17.71,46.55,317.9,8.2,4.8,2.4,9.36,5.4,Sandy
33.8400_2.4400,33.84,2.44,18.14,46.39,297.3,8.1,5.1,2.55,10.24,8.4,Sandy
33.8400_2.5200,33.84,2.52,18.14,46.39,297.3,8.2,4.8,2.4,9.44,6.1,Sandy
33.8400_2.6000,33.84,2.6,18.41,46.04,304.7,8.2,4.8,2.4,10.48,6.4,Sandy
33.8400_2.6800,33.84,2.68,18.65,45.52,264.9,8.2,5,2.5,10,5,Sandy
33.8400_2.7600,33.84,2.76,18.93,44.66,268.3,8.1,6,3,12.4,7.6,Sandy
33.8400_2.8400,33.84,2.84,18.93,44.66,268.3,8.2,5.4,2.7,11.04,7.4,Sandy
33.8400_2.9200,33.84,2.92,19.21,44.1,258.5,8.2,4.9,2.45,13.76,7.1,Sandy
33.8400_3.0000,33.84,3,19.18,44.76,259.9,8.1,4.6,2.3,12.72,6.8,Sandy
33.8400_3.0800,33.84,3.08,19.18,44.76,259.9,8.1,5.3,2.65,12.88,7.3,Sandy
33.8400_3.1600,33.84,3.16,19.45,44.63,291.7,8,6.1,3.05,11.6,6.9,Sandy
33.8400_3.2400,33.84,3.24,19.63,44.53,267.9,8.1,5.2,2.6,10.64,5.6,Silt
33.8400_3.3200,33.84,3.32,19.8,44.28,241.3,8.1,5.3,2.65,12.08,8.4,Sandy
33.8400_3.4000,33.84,3.4,19.8,44.28,241.3,8.1,5.9,2.95,14.24,8.9,Sandy
33.8400_3.4800,33.84,3.48,19.87,44.21,224.8,8.2,4.3,2.15,11.44,5.3,Sandy
33.8400_3.5600,33.84,3.56,19.82,44.37,212.6,8.2,4.6,2.3,10.64,4.9,Sandy
33.8400_3.6400,33.84,3.64,19.82,44.37,212.6,8.2,4.5,2.25,10.64,5.3,Silt
33.8400_3.7200,33.84,3.72,19.71,44.34,231.6,8.2,4.9,2.45,14.72,6.1,Sandy
33.8400_3.8000,33.84,3.8,19.62,44.53,241.8,8.2,5,2.5,10.24,5.6,Sandy
33.8400_3.8800,33.84,3.88,19.67,44.34,227.5,8.2,4.8,2.4,10.32,5.3,Sandy
33.8400_3.9600,33.84,3.96,19.67,44.34,227.5,8.3,4.4,2.2,8.8,8.1,Sandy
33.8400_4.0400,33.84,4.04,19.81,43.99,191.9,8.2,5.2,2.6,10.96,5.6,Sandy
33.8400_4.1200,33.84,4.12,20,43.7,173.2,8.3,4.8,2.4,9.92,5,Sandy
33.8400_4.2000,33.84,4.2,20,43.7,173.2,8.3,5.3,2.65,10.4,4.5,Sandy
33.8400_4.2800,33.84,4.28,20.28,43.33,165.1,8.3,5,2.5,9.76,5.6,Sandy
33.8400_4.3600,33.84,4.36,20.63,42.8,165.4,8.3,4.7,2.35,10.32,4.2,Sandy
33.8400_4.4400,33.84,4.44,21,42.15,179.1,8.4,5.1,2.55,9.36,5.4,Sandy
33.8400_4.5200,33.84,4.52,21,42.15,179.1,8.3,4.9,2.45,9.36,4.6,Sandy
33.8400_4.6000,33.84,4.6,21.36,41.8,138.2,8.3,6.1,3.05,8.8,5.5,Sandy
33.8400_4.6800,33.84,4.68,21.66,41.5,116.2,8.3,4.5,2.25,8.8,4.1,Sandy
33.8400_4.7600,33.84,4.76,21.66,41.5,116.2,8.3,4.2,2.1,8.48,4.7,Sandy
33.8400_4.8400,33.84,4.84,21.79,41.58,140.2,8.3,4.2,2.1,8.72,3.6,Sandy
33.8400_4.9200,33.84,4.92,21.93,41.52,139.1,8.3,4.2,2.1,8.24,2.9,Sandy
33.8400_5.0000,33.84,5,22.09,41.44,156,8.3,4.3,2.15,8,3.1,Sandy
33.8400_5.0800,33.84,5.08,22.09,41.44,156,8.3,4,2,8.72,3.2,Sandy
33.8400_5.1600,33.84,5.16,22.21,41.49,158.8,8.3,4.1,2.05,10.72,2.9,Sandy
33.8400_5.2400,33.84,5.24,22.34,41.68,132.5,8.3,4.4,2.2,10.96,3.4,Sandy
33.8400_5.3200,33.84,5.32,22.34,41.68,132.5,8.3,4.4,2.2,9.76,3.6,Sandy
33.8400_5.4000,33.84,5.4,22.47,41.63,130.6,8.3,4.7,2.35,8.16,3.1,Sandy
33.8400_5.4800,33.84,5.48,22.64,41.51,122.4,8.3,4.3,2.15,8.72,3.5,Sandy
33.8400_5.5600,33.84,5.56,22.82,41.56,144.5,8.2,5.1,2.55,10.88,2.9,Sandy
33.8400_5.6400,33.84,5.64,22.82,41.56,144.5,8.2,4.2,2.1,8.72,3.5,Sandy
33.8400_5.7200,33.84,5.72,23.03,41.67,156,8.2,4.7,2.35,8.8,3.6,Sandy
33.8400_5.8000,33.84,5.8,23.16,41.54,162.3,8.1,7.1,3.55,8.4,3.9,Sandy
33.8400_5.8800,33.84,5.88,23.16,41.54,162.3,8.2,6.4,3.2,9.12,3.8,Sandy
33.8400_5.9600,33.84,5.96,23.31,41.54,157,8.2,8.3,4.15,10.32,7.5,Silt
33.8400_6.0400,33.84,6.04,23.41,41.59,125,8.1,8.8,4.4,12.88,16.4,Sandy
33.8400_6.1200,33.84,6.12,23.34,41.87,123.7,8.1,5.7,2.85,11.6,6.4,Clay
33.8400_6.2000,33.84,6.2,23.34,41.87,123.7,8.2,4.7,2.35,10,5.4,Silt
33.8400_6.2800,33.84,6.28,23.2,42.32,139.9,8.1,5.7,2.85,8.8,5.3,Silt
33.8400_6.3600,33.84,6.36,23.06,42.94,140.5,8.1,11.8,5.9,12.24,18.1,Silt
33.8400_6.4400,33.84,6.44,23.06,42.94,140.5,8.1,9.2,4.6,8.72,12.9,Sandy
33.8400_6.5200,33.84,6.52,22.91,43.71,129.2,8,10,5,11.92,21.2,Silt
33.8400_6.6000,33.84,6.6,22.84,44.05,117.5,8,7.5,3.75,10.48,15,Clay
33.8400_6.6800,33.84,6.68,22.77,44.39,115.8,7.9,10.8,5.4,10.24,18.5,Clay
33.8400_6.7600,33.84,6.76,22.77,44.39,115.8,7.9,6.1,3.05,8.88,5.5,Silt
33.8400_6.8400,33.84,6.84,22.74,44.67,135.2,8,6.6,3.3,9.76,7.9,Clay
33.8400_6.9200,33.84,6.92,22.77,44.69,133.2,8,11.3,5.65,11.52,22.8,Sandy
33.8400_7.0000,33.84,7,22.77,44.69,133.2,8,5.9,2.95,8.8,4.9,Silt
33.8400_7.0800,33.84,7.08,22.78,44.75,144.1,8,5.1,2.55,8.96,7.3,Sandy
33.8400_7.1600,33.84,7.16,22.65,45.15,144.2,8.1,5.5,2.75,8.8,6.5,Silt
33.8400_7.2400,33.84,7.24,22.46,45.8,129.4,8,5.7,2.85,8.8,6.9,Sandy
33.8400_7.3200,33.84,7.32,22.46,45.8,129.4,8,5.3,2.65,8.72,4.1,Sandy
33.8400_7.4000,33.84,7.4,22.52,46.48,165.6,8,5.2,2.6,9.12,4,Clay
33.8400_7.4800,33.84,7.48,22.37,46.49,188.3,8.1,5.1,2.55,8.8,4.1,Sandy
33.8400_7.5600,33.84,7.56,22.37,46.49,188.3,8.1,5.2,2.6,8.8,4.9,Sandy
33.8400_7.6400,33.84,7.64,22.36,46.87,146.5,8.1,5.9,2.95,10,6.4,Sandy
33.8400_7.7200,33.84,7.72,22.56,46.51,140.2,8,4.8,2.4,8.48,7.4,Sandy
33.8400_7.8000,33.84,7.8,22.85,45.7,137.3,8,5.5,2.75,9.92,4.8,Sandy
33.8400_7.8800,33.84,7.88,22.85,45.7,137.3,8,5.7,2.85,9.2,6,Sandy
33.8400_7.9600,33.84,7.96,22.8,46.07,144.4,8,6,3,9.76,6,Sandy
33.8400_8.0400,33.84,8.04,22.93,46.11,144.6,7.9,6.6,3.3,8.88,9,Sandy
33.8400_8.1200,33.84,8.12,22.93,46.11,144.6,7.9,5.6,2.8,8.72,6.1,Sandy
33.8400_8.2000,33.84,8.2,23.05,46.63,143.2,7.8,6.3,3.15,9.84,7.1,Sandy
33.8400_8.2800,33.84,8.28,23.12,46.95,137.2,7.9,7.8,3.9,8.16,7.7,Sandy
33.8400_8.3600,33.84,8.36,23.07,47.39,123.7,7.9,7.8,3.9,8.32,8,Sandy
33.8400_8.4400,33.84,8.44,23.07,47.39,123.7,7.9,7.2,3.6,9.76,7.5,Sandy
33.8400_8.5200,33.84,8.52,22.92,48.09,127.1,7.9,5.4,2.7,12.32,9.5,Sandy
33.8400_8.6000,33.84,8.6,22.6,49.13,119.6,8,5.3,2.65,9.92,6.3,Sandy
33.8400_8.6800,33.84,8.68,22.6,49.13,119.6,8,5.1,2.55,11.92,7.7,Sandy
33.9200_-2.2000,33.92,-2.2,17.29,51.68,247.7,7.8,7.4,3.7,12.56,6.8,Sandy
33.9200_-2.1200,33.92,-2.12,17.55,51.52,290.9,7.8,7.3,3.65,11.36,5.8,Clay
33.9200_-2.0400,33.92,-2.04,17.52,51.68,295.4,7.8,7.1,3.55,12.48,7,Clay
33.9200_-1.9600,33.92,-1.96,17.24,51.63,314.7,7.8,7.1,3.55,12.08,6.8,Clay
33.9200_-1.8800,33.92,-1.88,17.24,51.63,314.7,7.8,7.3,3.65,12.96,7.2,Sandy
33.9200_-1.8000,33.92,-1.8,17,51.71,339.4,7.8,7.2,3.6,12.88,6.8,Clay
33.9200_-1.7200,33.92,-1.72,16.99,50.61,332.8,7.8,9.3,4.65,11.92,8.9,Clay
33.9200_-1.6400,33.92,-1.64,16.99,50.61,332.8,7.8,7.6,3.8,13.92,7.1,Clay
33.9200_-1.5600,33.92,-1.56,16.97,50.52,297.2,7.8,8.5,4.25,12.8,7.2,Clay
33.9200_-1.4800,33.92,-1.48,16.78,51.25,270.2,7.9,7.5,3.75,12.8,6.3,Clay
33.9200_-1.4000,33.92,-1.4,16.66,51.51,257.6,7.9,7.1,3.55,12.24,6.4,Clay
33.9200_-1.3200,33.92,-1.32,16.66,51.51,257.6,7.8,7.3,3.65,12.4,8.8,Clay
33.9200_-1.2400,33.92,-1.24,16.64,51.45,250.9,7.9,7.1,3.55,12.24,7.1,Clay
33.9200_-1.1600,33.92,-1.16,16.71,50.93,292.1,8,6.9,3.45,11.6,9.1,Clay
33.9200_-1.0800,33.92,-1.08,16.71,50.93,292.1,7.9,6.7,3.35,11.2,6.7,Clay
33.9200_-1.0000,33.92,-1,16.74,50.92,280.6,8,6.8,3.4,10.64,9.2,Clay
33.9200_-0.9200,33.92,-0.92,16.77,50.97,278.4,8,7.4,3.7,11.04,6.7,Clay
33.9200_-0.8400,33.92,-0.84,16.84,50.72,270.8,8,7,3.5,11.44,6.7,Silt
33.9200_-0.7600,33.92,-0.76,16.84,50.72,270.8,8.1,6.8,3.4,10.96,8.6,Silt
33.9200_-0.6800,33.92,-0.68,16.88,50.84,252.6,8.1,6.7,3.35,10.08,6.5,Silt
33.9200_-0.6000,33.92,-0.6,16.93,51.11,247,8.1,7.4,3.7,10,21,Clay
33.9200_-0.5200,33.92,-0.52,16.93,51.11,247,8,6.5,3.25,9.44,8.9,Clay
33.9200_-0.4400,33.92,-0.44,17.02,50.83,308.8,8,6.4,3.2,9.36,9.1,Clay
33.9200_-0.3600,33.92,-0.36,17.06,50.67,305.7,8.1,6.4,3.2,10.4,12.9,Clay
33.9200_-0.2800,33.92,-0.28,16.95,50.76,321.3,8.1,6.3,3.15,9.92,9.8,Clay
33.9200_-0.2000,33.92,-0.2,16.95,50.76,321.3,8.1,6.7,3.35,10.96,6.8,Silt
33.9200_-0.1200,33.92,-0.12,16.77,51.04,299.6,8.1,6.7,3.35,10.32,10.3,Clay
33.9200_-0.0400,33.92,-0.04,16.74,51.17,348,8.1,6.9,3.45,10.96,8.1,Silt
33.9200_0.0400,33.92,0.04,16.74,51.17,348,8.1,6.8,3.4,10.8,9.1,Clay
33.9200_0.1200,33.92,0.12,16.88,50.13,378.8,8.1,6.4,3.2,11.52,7.9,Silt
33.9200_0.2000,33.92,0.2,16.75,50.28,391.3,8.1,6.4,3.2,12.32,7.7,Clay
33.9200_0.2800,33.92,0.28,16.75,50.28,391.3,8.1,7.2,3.6,11.28,11.5,Clay
33.9200_0.3600,33.92,0.36,16.64,50.42,367.3,8.1,6.4,3.2,11.52,10,Clay
33.9200_0.4400,33.92,0.44,16.78,50.34,332.7,8.1,6.3,3.15,11.52,10.8,Clay
33.9200_0.5200,33.92,0.52,16.94,49.78,315,8.1,6.3,3.15,11.28,11,Clay
33.9200_0.6000,33.92,0.6,16.94,49.78,315,8,7.1,3.55,11.12,11.3,Clay
33.9200_0.6800,33.92,0.68,16.84,50.02,309.4,8,6.5,3.25,11.44,11.3,Clay
33.9200_0.7600,33.92,0.76,16.51,50.6,339.9,8.1,6.3,3.15,11.76,10.6,Clay
33.9200_0.8400,33.92,0.84,16.51,50.6,339.9,8.1,6.5,3.25,10.96,11.4,Clay
33.9200_0.9200,33.92,0.92,16.52,50.48,319.8,8.1,7.3,3.65,11.28,8.4,Clay
33.9200_1.0000,33.92,1,16.43,49.49,352.7,8,7.1,3.55,12.72,8.4,Clay
33.9200_1.0800,33.92,1.08,16.06,49.53,381.4,8.1,6.5,3.25,12.24,11.4,Clay
33.9200_1.1600,33.92,1.16,16.06,49.53,381.4,8,6.9,3.45,13.52,8.1,Clay
33.9200_1.2400,33.92,1.24,15.98,49.61,383.5,7.9,7.7,3.85,12.56,8.6,Clay
33.9200_1.3200,33.92,1.32,15.96,50.29,322.4,8,7.4,3.7,13.2,8.7,Clay
33.9200_1.4000,33.92,1.4,15.96,50.29,322.4,8.1,7.2,3.6,12.48,9.8,Clay
33.9200_1.4800,33.92,1.48,15.64,50.77,358.2,8,6.8,3.4,11.84,9,Clay
33.9200_1.5600,33.92,1.56,14.99,51.6,415.3,8,7,3.5,11.84,8.1,Clay
33.9200_1.6400,33.92,1.64,14.77,51.15,432.1,7.8,11.3,5.65,11.44,11.1,Clay
33.9200_1.7200,33.92,1.72,14.77,51.15,432.1,7.9,8.9,4.45,13.04,9.7,Clay
33.9200_1.8000,33.92,1.8,14.82,51.09,366.4,8,7.5,3.75,10.72,8.2,Clay
33.9200_1.8800,33.92,1.88,14.89,50.68,361.3,8,9.7,4.85,10.8,11.1,Clay
33.9200_1.9600,33.92,1.96,14.89,50.68,361.3,7.9,8.7,4.35,11.6,8.4,Clay
33.9200_2.0400,33.92,2.04,14.96,50.49,350.8,8,7.1,3.55,11.44,9.5,Clay
33.9200_2.1200,33.92,2.12,15.45,50.56,368.8,8.1,7.5,3.75,10.72,9.8,Clay
33.9200_2.2000,33.92,2.2,16.62,47.73,347.7,8.1,6.1,3.05,10.96,8.3,Clay
33.9200_2.2800,33.92,2.28,15.71,47.56,347.7,8,9.9,4.95,11.44,11.2,Clay
33.9200_2.3600,33.92,2.36,17.59,46.97,361.7,8.2,5.3,2.65,9.6,8.1,Sandy
33.9200_2.4400,33.92,2.44,18.07,46.76,324.8,8.2,5.4,2.7,9.76,7.1,Clay
33.9200_2.5200,33.92,2.52,18.07,46.76,324.8,8.2,5.3,2.65,9.28,6,Sandy
33.9200_2.6000,33.92,2.6,18.21,46.55,302.2,8.1,4.6,2.3,10.08,6.9,Sandy
33.9200_2.6800,33.92,2.68,18.26,46.09,293,8.1,5.4,2.7,10.96,9.1,Sandy
33.9200_2.7600,33.92,2.76,18.31,45.61,311.5,8.2,5.2,2.6,9.68,7,Sandy
33.9200_2.8400,33.92,2.84,18.31,45.61,311.5,8.2,5.7,2.85,12.56,7.6,Sandy
33.9200_2.9200,33.92,2.92,18.58,45.72,293.4,8.2,5,2.5,13.2,10.4,Sandy
33.9200_3.0000,33.92,3,18.93,45.44,288.6,8.2,5.5,2.75,12.4,8,Sandy
33.9200_3.0800,33.92,3.08,18.93,45.44,288.6,8.2,5.2,2.6,12.96,7.3,Sandy
33.9200_3.1600,33.92,3.16,19.21,45.69,265.9,8.1,4.7,2.35,13.28,5.7,Sandy
33.9200_3.2400,33.92,3.24,19.5,44.9,251.4,8.1,5.4,2.7,12.64,5.6,Clay
33.9200_3.3200,33.92,3.32,19.63,44.83,233.8,8.1,4.9,2.45,10.32,8.3,Sandy
33.9200_3.4000,33.92,3.4,19.63,44.83,233.8,8.1,5,2.5,13.36,5.1,Clay
33.9200_3.4800,33.92,3.48,19.73,44.61,250.7,8.2,8.5,4.25,11.84,6.6,Silt
33.9200_3.5600,33.92,3.56,19.81,44.55,258.9,8.2,4.7,2.35,11.6,5.8,Silt
33.9200_3.6400,33.92,3.64,19.81,44.55,258.9,8.2,4.7,2.35,10.96,6.3,Silt
33.9200_3.7200,33.92,3.72,19.78,44.94,248.3,8.2,4.8,2.4,11.28,4.7,Silt
33.9200_3.8000,33.92,3.8,19.75,44.76,257.7,8.2,4.5,2.25,10.96,5.3,Silt
33.9200_3.8800,33.92,3.88,19.79,44.52,244.4,8.2,4.7,2.35,9.84,5.1,Silt
33.9200_3.9600,33.92,3.96,19.79,44.52,244.4,8.2,4.7,2.35,10,5.3,Loamy
33.9200_4.0400,33.92,4.04,19.95,44.21,210.5,8.2,4.7,2.35,10.16,4.7,Loamy
33.9200_4.1200,33.92,4.12,20.2,43.61,186,8.3,5.2,2.6,9.12,5.7,Sandy
33.9200_4.2000,33.92,4.2,20.2,43.61,186,8.3,4.9,2.45,8.56,5,Sandy
33.9200_4.2800,33.92,4.28,20.46,43.27,185.6,8.3,5,2.5,8.08,7.1,Sandy
33.9200_4.3600,33.92,4.36,20.68,42.82,185.1,8.3,4.7,2.35,9.92,6.6,Sandy
33.9200_4.4400,33.92,4.44,20.95,42.52,171.8,8.3,5.2,2.6,10.16,5,Sandy
33.9200_4.5200,33.92,4.52,20.95,42.52,171.8,8.3,5.2,2.6,9.28,5.1,Silt
33.9200_4.6000,33.92,4.6,21.32,41.87,150,8.3,4.6,2.3,9.04,5.6,Silt
33.9200_4.6800,33.92,4.68,21.59,41.88,126.4,8.3,4.3,2.15,8.72,4.3,Silt
33.9200_4.7600,33.92,4.76,21.59,41.88,126.4,8.3,4.3,2.15,9.04,3.5,Sandy
33.9200_4.8400,33.92,4.84,21.73,42.05,121.3,8.3,4.3,2.15,10,3.8,Silt
33.9200_4.9200,33.92,4.92,21.86,41.99,145.8,8.3,4,2,10.56,3.5,Silt
33.9200_5.0000,33.92,5,22.04,41.84,154.6,8.3,4.2,2.1,9.92,3.1,Silt
33.9200_5.0800,33.92,5.08,22.04,41.84,154.6,8.3,4.1,2.05,9.04,3.8,Silt
33.9200_5.1600,33.92,5.16,22.25,41.62,166.3,8.3,8.2,4.1,10.24,5.2,Silt
33.9200_5.2400,33.92,5.24,22.41,41.69,139.6,8.2,4.2,2.1,9.44,3.6,Sandy
33.9200_5.3200,33.92,5.32,22.41,41.69,139.6,8.3,4.1,2.05,9.6,3.2,Loamy
33.9200_5.4000,33.92,5.4,22.54,41.68,124.4,8.2,3.8,1.9,8.88,3.5,Sandy
33.9200_5.4800,33.92,5.48,22.7,41.62,126.4,8.2,4.1,2.05,10.16,3,Loamy
33.9200_5.5600,33.92,5.56,22.91,41.61,138.9,8.3,4.2,2.1,9.12,3.2,Silt
33.9200_5.6400,33.92,5.64,22.91,41.61,138.9,8.2,5,2.5,9.28,3.4,Silt
33.9200_5.7200,33.92,5.72,23.08,41.55,159.8,8.2,5.4,2.7,9.2,4,Clay
33.9200_5.8000,33.92,5.8,23.3,41.56,157.8,8.2,6.5,3.25,9.44,3.9,Silt
33.9200_5.8800,33.92,5.88,23.3,41.56,157.8,8.1,7.2,3.6,10.4,4.7,Silt
33.9200_5.9600,33.92,5.96,23.59,41.03,160.6,8.1,11.3,5.65,12,17.4,Clay
33.9200_6.0400,33.92,6.04,23.74,40.81,149.6,8,16.6,8.3,18.56,26.4,Clay
33.9200_6.1200,33.92,6.12,23.57,41.48,127,8,14.9,7.45,18.24,18.2,Silt
33.9200_6.2000,33.92,6.2,23.57,41.48,127,8.1,15.7,7.85,11.76,17.5,Clay
33.9200_6.2800,33.92,6.28,23.4,42.06,112.2,8,8.6,4.3,11.28,15.2,Silt
33.9200_6.3600,33.92,6.36,23.19,42.83,127.8,8.1,16.8,8.4,15.68,17,Silt
33.9200_6.4400,33.92,6.44,23.19,42.83,127.8,7.9,10.3,5.15,16.48,21.7,Silt
33.9200_6.5200,33.92,6.52,22.99,43.68,126,7.9,9.9,4.95,13.76,20.9,Silt
33.9200_6.6000,33.92,6.6,22.82,44.37,119.4,7.9,10.5,5.25,10.56,13.8,Clay
33.9200_6.6800,33.92,6.68,22.77,44.7,119.4,7.9,11.4,5.7,11.36,19.7,Clay
33.9200_6.7600,33.92,6.76,22.77,44.7,119.4,7.9,19,9.5,11.44,17.1,Silt
33.9200_6.8400,33.92,6.84,22.8,44.76,107.1,8,13.3,6.65,11.36,20.2,Silt
33.9200_6.9200,33.92,6.92,22.82,44.83,126.2,8,14.2,7.1,15.92,23.6,Clay
33.9200_7.0000,33.92,7,22.82,44.83,126.2,8.1,8.1,4.05,8.72,7.8,Silt
33.9200_7.0800,33.92,7.08,22.89,45.13,137.4,8.1,6.6,3.3,10,6.6,Silt
33.9200_7.1600,33.92,7.16,22.58,45.51,157.4,8.2,6.1,3.05,10,6.9,Clay
33.9200_7.2400,33.92,7.24,22.46,46.03,163.1,8.1,6.3,3.15,9.04,6.2,Clay
33.9200_7.3200,33.92,7.32,22.46,46.03,163.1,8.1,6.4,3.2,8.88,7.2,Clay
33.9200_7.4000,33.92,7.4,22.48,46.79,174.7,8.2,6.5,3.25,11.36,4.1,Silt
33.9200_7.4800,33.92,7.48,22.44,47.17,178.6,8.2,5.7,2.85,9.2,5,Clay
33.9200_7.5600,33.92,7.56,22.44,47.17,178.6,8.1,5.6,2.8,8.96,7.4,Silt
33.9200_7.6400,33.92,7.64,22.41,47.55,160.8,8,5,2.5,10.96,8.2,Silt
33.9200_7.7200,33.92,7.72,22.52,47.3,152.1,8.1,5.5,2.75,8.32,6,Silt
33.9200_7.8000,33.92,7.8,22.59,46.98,155.2,8.1,5.1,2.55,9.84,6.5,Clay
33.9200_7.8800,33.92,7.88,22.59,46.98,155.2,8.1,6.3,3.15,8.56,4.4,Clay
33.9200_7.9600,33.92,7.96,22.65,46.59,152.5,8.1,5.4,2.7,9.6,4.8,Sandy
33.9200_8.0400,33.92,8.04,22.75,46.36,149.1,8.2,4.7,2.35,10.16,4.2,Sandy
33.9200_8.1200,33.92,8.12,22.75,46.36,149.1,8.1,6.8,3.4,10.8,5.1,Sandy
33.9200_8.2000,33.92,8.2,22.92,46.06,141.7,8,5,2.5,11.04,5.4,Sandy
33.9200_8.2800,33.92,8.28,22.97,46.85,141,7.9,6.3,3.15,8.72,7.4,Sandy
33.9200_8.3600,33.92,8.36,22.97,46.85,141,8,7.5,3.75,10.16,7.1,Clay
33.9200_8.4400,33.92,8.44,23,47.25,128.5,7.9,7.5,3.75,10.88,7.8,Clay
33.9200_8.5200,33.92,8.52,22.93,47.9,125.3,7.9,7.2,3.6,9.76,7.5,Sandy
33.9200_8.6000,33.92,8.6,22.77,48.81,122.4,7.9,6,3,9.52,10.1,Clay
33.9200_8.6800,33.92,8.68,22.77,48.81,122.4,8,5.1,2.55,9.6,7.9,Silt
34.0000_-2.2000,34,-2.2,17.17,52.61,257.8,7.7,7.8,3.9,14,6.5,Clay
34.0000_-2.1200,34,-2.12,17.55,52.34,278.3,7.8,6.9,3.45,13.12,7.2,Clay
34.0000_-2.0400,34,-2.04,17.67,51.97,294.7,7.7,9.7,4.85,12.08,8,Clay
34.0000_-1.9600,34,-1.96,17.4,51.76,322.9,7.7,9.6,4.8,13.44,7.2,Clay
34.0000_-1.8800,34,-1.88,17.4,51.76,322.9,7.7,10.3,5.15,11.84,7.3,Clay
34.0000_-1.8000,34,-1.8,17.09,51.67,327.2,7.7,9.8,4.9,12.72,6.9,Clay
34.0000_-1.7200,34,-1.72,16.91,50.96,301.1,7.7,7.7,3.85,12.56,7.4,Clay
34.0000_-1.6400,34,-1.64,16.91,50.96,301.1,7.7,7.6,3.8,12.64,7.2,Clay
34.0000_-1.5600,34,-1.56,16.75,50.66,304.3,7.8,7.6,3.8,11.92,6.8,Clay
34.0000_-1.4800,34,-1.48,16.55,51.29,301.6,7.7,8,4,12.48,7.1,Clay
34.0000_-1.4000,34,-1.4,16.52,51.64,266.2,7.8,8.7,4.35,12.16,9.3,Clay
34.0000_-1.3200,34,-1.32,16.52,51.64,266.2,7.7,9.6,4.8,11.2,7.5,Clay
34.0000_-1.2400,34,-1.24,16.52,51.56,248.2,7.8,11,5.5,11.68,7.5,Clay
34.0000_-1.1600,34,-1.16,16.53,51.33,262.6,7.8,8.6,4.3,12,9.7,Clay
34.0000_-1.0800,34,-1.08,16.53,51.33,262.6,7.9,7.3,3.65,12.24,9,Clay
34.0000_-1.0000,34,-1,16.58,51.48,298,7.9,6.9,3.45,11.36,6.8,Clay
34.0000_-0.9200,34,-0.92,16.7,51.17,282,7.9,6.3,3.15,11.36,9.2,Clay
34.0000_-0.8400,34,-0.84,16.76,51.07,286.6,8,6.1,3.05,10.24,9.9,Clay
34.0000_-0.7600,34,-0.76,16.76,51.07,286.6,8.1,6.4,3.2,10.88,9.1,Clay
34.0000_-0.6800,34,-0.68,16.83,50.98,273.8,8.1,6.2,3.1,10,6.5,Silt
34.0000_-0.6000,34,-0.6,16.93,51.16,263.7,8.1,6.2,3.1,10.24,8.5,Clay
34.0000_-0.5200,34,-0.52,16.93,51.16,263.7,8.1,6.4,3.2,10.72,8.6,Silt
34.0000_-0.4400,34,-0.44,17.01,51.1,305.6,8.1,6.6,3.3,9.68,8.7,Clay
34.0000_-0.3600,34,-0.36,17.13,51.04,334.7,8.1,7.3,3.65,12.32,6,Clay
34.0000_-0.2800,34,-0.28,16.98,51.19,340.1,8.1,7.2,3.6,10.64,6,Clay
34.0000_-0.2000,34,-0.2,16.98,51.19,340.1,8,6.7,3.35,10.32,8.6,Silt
34.0000_-0.1200,34,-0.12,16.93,51.34,327.1,8.1,6.5,3.25,10.96,10.5,Silt
34.0000_-0.0400,34,-0.04,16.95,51.44,325.3,8.1,7,3.5,10.56,13.8,Clay
34.0000_0.0400,34,0.04,16.95,51.44,325.3,8.1,6.9,3.45,11.44,10.5,Clay
34.0000_0.1200,34,0.12,16.95,51.21,332.4,8.1,6.9,3.45,11.92,8.2,Clay
34.0000_0.2000,34,0.2,16.9,50.83,354.9,8.1,6.4,3.2,11.68,10.9,Clay
34.0000_0.2800,34,0.28,16.9,50.83,354.9,8,6.6,3.3,11.04,11.2,Clay
34.0000_0.3600,34,0.36,16.74,51.13,391.5,8.1,6.6,3.3,10.32,11.7,Clay
34.0000_0.4400,34,0.44,16.82,51,344.5,8,7,3.5,11.6,12.3,Clay
34.0000_0.5200,34,0.52,16.94,50.66,329,8,6.9,3.45,11.44,12.3,Clay
34.0000_0.6000,34,0.6,16.94,50.66,329,8.1,7.4,3.7,11.28,11.7,Clay
34.0000_0.6800,34,0.68,16.88,50.82,331.6,8,6.9,3.45,11.44,11.6,Clay
34.0000_0.7600,34,0.76,16.53,51.3,343.5,8,6.6,3.3,11.76,11.5,Clay
34.0000_0.8400,34,0.84,16.53,51.3,343.5,8.1,6.6,3.3,11.6,11.7,Clay
34.0000_0.9200,34,0.92,16.49,51.14,366.2,8,6.9,3.45,11.36,9,Clay
34.0000_1.0000,34,1,16.53,49.18,376.2,8.1,8,4,12.64,8,Clay
34.0000_1.0800,34,1.08,16.3,49.3,353.3,8,7.2,3.6,12.24,9.6,Clay
34.0000_1.1600,34,1.16,16.3,49.3,353.3,8.1,7.5,3.75,11.44,9.5,Sandy
34.0000_1.2400,34,1.24,16.11,49.88,356.5,8.1,7.4,3.7,12.32,9.4,Sandy
34.0000_1.3200,34,1.32,16.11,50.08,348.6,8.1,7.7,3.85,11.84,9.5,Clay
34.0000_1.4000,34,1.4,16.11,50.08,348.6,8.1,7.7,3.85,12.32,7.5,Clay
34.0000_1.4800,34,1.48,15.87,50.04,335,8,8.6,4.3,11.76,9.6,Clay
34.0000_1.5600,34,1.56,15.27,50.38,406,7.9,8,4,11.76,8.6,Clay
34.0000_1.6400,34,1.64,14.94,50.43,427.3,7.9,9.2,4.6,11.92,10.4,Clay
34.0000_1.7200,34,1.72,14.94,50.43,427.3,7.9,7.9,3.95,11.76,8.5,Clay
34.0000_1.8000,34,1.8,14.81,51.26,423.3,7.8,9.7,4.85,13.28,9.1,Clay
34.0000_1.8800,34,1.88,14.7,51.46,412,7.9,9.7,4.85,12.48,8.9,Clay
34.0000_1.9600,34,1.96,14.7,51.46,412,7.9,8.6,4.3,12.48,9.4,Clay
34.0000_2.0400,34,2.04,14.73,51.26,374.6,8,8.1,4.05,11.76,8.6,Clay
34.0000_2.1200,34,2.12,15.23,50.34,390.7,7.9,8.2,4.1,12.32,9.5,Clay
34.0000_2.2000,34,2.2,15.07,50.3,390.7,8,7.9,3.95,11.2,11.8,Clay
34.0000_2.2800,34,2.28,16.35,48.22,369.7,8.1,7.2,3.6,9.52,9,Clay
34.0000_2.3600,34,2.36,17.43,47.07,374.1,8.2,5.9,2.95,8.8,8.6,Sandy
34.0000_2.4400,34,2.44,17.97,46.83,314,8.2,6.7,3.35,9.28,7,Sandy
34.0000_2.5200,34,2.52,17.97,46.83,314,8.1,4.9,2.45,9.92,7.6,Clay
34.0000_2.6000,34,2.6,17.8,47.06,293.3,8.1,5.2,2.6,10.64,11.7,Sandy
34.0000_2.6800,34,2.68,17.57,47.07,301.6,8.1,5.1,2.55,12.16,8.5,Sandy
34.0000_2.7600,34,2.76,15.21,46.1,340.4,8.1,7.7,3.85,11.44,9.2,Clay
34.0000_2.8400,34,2.84,17.62,46.62,340.4,8.1,5.1,2.55,10.24,7.3,Loamy
34.0000_2.9200,34,2.92,17.99,47.14,329.3,8.1,5.1,2.55,12.24,6.5,Clay
34.0000_3.0000,34,3,18.58,46.28,293.5,8.2,6.7,3.35,12.56,7.3,Sandy
34.0000_3.0800,34,3.08,18.58,46.28,293.5,8.2,5.2,2.6,13.2,6.5,Sandy
34.0000_3.1600,34,3.16,18.99,45.91,270.8,8.1,5.1,2.55,12.56,7.8,Sandy
34.0000_3.2400,34,3.24,19.16,45.66,279.1,8.1,5.1,2.55,10.32,6.9,Sandy
34.0000_3.3200,34,3.32,19.29,44.86,266.3,8.1,6.2,3.1,12.64,6.4,Loamy
34.0000_3.4000,34,3.4,18.6,44.7,266.3,8.1,8.1,4.05,12.64,7.9,Sandy
34.0000_3.4800,34,3.48,19.4,45.28,261,8.1,5.5,2.75,11.04,6.1,Sandy
34.0000_3.5600,34,3.56,19.69,44.98,283.9,8.1,5.1,2.55,10.96,5.5,Loamy
34.0000_3.6400,34,3.64,19.69,44.98,283.9,8.1,5.5,2.75,10.48,5.1,Clay
34.0000_3.7200,34,3.72,19.87,45.08,266.1,8.2,6.8,3.4,12,6.6,Clay
34.0000_3.8000,34,3.8,19.86,45.23,272.8,8.2,5.3,2.65,10.96,4.6,Clay
34.0000_3.8800,34,3.88,19.92,44.73,212.4,8.2,4.9,2.45,9.92,7.3,Silt
34.0000_3.9600,34,3.96,19.92,44.73,212.4,8.3,4.4,2.2,9.92,5.5,Sandy
34.0000_4.0400,34,4.04,20.1,44.35,196,8.3,4.9,2.45,8.72,7.3,Loamy
34.0000_4.1200,34,4.12,20.4,43.6,206.2,8.3,4.9,2.45,8.56,7.1,Loamy
34.0000_4.2000,34,4.2,20.4,43.6,206.2,8.3,5,2.5,8,6.9,Sandy
34.0000_4.2800,34,4.28,20.65,43.23,193.7,8.3,4.9,2.45,8.24,6.8,Loamy
34.0000_4.3600,34,4.36,20.8,42.84,179.6,8.3,5.4,2.7,7.92,4.8,Loamy
34.0000_4.4400,34,4.44,20.89,42.84,177.3,8.3,4.6,2.3,9.36,4.1,Sandy
34.0000_4.5200,34,4.52,20.89,42.84,177.3,8.3,4.7,2.35,9.28,4.2,Silt
34.0000_4.6000,34,4.6,21.15,42.46,182.8,8.3,4.5,2.25,9.04,4.2,Silt
34.0000_4.6800,34,4.68,21.47,42.24,149.3,8.3,4.3,2.15,8.16,3.5,Sandy
34.0000_4.7600,34,4.76,21.47,42.24,149.3,8.3,4.8,2.4,9.92,5.6,Silt
34.0000_4.8400,34,4.84,21.68,42.27,158.7,8.3,4.5,2.25,9.6,3.1,Silt
34.0000_4.9200,34,4.92,21.83,42.26,138.2,8.3,4.4,2.2,9.2,3.8,Silt
34.0000_5.0000,34,5,22.06,41.97,174,8.3,4.2,2.1,9.2,3.5,Sandy
34.0000_5.0800,34,5.08,22.06,41.97,174,8.3,4.1,2.05,8.8,3.4,Sandy
34.0000_5.1600,34,5.16,22.3,41.84,160.2,8.3,3.9,1.95,10.72,4.2,Loamy
34.0000_5.2400,34,5.24,22.5,41.66,150.5,8.3,4.5,2.25,11.6,4.7,Clay
34.0000_5.3200,34,5.32,22.5,41.66,150.5,8.3,3.9,1.95,10,4.1,Loamy
34.0000_5.4000,34,5.4,22.63,41.79,149.2,8.3,4.2,2.1,9.76,3.5,Loamy
34.0000_5.4800,34,5.48,22.78,41.79,120.2,8.2,4.1,2.05,9.52,3.8,Silt
34.0000_5.5600,34,5.56,22.78,41.79,120.2,8.2,4.4,2.2,9.28,3.4,Loamy
34.0000_5.6400,34,5.64,23.03,41.73,134.7,8.2,5.1,2.55,9.28,3.1,Silt
34.0000_5.7200,34,5.72,23.24,41.51,135.5,8.2,4.6,2.3,9.28,3.6,Silt
34.0000_5.8000,34,5.8,23.38,41.67,157,8.2,5.8,2.9,11.76,3.3,Silt
34.0000_5.8800,34,5.88,23.38,41.67,157,8.2,7,3.5,8.88,5.9,Clay
34.0000_5.9600,34,5.96,23.7,40.69,138.9,8,14.8,7.4,15.44,13.2,Silt
34.0000_6.0400,34,6.04,23.82,40.83,149.6,0,0,0,0,0,Unknown
34.0000_6.1200,34,6.12,23.65,41.71,142.7,0,0,0,0,0,Unknown
34.0000_6.2000,34,6.2,23.62,41.7,142.7,0,0,0,0,0,Unknown
34.0000_6.2800,34,6.28,23.42,42.34,150.8,8,13.6,6.8,14,20.2,Silt
34.0000_6.3600,34,6.36,23.1,43.34,123.7,8,12.2,6.1,13.2,19.3,Silt
34.0000_6.4400,34,6.44,23.1,43.34,123.7,8,10.5,5.25,15.04,22.6,Silt
34.0000_6.5200,34,6.52,22.96,43.94,134.3,8,14.9,7.45,12,25.2,Silt
34.0000_6.6000,34,6.6,22.79,44.59,125.5,8,13.5,6.75,11.6,22.3,Silt
34.0000_6.6800,34,6.68,22.79,44.59,125.5,7.9,13.4,6.7,14.32,22.3,Clay
34.0000_6.7600,34,6.76,22.75,44.98,127.4,8,14.8,7.4,13.76,23.4,Silt
34.0000_6.8400,34,6.84,22.88,44.79,120.4,8.1,7.7,3.85,8.88,14.9,Silt
34.0000_6.9200,34,6.92,22.93,44.85,128.7,8.1,13.2,6.6,16.64,25.3,Silt
34.0000_7.0000,34,7,22.93,44.85,128.7,8.1,13.3,6.65,15.04,20.5,Silt
34.0000_7.0800,34,7.08,22.96,45.2,148.1,8.1,7.5,3.75,9.68,7.8,Clay
34.0000_7.1600,34,7.16,22.58,45.92,176.7,8.1,7.4,3.7,8.96,7.6,Silt
34.0000_7.2400,34,7.24,22.58,45.92,176.7,8.1,6.7,3.35,9.28,7.6,Clay
34.0000_7.3200,34,7.32,22.49,46.33,166.9,8.1,6.9,3.45,8.72,12.8,Clay
34.0000_7.4000,34,7.4,22.57,46.82,161.7,8.2,6.8,3.4,8.8,6.7,Silt
34.0000_7.4800,34,7.48,22.58,47.01,153.3,8.2,6.2,3.1,8,5.8,Clay
34.0000_7.5600,34,7.56,22.58,47.01,153.3,8.1,5.7,2.85,8.4,4.6,Clay
34.0000_7.6400,34,7.64,22.6,47.15,135.3,8.1,5.6,2.8,9.12,8.7,Silt
34.0000_7.7200,34,7.72,22.62,47.25,151.4,8.1,6.3,3.15,8.72,7,Clay
34.0000_7.8000,34,7.8,22.62,47.25,151.4,8,8.9,4.45,10.8,17.4,Silt
34.0000_7.8800,34,7.88,22.59,47.33,173.6,8,9.2,4.6,16.8,20.2,Clay
34.0000_7.9600,34,7.96,22.53,47.33,169.2,8.1,9.7,4.85,15.44,13.4,Silt
34.0000_8.0400,34,8.04,22.55,46.86,158.6,8.1,10.5,5.25,10.48,13.7,Clay
34.0000_8.1200,34,8.12,22.55,46.86,158.6,8.1,5.1,2.55,9.36,5.5,Clay
34.0000_8.2000,34,8.2,22.64,46.55,160.1,8.1,4.3,2.15,12.72,5.2,Sandy
34.0000_8.2800,34,8.28,22.68,46.63,152.4,8.1,5.3,2.65,11.92,6.2,Sandy
34.0000_8.3600,34,8.36,22.68,46.63,152.4,8,6.1,3.05,9.12,7.3,Clay
34.0000_8.4400,34,8.44,22.67,47.31,141.8,8,9.7,4.85,9.52,9.3,Clay
34.0000_8.5200,34,8.52,22.73,47.47,139.8,8,7.4,3.7,11.04,8,Clay
34.0000_8.6000,34,8.6,22.67,47.81,129,8,6.4,3.2,9.52,6.7,Clay
34.0000_8.6800,34,8.68,22.67,47.81,129,8.1,5.5,2.75,8.72,8.6,Clay
34.0800_-2.2000,34.08,-2.2,17.3,53.1,280.9,7.7,10.2,5.1,11.92,6.3,Clay
34.0800_-2.1200,34.08,-2.12,17.62,52.91,254.5,7.8,7.6,3.8,12.8,6.3,Clay
34.0800_-2.0400,34.08,-2.04,17.7,52.51,261.6,7.9,8.1,4.05,12,6.9,Clay
34.0800_-1.9600,34.08,-1.96,17.46,51.87,288.5,7.8,8.8,4.4,12.32,7.2,Clay
34.0800_-1.8800,34.08,-1.88,17.46,51.87,288.5,7.7,8.6,4.3,12.24,7,Clay
34.0800_-1.8000,34.08,-1.8,17.12,51.77,309.1,7.8,8.2,4.1,11.92,6.8,Clay
34.0800_-1.7200,34.08,-1.72,16.81,51.39,313.4,7.6,8.6,4.3,12.64,9.7,Clay
34.0800_-1.6400,34.08,-1.64,16.81,51.39,313.4,7.6,8.2,4.1,12.88,8,Clay
34.0800_-1.5600,34.08,-1.56,16.48,51.15,335.2,7.6,9,4.5,11.84,7.6,Clay
34.0800_-1.4800,34.08,-1.48,16.21,51.78,311.7,7.6,7.4,3.7,11.52,7.6,Clay
34.0800_-1.4000,34.08,-1.4,16.25,51.77,308.1,7.7,8.1,4.05,11.6,7.2,Clay
34.0800_-1.3200,34.08,-1.32,16.25,51.77,308.1,7.7,7.7,3.85,12.24,7.2,Clay
34.0800_-1.2400,34.08,-1.24,16.24,51.89,258.9,7.8,7.8,3.9,12.48,10.1,Clay
34.0800_-1.1600,34.08,-1.16,16.22,51.87,281,7.8,10.3,5.15,12.32,10.8,Clay
34.0800_-1.0800,34.08,-1.08,16.22,51.87,281,7.8,8.3,4.15,12.4,7.8,Clay
34.0800_-1.0000,34.08,-1,16.35,51.53,272.2,7.9,7.5,3.75,11.44,7.3,Clay
34.0800_-0.9200,34.08,-0.92,16.55,51.41,266.7,7.9,6.9,3.45,11.6,7.2,Clay
34.0800_-0.8400,34.08,-0.84,16.66,51.31,280,8,7,3.5,11.76,10.5,Clay
34.0800_-0.7600,34.08,-0.76,16.66,51.31,280,8,7.7,3.85,10.08,7,Clay
34.0800_-0.6800,34.08,-0.68,16.73,51.28,278.8,8,6.5,3.25,10.88,9.7,Clay
34.0800_-0.6000,34.08,-0.6,16.85,51.47,289.3,8.1,6.6,3.3,10.48,9.1,Clay
34.0800_-0.5200,34.08,-0.52,16.85,51.47,289.3,8.1,6.3,3.15,10.56,9.3,Silt
34.0800_-0.4400,34.08,-0.44,17.01,51.33,292.3,8.1,6.3,3.15,10.4,8.2,Clay
34.0800_-0.3600,34.08,-0.36,17.1,51.56,316,8.1,7.5,3.75,9.52,9.5,Clay
34.0800_-0.2800,34.08,-0.28,17.25,51.01,295.3,8.1,7,3.5,12.72,16.3,Clay
34.0800_-0.2000,34.08,-0.2,17.25,51.01,295.3,8.1,7.2,3.6,11.92,14.8,Clay
34.0800_-0.1200,34.08,-0.12,17.09,51.38,310.2,8.1,6.6,3.3,9.68,7.3,Clay
34.0800_-0.0400,34.08,-0.04,17.3,51.25,328.8,8.1,6.7,3.35,9.6,16.3,Clay
34.0800_0.0400,34.08,0.04,17.3,51.25,328.8,8.1,6.7,3.35,11.44,14.8,Clay
34.0800_0.1200,34.08,0.12,17.29,50.83,332.1,8.1,6.8,3.4,11.12,8.5,Clay
34.0800_0.2000,34.08,0.2,17,51.35,326.5,8,8,4,11.36,21.9,Clay
34.0800_0.2800,34.08,0.28,17,51.35,326.5,8,7.4,3.7,11.12,10.2,Clay
34.0800_0.3600,34.08,0.36,16.94,50.5,353.4,8.1,7.9,3.95,11.2,9.3,Clay
34.0800_0.4400,34.08,0.44,16.95,50.47,339.8,8,7.2,3.6,11.2,10.9,Clay
34.0800_0.5200,34.08,0.52,16.99,51.11,331.6,8,6.8,3.4,11.12,8.2,Clay
34.0800_0.6000,34.08,0.6,16.99,51.11,331.6,8,7,3.5,11.92,10.2,Clay
34.0800_0.6800,34.08,0.68,17.09,50.2,337.7,8,7.2,3.6,12.48,8.1,Clay
34.0800_0.7600,34.08,0.76,16.7,51.69,356.5,8.1,7,3.5,10.64,12.8,Clay
34.0800_0.8400,34.08,0.84,16.7,51.69,356.5,8.1,6.6,3.3,11.36,10.6,Sandy
34.0800_0.9200,34.08,0.92,16.54,51.62,368.8,8.1,6.5,3.25,10.88,11.6,Clay
34.0800_1.0000,34.08,1,16.57,49.7,351,8.1,7.4,3.7,11.52,9.4,Clay
34.0800_1.0800,34.08,1.08,16.41,49.68,346.2,8,8.7,4.35,12.4,9,Clay
34.0800_1.1600,34.08,1.16,16.41,49.68,346.2,8.1,7.9,3.95,12.08,8.8,Clay
34.0800_1.2400,34.08,1.24,16.13,50.26,390.4,8.1,7.2,3.6,11.92,9.1,Clay
34.0800_1.3200,34.08,1.32,15.97,50.9,350.6,8.1,7.7,3.85,11.84,8.6,Clay
34.0800_1.4000,34.08,1.4,15.97,50.9,350.6,7.9,8.4,4.2,12.88,8.9,Clay
34.0800_1.4800,34.08,1.48,15.83,50.78,341,8.1,8,4,11.84,9.1,Clay
34.0800_1.5600,34.08,1.56,15.55,50.53,391.2,7.9,8.4,4.2,12.16,8.6,Clay
34.0800_1.6400,34.08,1.64,15.38,50.27,406.7,7.8,9.1,4.55,11.92,8.3,Clay
34.0800_1.7200,34.08,1.72,15.38,50.27,406.7,7.9,7.7,3.85,11.68,7.7,Clay
34.0800_1.8000,34.08,1.8,15.18,51.16,397.7,7.9,8.7,4.35,11.92,8.6,Clay
34.0800_1.8800,34.08,1.88,15.79,51.34,431.4,7.9,8.6,4.3,12.64,9.2,Clay
34.0800_1.9600,34.08,1.96,14.93,51.18,431.4,7.8,7.4,3.7,12.72,8.7,Clay
34.0800_2.0400,34.08,2.04,14.62,51.54,405.1,7.8,8.5,4.25,13.52,10.3,Clay
34.0800_2.1200,34.08,2.12,14.89,51.46,425.2,7.8,8.1,4.05,12.48,12.7,Clay
34.0800_2.2000,34.08,2.2,15.83,49.44,397.3,8,6.1,3.05,9.68,8.5,Clay
34.0800_2.2800,34.08,2.28,15.83,49.44,397.3,8.1,8,4,10.32,10.1,Clay
34.0800_2.3600,34.08,2.36,15.76,49.49,392.3,8.1,7.3,3.65,9.68,10,Clay
34.0800_2.4400,34.08,2.44,17.4,47.8,328,8.1,5.4,2.7,11.04,7.4,Clay
34.0800_2.5200,34.08,2.52,17.4,47.8,328,8.1,6.4,3.2,11.12,8.7,Clay
34.0800_2.6000,34.08,2.6,17.14,48.42,304,8.1,6,3,10.96,8.3,Clay
34.0800_2.6800,34.08,2.68,16.75,48.69,335.3,8.1,5.9,2.95,10.96,7.2,Clay
34.0800_2.7600,34.08,2.76,16.95,48.09,355,8.1,7,3.5,12,8.5,Clay
34.0800_2.8400,34.08,2.84,16.95,48.09,355,8.1,6.7,3.35,10,9.5,Sandy
34.0800_2.9200,34.08,2.92,17.49,48.39,344.1,8.2,5.7,2.85,10.16,7.4,Sandy
34.0800_3.0000,34.08,3,18.19,47.34,307.5,8.1,5.4,2.7,12.72,8.3,Silt
34.0800_3.0800,34.08,3.08,18.19,47.34,307.5,8.2,5.6,2.8,12.72,9.4,Silt
34.0800_3.1600,34.08,3.16,18.64,46.54,294.3,8.1,5.3,2.65,12.64,7,Silt
34.0800_3.2400,34.08,3.24,18.72,46.4,275,8.1,5.3,2.65,12.56,7.3,Clay
34.0800_3.3200,34.08,3.32,18.78,46.15,267.3,8.2,5.1,2.55,12.08,7,Loamy
34.0800_3.4000,34.08,3.4,18.78,46.15,267.3,8.2,5.5,2.75,12.48,7.4,Sandy
34.0800_3.4800,34.08,3.48,19.02,46.05,256.6,8.1,6.3,3.15,12.56,7.9,Sandy
34.0800_3.5600,34.08,3.56,19.5,45.56,274.7,8.1,5.6,2.8,12.88,6.1,Clay
34.0800_3.6400,34.08,3.64,19.5,45.56,274.7,8.2,5.9,2.95,9.68,6.5,Clay
34.0800_3.7200,34.08,3.72,19.9,44.8,288.1,8.1,5.5,2.75,10.32,5.8,Loamy
34.0800_3.8000,34.08,3.8,20.04,44.68,308.2,8.2,5.7,2.85,10.96,6,Silt
34.0800_3.8800,34.08,3.88,20.04,44.68,308.2,8.3,5.4,2.7,10.32,7.7,Clay
34.0800_3.9600,34.08,3.96,20.07,44.99,244.1,8.3,5,2.5,9.6,5.4,Silt
34.0800_4.0400,34.08,4.04,20.19,44.49,196.3,8.3,4.6,2.3,10.08,4.7,Silt
34.0800_4.1200,34.08,4.12,20.45,44.07,187.8,8.3,4.8,2.4,7.76,4.6,Sandy
34.0800_4.2000,34.08,4.2,20.45,44.07,187.8,8.3,4.8,2.4,7.6,4.9,Sandy
34.0800_4.2800,34.08,4.28,20.79,43.34,214.9,8.3,4.5,2.25,8.88,4.4,Loamy
34.0800_4.3600,34.08,4.36,20.94,43.13,188.9,8.3,4.4,2.2,8.8,4.3,Silt
34.0800_4.4400,34.08,4.44,20.94,43.13,188.9,8.3,4.4,2.2,10.08,4.8,Silt
34.0800_4.5200,34.08,4.52,20.93,43.26,194.3,8.3,6,3,8.96,5.5,Sandy
34.0800_4.6000,34.08,4.6,21,43.26,195.6,8.3,4.7,2.35,10.08,6.2,Sandy
34.0800_4.6800,34.08,4.68,21.31,42.74,170.6,8.3,4.8,2.4,9.68,5.1,Silt
34.0800_4.7600,34.08,4.76,21.31,42.74,170.6,8.3,4.5,2.25,10.08,4,Sandy
34.0800_4.8400,34.08,4.84,21.61,42.3,154.9,8.2,4.3,2.15,9.36,5,Silt
34.0800_4.9200,34.08,4.92,21.83,42.17,145.1,8.3,4.4,2.2,9.76,3.8,Silt
34.0800_5.0000,34.08,5,21.83,42.17,145.1,8.3,4.3,2.15,9.36,3.3,Sandy
34.0800_5.0800,34.08,5.08,22.08,41.95,164,8.3,3.9,1.95,10.08,3.9,Silt
34.0800_5.1600,34.08,5.16,22.31,41.94,140.2,8.3,4.6,2.3,10.8,5.6,Silt
34.0800_5.2400,34.08,5.24,22.53,41.92,127.6,8.3,3.9,1.95,11.52,4.4,Loamy
34.0800_5.3200,34.08,5.32,22.53,41.92,127.6,8.3,4.2,2.1,9.76,4.1,Silt
34.0800_5.4000,34.08,5.4,22.69,41.97,134.7,8.3,4.7,2.35,9.84,3.1,Silt
34.0800_5.4800,34.08,5.48,22.84,41.93,134,8.3,4.6,2.3,9.84,4,Silt
34.0800_5.5600,34.08,5.56,22.84,41.93,134,8.2,4.7,2.35,9.76,4.1,Silt
34.0800_5.6400,34.08,5.64,23.07,41.95,143.2,8.2,5,2.5,9.6,3.8,Silt
34.0800_5.7200,34.08,5.72,23.38,41.61,131.6,8.2,6.3,3.15,9.52,4,Silt
34.0800_5.8000,34.08,5.8,23.41,41.94,134.5,8.1,5.7,2.85,10.32,5,Silt
34.0800_5.8800,34.08,5.88,23.41,41.94,134.5,8.1,11.8,5.9,17.04,16.2,Clay
34.0800_5.9600,34.08,5.96,23.69,41.35,130.9,0,0,0,0,0,Unknown
34.0800_6.0400,34.08,6.04,23.51,42.19,153.9,0,0,0,0,0,Unknown
34.0800_6.1200,34.08,6.12,23.5,42.19,153.9,8.1,14.7,7.35,12.08,14,Silt
34.0800_6.2000,34.08,6.2,23.48,42.31,157.9,8,15.8,7.9,12.16,18.5,Clay
34.0800_6.2800,34.08,6.28,23.34,42.82,149,8,12.5,6.25,11.04,44.9,Silt
34.0800_6.3600,34.08,6.36,23.12,43.63,145.1,8.1,14.5,7.25,14.64,42.4,Clay
34.0800_6.4400,34.08,6.44,23.12,43.63,145.1,8.1,15.5,7.75,13.92,21.1,Silt
34.0800_6.5200,34.08,6.52,23.02,44.01,147.3,8,11.2,5.6,15.44,21.5,Silt
34.0800_6.6000,34.08,6.6,22.83,44.74,152.9,8.1,16.9,8.45,13.12,23.4,Clay
34.0800_6.6800,34.08,6.68,22.83,44.74,152.9,8.1,12.2,6.1,11.2,19.1,Silt
34.0800_6.7600,34.08,6.76,22.79,45.17,177.6,8.1,12.1,6.05,17.76,22,Clay
34.0800_6.8400,34.08,6.84,22.93,45.03,181.6,8.1,17.4,8.7,15.6,25.1,Clay
34.0800_6.9200,34.08,6.92,23.06,44.8,156.8,8.1,11.2,5.6,15.92,19,Clay
34.0800_7.0000,34.08,7,23.06,44.8,156.8,8.1,12.2,6.1,15.68,19.8,Clay
34.0800_7.0800,34.08,7.08,22.88,45.25,134.9,8.1,11.5,5.75,17.36,17.1,Clay
34.0800_7.1600,34.08,7.16,22.64,46.08,126.7,8.1,11.6,5.8,17.76,19.7,Clay
34.0800_7.2400,34.08,7.24,22.64,46.08,126.7,8.1,5.7,2.85,8.96,9.8,Clay
34.0800_7.3200,34.08,7.32,22.59,46.81,137.7,8.1,13,6.5,15.12,18.3,Clay
34.0800_7.4000,34.08,7.4,22.62,46.98,137.9,8.2,13.3,6.65,15.44,15,Clay
34.0800_7.4800,34.08,7.48,22.62,46.98,137.9,8.1,11.5,5.75,16.64,16.7,Silt
34.0800_7.5600,34.08,7.56,22.69,47.12,137.8,8,13,6.5,14.96,18.7,Clay
34.0800_7.6400,34.08,7.64,22.79,46.88,130.2,8.1,10.9,5.45,16,17.2,Clay
34.0800_7.7200,34.08,7.72,22.83,46.99,138,8.1,9,4.5,15.28,18,Clay
34.0800_7.8000,34.08,7.8,22.83,46.99,138,8.1,12.1,6.05,15.92,17.3,Clay
34.0800_7.8800,34.08,7.88,22.86,46.99,159.8,8.1,9.4,4.7,15.68,14.5,Clay
34.0800_7.9600,34.08,7.96,22.83,47.16,187.3,8.1,8.7,4.35,15.84,13.1,Silt
34.0800_8.0400,34.08,8.04,22.83,47.16,187.3,8.1,8.5,4.25,15.44,10.7,Silt
34.0800_8.1200,34.08,8.12,22.81,47.06,184,8.2,8,4,12.24,12.6,Silt
34.0800_8.2000,34.08,8.2,22.45,47.45,160.2,8.1,5,2.5,9.36,6.5,Silt
34.0800_8.2800,34.08,8.28,22.14,48.12,159.8,8.2,5.2,2.6,10.4,6.6,Sandy
34.0800_8.3600,34.08,8.36,20.56,47.78,159.8,8.2,6.2,3.1,10.96,6.3,Sandy
34.0800_8.4400,34.08,8.44,20.67,47.97,171.8,8.1,7.2,3.6,12.96,7,Sandy
34.0800_8.5200,34.08,8.52,21.19,47.8,157.6,8.1,6.2,3.1,12.16,6.9,Sandy
34.0800_8.6000,34.08,8.6,19.89,49.47,181.4,8.1,6.6,3.3,11.12,6.9,Sandy
34.0800_8.6800,34.08,8.68,20.66,49.91,167.3,8.1,7.7,3.85,11.76,7,Sandy
34.1600_-2.2000,34.16,-2.2,17.61,53.37,302.6,7.8,8.6,4.3,12.32,6.8,Clay
34.1600_-2.1200,34.16,-2.12,17.68,53.34,264.8,7.8,7.6,3.8,12.88,6.4,Clay
34.1600_-2.0400,34.16,-2.04,17.46,53.25,246.7,7.7,10.5,5.25,12.4,6.3,Clay
34.1600_-1.9600,34.16,-1.96,17.17,53.4,277.6,7.6,8.5,4.25,12.88,6.5,Clay
34.1600_-1.8800,34.16,-1.88,17.17,53.4,277.6,7.7,7,3.5,13.12,7,Clay
34.1600_-1.8000,34.16,-1.8,16.92,52.75,303,7.6,7.7,3.85,12.08,7.4,Clay
34.1600_-1.7200,34.16,-1.72,16.69,51.97,345,7.6,10,5,12.48,9.1,Clay
34.1600_-1.6400,34.16,-1.64,16.69,51.97,345,7.7,8.1,4.05,12.16,7.4,Clay
34.1600_-1.5600,34.16,-1.56,15.37,51.5,361.1,7.7,8.9,4.45,13.12,10.5,Clay
34.1600_-1.4800,34.16,-1.48,15.98,52.21,343.9,7.6,8.8,4.4,12.4,8.1,Clay
34.1600_-1.4000,34.16,-1.4,15.93,52.08,310.6,7.7,8.4,4.2,13.2,8.6,Clay
34.1600_-1.3200,34.16,-1.32,15.93,52.08,310.6,7.6,8.5,4.25,12.56,8.7,Clay
34.1600_-1.2400,34.16,-1.24,15.87,52.43,298.1,7.6,8.2,4.1,11.84,9.7,Clay
34.1600_-1.1600,34.16,-1.16,15.84,52.51,316.4,7.7,8.4,4.2,11.6,9.4,Clay
34.1600_-1.0800,34.16,-1.08,15.84,52.51,316.4,7.8,8.6,4.3,11.44,8.9,Clay
34.1600_-1.0000,34.16,-1,16.03,51.9,315.2,7.9,7.4,3.7,11.36,7.5,Clay
34.1600_-0.9200,34.16,-0.92,16.29,51.75,299.8,8,7.9,3.95,12.56,7.2,Clay
34.1600_-0.8400,34.16,-0.84,16.45,51.83,264.4,7.9,6.7,3.35,10.72,7.5,Clay
34.1600_-0.7600,34.16,-0.76,16.45,51.83,264.4,8,6.9,3.45,10.72,8.6,Clay
34.1600_-0.6800,34.16,-0.68,16.56,51.77,270.4,8,7,3.5,10.32,9.9,Clay
34.1600_-0.6000,34.16,-0.6,16.72,51.67,265.3,7.9,7.1,3.55,10.72,8,Clay
34.1600_-0.5200,34.16,-0.52,16.72,51.67,265.3,8.1,6.6,3.3,10.16,6.3,Clay
34.1600_-0.4400,34.16,-0.44,16.92,51.42,275,8.1,6.8,3.4,11.04,6.6,Silt
34.1600_-0.3600,34.16,-0.36,17.01,51.7,310.7,8,7.2,3.6,10.64,9.2,Silt
34.1600_-0.2800,34.16,-0.28,17.17,51.31,344.5,8.1,6.8,3.4,10.72,7.1,Clay
34.1600_-0.2000,34.16,-0.2,17.17,51.31,344.5,8.1,7,3.5,10.08,7.9,Clay
34.1600_-0.1200,34.16,-0.12,17.24,51.33,319.5,8,7.5,3.75,10,7.7,Sandy
34.1600_-0.0400,34.16,-0.04,17.2,51.44,322.1,8,7.7,3.85,12.8,15.4,Clay
34.1600_0.0400,34.16,0.04,17.2,51.44,322.1,8.1,7.6,3.8,10.32,8.5,Clay
34.1600_0.1200,34.16,0.12,17.06,51.86,305.1,8.1,7,3.5,11.2,10.9,Clay
34.1600_0.2000,34.16,0.2,17.07,52.07,296.7,8.1,7.1,3.55,11.36,17.2,Clay
34.1600_0.2800,34.16,0.28,17.07,52.07,296.7,8.1,7.2,3.6,11.44,7.6,Clay
34.1600_0.3600,34.16,0.36,17,52.12,316.5,8.1,7.1,3.55,11.04,10.9,Clay
34.1600_0.4400,34.16,0.44,17.14,51.22,340.5,8.1,6.6,3.3,11.04,8.2,Clay
34.1600_0.5200,34.16,0.52,17.22,51.53,334.1,8,7.5,3.75,11.12,8.8,Clay
34.1600_0.6000,34.16,0.6,17.22,51.53,334.1,8,9.2,4.6,13.44,23,Clay
34.1600_0.6800,34.16,0.68,17.12,51.21,329.4,8,7,3.5,11.2,11.6,Clay
34.1600_0.7600,34.16,0.76,16.94,50.96,356.1,8.1,7.3,3.65,10.8,12.2,Clay
34.1600_0.8400,34.16,0.84,16.94,50.96,356.1,8,7.3,3.65,12.32,9.6,Clay
34.1600_0.9200,34.16,0.92,16.8,51.01,374.3,8.1,7.2,3.6,11.44,11.8,Clay
34.1600_1.0000,34.16,1,16.68,50.58,364.4,8.1,7.9,3.95,12.4,8.9,Clay
34.1600_1.0800,34.16,1.08,16.54,50.04,357.3,8,8.1,4.05,11.84,9.6,Clay
34.1600_1.1600,34.16,1.16,16.54,50.04,357.3,8,7.5,3.75,12.8,9.3,Clay
34.1600_1.2400,34.16,1.24,16.25,50.48,356.6,8,8.1,4.05,11.12,8.9,Clay
34.1600_1.3200,34.16,1.32,16.08,50.78,380,8,7.8,3.9,10.8,9.7,Clay
34.1600_1.4000,34.16,1.4,16.08,50.78,380,8.1,7.7,3.85,11.2,9.3,Clay
34.1600_1.4800,34.16,1.48,15.98,50.08,367.3,8.1,7.9,3.95,10.56,12.7,Clay
34.1600_1.5600,34.16,1.56,15.8,49.92,375.7,8,7.9,3.95,11.12,7.5,Clay
34.1600_1.6400,34.16,1.64,15.83,49.91,363.7,7.9,10.3,5.15,14.08,9.7,Clay
34.1600_1.7200,34.16,1.72,15.83,49.91,363.7,7.8,9.4,4.7,11.6,8.1,Clay
34.1600_1.8000,34.16,1.8,15.72,50.4,420.1,8,6.6,3.3,10.88,8.6,Clay
34.1600_1.8800,34.16,1.88,16.26,49.41,444.5,8,7.2,3.6,10.72,7.9,Clay
34.1600_1.9600,34.16,1.96,15.4,50.52,436,7.9,8.4,4.2,12,8.8,Clay
34.1600_2.0400,34.16,2.04,14.9,50.68,436.1,7.8,9.5,4.75,14.08,11.1,Clay
34.1600_2.1200,34.16,2.12,14.72,51.11,445.4,7.8,9.4,4.7,13.36,9.8,Clay
34.1600_2.2000,34.16,2.2,15.13,51.32,418.8,7.7,10.5,5.25,14,11.5,Clay
34.1600_2.2800,34.16,2.28,15.13,51.32,418.8,7.9,8.1,4.05,12.96,8.9,Clay
34.1600_2.3600,34.16,2.36,16.01,49.54,392.3,7.9,8.4,4.2,13.36,10.2,Clay
34.1600_2.4400,34.16,2.44,16.5,49.61,343.6,8.1,6.7,3.35,10.32,8.4,Clay
34.1600_2.5200,34.16,2.52,16.5,49.61,343.6,8.1,6.6,3.3,11.36,9,Loamy
34.1600_2.6000,34.16,2.6,16.4,50.36,315.9,8.1,6.5,3.25,10.72,7.6,Loamy
34.1600_2.6800,34.16,2.68,16.19,49.93,360.2,8.1,7.1,3.55,11.52,8.3,Clay
34.1600_2.7600,34.16,2.76,16.56,49.22,353.7,8.1,7.2,3.6,11.92,8.3,Clay
34.1600_2.8400,34.16,2.84,16.56,49.22,353.7,8.1,7.7,3.85,12.08,9.4,Clay
34.1600_2.9200,34.16,2.92,17.24,48.78,339.7,8.1,5.8,2.9,12.56,6.9,Sandy
34.1600_3.0000,34.16,3,17.93,47.43,307.8,8.2,5.6,2.8,10.72,7.5,Silt
34.1600_3.0800,34.16,3.08,17.93,47.43,307.8,8.1,5.8,2.9,11.84,7.8,Loamy
34.1600_3.1600,34.16,3.16,17.57,47.32,295.8,8.2,6,3,12.32,7,Loamy
34.1600_3.2400,34.16,3.24,18.38,47.03,287.9,8.1,5.4,2.7,12.8,7.3,Sandy
34.1600_3.3200,34.16,3.32,18.38,47.03,287.9,8.2,5.4,2.7,12.72,9.9,Clay
34.1600_3.4000,34.16,3.4,18.39,47.51,268.7,8.1,5.3,2.65,12.56,6.5,Clay
34.1600_3.4800,34.16,3.48,18.73,46.94,279.4,8.1,6.3,3.15,12.4,9,Loamy
34.1600_3.5600,34.16,3.56,19.19,45.95,267.4,8.1,5.7,2.85,12.64,6.6,Clay
34.1600_3.6400,34.16,3.64,19.19,45.95,267.4,8.2,6.3,3.15,10,6.9,Clay
34.1600_3.7200,34.16,3.72,19.7,44.52,295.6,8.1,6.1,3.05,8.8,10,Clay
34.1600_3.8000,34.16,3.8,19.51,44.04,296.4,8.2,5.9,2.95,9.6,8.4,Sandy
34.1600_3.8800,34.16,3.88,20.06,44.08,308.3,8.2,5.6,2.8,9.12,7.3,Loamy
34.1600_3.9600,34.16,3.96,20.33,43.92,269.1,8.2,5.6,2.8,10.32,6.5,Sandy
34.1600_4.0400,34.16,4.04,20.38,44.47,202,8.3,5,2.5,8.16,6.3,Silt
34.1600_4.1200,34.16,4.12,20.5,44.41,201.1,8.3,5.7,2.85,8.8,5.6,Silt
34.1600_4.2000,34.16,4.2,20.5,44.41,201.1,8.3,5.3,2.65,8.32,5.5,Silt
34.1600_4.2800,34.16,4.28,20.86,43.72,214.7,8.3,4.6,2.3,8.32,4.6,Clay
34.1600_4.3600,34.16,4.36,21.15,43.29,194.7,8.3,4.8,2.4,8.64,4.4,Loamy
34.1600_4.4400,34.16,4.44,21.15,43.29,194.7,8.3,4.4,2.2,8.64,4.6,Silt
34.1600_4.5200,34.16,4.52,21.19,43.11,181.7,8.3,4.7,2.35,8.72,5.6,Silt
34.1600_4.6000,34.16,4.6,21.11,43.49,193,8.2,4.7,2.35,10.4,4.2,Loamy
34.1600_4.6800,34.16,4.68,21.26,43.14,195.9,8.2,4.9,2.45,10.24,7.2,Silt
34.1600_4.7600,34.16,4.76,21.26,43.14,195.9,8.2,4.5,2.25,9.52,6.3,Silt
34.1600_4.8400,34.16,4.84,21.51,42.61,167.9,8.3,4.9,2.45,9.36,5,Loamy
34.1600_4.9200,34.16,4.92,21.76,42.44,171.9,8.3,4.1,2.05,9.44,4.2,Silt
34.1600_5.0000,34.16,5,21.76,42.44,171.9,8.3,4.1,2.05,9.52,3.6,Silt
34.1600_5.0800,34.16,5.08,22.02,42.34,154.6,8.3,4.7,2.35,11.28,4.5,Silt
34.1600_5.1600,34.16,5.16,22.29,42.23,147.3,8.3,4.5,2.25,11.12,4.2,Silt
34.1600_5.2400,34.16,5.24,22.51,42.22,143.6,8.3,4.1,2.05,10.16,4.4,Silt
34.1600_5.3200,34.16,5.32,22.51,42.22,143.6,8.3,4.1,2.05,9.68,3.9,Clay
34.1600_5.4000,34.16,5.4,22.67,42.41,134.5,8.3,4.7,2.35,9.44,4.9,Silt
34.1600_5.4800,34.16,5.48,22.81,42.3,134,8.3,5.1,2.55,10.32,3.8,Silt
34.1600_5.5600,34.16,5.56,22.81,42.3,134,8.2,4.5,2.25,10,4.3,Silt
34.1600_5.6400,34.16,5.64,23,42.28,159.4,8.2,8.1,4.05,9.12,5.3,Silt
34.1600_5.7200,34.16,5.72,23.32,41.76,136.8,8.2,5.6,2.8,9.36,3.2,Silt
34.1600_5.8000,34.16,5.8,23.15,42.47,143.6,8.2,6.9,3.45,8.48,3.2,Sandy
34.1600_5.8800,34.16,5.88,23.59,41.43,136.2,8.2,9.9,4.95,13.52,14.7,Silt
34.1600_5.9600,34.16,5.96,23.57,42.58,136.5,0,0,0,0,0,Unknown
34.1600_6.0400,34.16,6.04,23.57,42.2,153.9,8.1,14.5,7.25,14.32,53,Clay
34.1600_6.1200,34.16,6.12,23.57,42.2,153.9,8,12.7,6.35,11.84,18.7,Clay
34.1600_6.2000,34.16,6.2,23.39,42.73,144.2,8.1,12.2,6.1,15.28,15.2,Silt
34.1600_6.2800,34.16,6.28,23.35,43.01,178.8,8.1,12.9,6.45,16.8,14.5,Silt
34.1600_6.3600,34.16,6.36,23.35,43.01,178.8,0,0,0,0,0,Unknown
34.1600_6.4400,34.16,6.44,23.43,43.05,168.4,8.2,15.9,7.95,17.84,25.7,Clay
34.1600_6.5200,34.16,6.52,23.43,43.51,166.3,8.2,15,7.5,17.04,19.9,Clay
34.1600_6.6000,34.16,6.6,23.05,44.47,186.3,8.2,14.8,7.4,17.76,19.7,Silt
34.1600_6.6800,34.16,6.68,23.05,44.47,186.3,8.2,11.1,5.55,17.36,19.5,Clay
34.1600_6.7600,34.16,6.76,23.03,45.38,162.4,8.1,12.6,6.3,10.72,14.8,Clay
34.1600_6.8400,34.16,6.84,23.03,45.61,127.5,8,11.3,5.65,15.68,15.8,Clay
34.1600_6.9200,34.16,6.92,23.11,45.2,122.9,8,10.1,5.05,14.96,14,Silt
34.1600_7.0000,34.16,7,23.09,45.41,115.3,8,12.3,6.15,15.92,14.9,Silt
34.1600_7.0800,34.16,7.08,22.88,45.36,105.4,8.1,7.2,3.6,11.44,12,Clay
34.1600_7.1600,34.16,7.16,22.64,46.1,116.7,8.1,6.4,3.2,9.12,8.9,Clay
34.1600_7.2400,34.16,7.24,22.64,46.1,116.7,8.1,5.1,2.55,8.72,5.1,Silt
34.1600_7.3200,34.16,7.32,22.42,46.91,121,8.2,5.8,2.9,8.32,5.2,Silt
34.1600_7.4000,34.16,7.4,22.3,47.47,141.2,8.2,6.1,3.05,8.56,6.2,Clay
34.1600_7.4800,34.16,7.48,22.31,47.03,130.4,8.1,5.2,2.6,9.44,7.7,Silt
34.1600_7.5600,34.16,7.56,22.48,47.75,134.5,8.2,6.3,3.15,9.6,6.6,Silt
34.1600_7.6400,34.16,7.64,22.79,47.23,145,8.2,6.2,3.1,9.44,9.3,Silt
34.1600_7.7200,34.16,7.72,23.02,46.86,150.1,8.2,7.8,3.9,9.2,9.3,Clay
34.1600_7.8000,34.16,7.8,23.02,46.86,150.1,8.1,7.9,3.95,14.56,13.6,Clay
34.1600_7.8800,34.16,7.88,23.11,46.85,179.5,8.1,7.8,3.9,16.08,16,Clay
34.1600_7.9600,34.16,7.96,23.12,46.9,175.8,8.1,8.8,4.4,16.56,13.4,Silt
34.1600_8.0400,34.16,8.04,23.02,45.79,178.6,8.1,8.8,4.4,15.28,12.1,Silt
34.1600_8.1200,34.16,8.12,22.97,47,175.6,8.2,10.5,5.25,10.56,16.9,Silt
34.1600_8.2000,34.16,8.2,22.43,48.02,159.1,8.2,5.6,2.8,9.2,5.6,Silt
34.1600_8.2800,34.16,8.28,22.21,47.71,169.4,8.2,4.8,2.4,8.96,4.9,Clay
34.1600_8.3600,34.16,8.36,21.85,49.16,152.2,8.2,5.1,2.55,9.04,4.7,Silt
34.1600_8.4400,34.16,8.44,21.56,49.62,175,8.3,4.9,2.45,9.84,4.1,Clay
34.1600_8.5200,34.16,8.52,21.35,49.81,181.4,8.2,4.5,2.25,10.96,5,Clay
34.1600_8.6000,34.16,8.6,21.35,49.81,181.4,8.2,5.2,2.6,11.28,5.5,Silt
34.1600_8.6800,34.16,8.68,21.06,49.99,167.3,8.2,5,2.5,12.16,4.6,Silt
34.2400_-2.2000,34.24,-2.2,16.94,53.59,298.9,7.7,14.3,7.15,12.72,6.5,Clay
34.2400_-2.1200,34.24,-2.12,16.94,53.59,298.9,7.7,7.3,3.65,12.88,7.2,Clay
34.2400_-2.0400,34.24,-2.04,16.53,54.83,289.4,7.6,9.2,4.6,12.24,6.1,Clay
34.2400_-1.9600,34.24,-1.96,16.25,55.9,294.1,7.7,8,4,12.24,7.4,Clay
34.2400_-1.8800,34.24,-1.88,16.25,55.9,294.1,7.7,7.5,3.75,12.64,7.3,Clay
34.2400_-1.8000,34.24,-1.8,16.5,54.63,294.5,7.7,7.8,3.9,12.32,7.1,Clay
34.2400_-1.7200,34.24,-1.72,16.86,53.22,299.3,7.7,8.2,4.1,12.4,7.4,Clay
34.2400_-1.6400,34.24,-1.64,16.86,53.22,299.3,7.7,8.9,4.45,12.16,6.9,Clay
34.2400_-1.5600,34.24,-1.56,16.8,52.29,295.3,7.7,8.2,4.1,13.2,8.2,Clay
34.2400_-1.4800,34.24,-1.48,16.4,53.03,334.3,7.6,8.9,4.45,12.8,8.3,Clay
34.2400_-1.4000,34.24,-1.4,16.09,53.3,331.5,7.7,8,4,12.96,8.6,Clay
34.2400_-1.3200,34.24,-1.32,16.09,53.3,331.5,7.7,8.4,4.2,12.96,8.3,Clay
34.2400_-1.2400,34.24,-1.24,15.97,52.85,341,7.6,8.6,4.3,13.04,8.9,Clay
34.2400_-1.1600,34.24,-1.16,15.82,52.64,356.2,7.6,8.2,4.1,12.4,9.1,Clay
34.2400_-1.0800,34.24,-1.08,15.82,52.64,356.2,7.6,8.6,4.3,12.88,8.8,Clay
34.2400_-1.0000,34.24,-1,15.79,52.77,372.2,7.6,9.3,4.65,12.96,7.8,Clay
34.2400_-0.9200,34.24,-0.92,15.92,52.51,355.2,7.8,8.4,4.2,11.84,8.8,Clay
34.2400_-0.8400,34.24,-0.84,16,52.48,339.1,7.9,8.2,4.1,11.36,7.4,Clay
34.2400_-0.7600,34.24,-0.76,16,52.48,339.1,7.9,6.8,3.4,10.4,6.9,Clay
34.2400_-0.6800,34.24,-0.68,16.13,52.53,346.9,8,7.2,3.6,10.72,7.8,Clay
34.2400_-0.6000,34.24,-0.6,16.3,52.61,312.3,8,6.8,3.4,10.56,10.3,Clay
34.2400_-0.5200,34.24,-0.52,16.3,52.61,312.3,8,7.1,3.55,11.44,8.5,Clay
34.2400_-0.4400,34.24,-0.44,16.47,52.23,287.6,8.1,7.7,3.85,11.44,9.9,Silt
34.2400_-0.3600,34.24,-0.36,16.57,52.21,304.7,8.1,7.3,3.65,11.04,7.6,Clay
34.2400_-0.2800,34.24,-0.28,16.61,52.98,320.3,8,7.2,3.6,11.76,7,Clay
34.2400_-0.2000,34.24,-0.2,16.61,52.98,320.3,8,7.3,3.65,12,7.4,Clay
34.2400_-0.1200,34.24,-0.12,16.58,53.62,321,8.1,6.7,3.35,11.2,7.2,Clay
34.2400_-0.0400,34.24,-0.04,16.56,53.07,321.5,8.1,6.9,3.45,11.04,7,Silt
34.2400_0.0400,34.24,0.04,16.56,53.07,321.5,8.1,6.6,3.3,11.28,7.6,Clay
34.2400_0.1200,34.24,0.12,16.47,53.98,329.7,8.1,6.5,3.25,12.16,8.4,Clay
34.2400_0.2000,34.24,0.2,16.61,53.32,340.6,8.1,6.8,3.4,11.04,8.3,Clay
34.2400_0.2800,34.24,0.28,16.61,53.32,340.6,8.1,7.1,3.55,10.08,16.7,Clay
34.2400_0.3600,34.24,0.36,16.72,53.4,323.6,8.1,7.1,3.55,9.84,10.4,Clay
34.2400_0.4400,34.24,0.44,16.88,52.83,323.3,8.1,7.2,3.6,11.84,15.3,Clay
34.2400_0.5200,34.24,0.52,16.88,52.67,336.4,8.1,7.3,3.65,11.04,7.6,Clay
34.2400_0.6000,34.24,0.6,16.88,52.67,336.4,8,7.5,3.75,13.2,10.8,Clay
34.2400_0.6800,34.24,0.68,16.86,52.96,329.4,8,7.2,3.6,11.92,12.1,Clay
34.2400_0.7600,34.24,0.76,16.92,51.83,334.1,7.9,8,4,11.2,9,Clay
34.2400_0.8400,34.24,0.84,16.92,51.83,334.1,7.9,8.4,4.2,11.92,9.7,Clay
34.2400_0.9200,34.24,0.92,16.89,51.67,315.2,8,6.6,3.3,10.96,8,Clay
34.2400_1.0000,34.24,1,16.61,52.83,341.8,8,7.5,3.75,11.36,11.1,Clay
34.2400_1.0800,34.24,1.08,16.58,51.4,348.2,8,6.7,3.35,11.2,11.7,Clay
34.2400_1.1600,34.24,1.16,16.58,51.4,348.2,8,7.6,3.8,11.28,8.3,Clay
34.2400_1.2400,34.24,1.24,16.64,50.35,358.3,8,8.2,4.1,11.36,8.1,Clay
34.2400_1.3200,34.24,1.32,16.72,49.43,356,8,6.7,3.35,10.4,8.7,Clay
34.2400_1.4000,34.24,1.4,16.72,49.43,356,8.1,7.3,3.65,11.2,8.4,Clay
34.2400_1.4800,34.24,1.48,16.58,49.73,371.7,8,7.5,3.75,10.96,10,Clay
34.2400_1.5600,34.24,1.56,16.38,49.67,375.6,8.1,7.3,3.65,11.52,9.3,Clay
34.2400_1.6400,34.24,1.64,16.26,49.74,384.1,8,8.2,4.1,12.8,8.3,Clay
34.2400_1.7200,34.24,1.72,16.26,49.74,384.1,7.8,13.3,6.65,13.44,9,Clay
34.2400_1.8000,34.24,1.8,16.33,49.99,390.9,8,7.3,3.65,11.52,7.7,Clay
34.2400_1.8800,34.24,1.88,16.38,48.87,405.2,8,8.1,4.05,10.88,8.1,Clay
34.2400_1.9600,34.24,1.96,16.38,48.87,405.2,7.8,8.1,4.05,11.84,9.7,Clay
34.2400_2.0400,34.24,2.04,16.15,48.82,445.6,7.9,8.3,4.15,11.92,8.4,Clay
34.2400_2.1200,34.24,2.12,15.56,51.72,473.8,7.9,8,4,13.36,10.2,Clay
34.2400_2.2000,34.24,2.2,15.56,51.72,473.8,7.7,8,4,12.64,10.2,Clay
34.2400_2.2800,34.24,2.28,15.3,51,471.1,7.8,9,4.5,13.84,10.1,Clay
34.2400_2.3600,34.24,2.36,15.48,50.76,476.4,7.8,10,5,13.44,9.2,Clay
34.2400_2.4400,34.24,2.44,15.83,50.48,440.5,8,8.1,4.05,11.76,8.5,Clay
34.2400_2.5200,34.24,2.52,15.83,50.48,440.5,8.1,6.5,3.25,10.88,8.2,Clay
34.2400_2.6000,34.24,2.6,16.01,50.9,365.7,8,7.1,3.55,11.6,10.6,Clay
34.2400_2.6800,34.24,2.68,16.11,50.7,348.8,8,8,4,11.36,8.5,Clay
34.2400_2.7600,34.24,2.76,16.11,50.7,348.8,8.1,8.1,4.05,12.08,8.6,Clay
34.2400_2.8400,34.24,2.84,16.38,49.54,353.2,8,6.8,3.4,11.2,9.2,Clay
34.2400_2.9200,34.24,2.92,16.82,49.28,358,8.1,6.2,3.1,11.04,8.7,Clay
34.2400_3.0000,34.24,3,17.31,48.02,319.1,8.1,6.1,3.05,11.92,7.2,Clay
34.2400_3.0800,34.24,3.08,17.31,48.02,319.1,8.1,7,3.5,11.44,7.8,Silt
34.2400_3.1600,34.24,3.16,17.69,46.93,292.3,8.2,6.8,3.4,13.04,8.5,Clay
34.2400_3.2400,34.24,3.24,17.96,47.91,295.6,8.2,5.7,2.85,10.72,9.7,Sandy
34.2400_3.3200,34.24,3.32,17.96,47.91,295.6,8.1,5.3,2.65,12.48,6.3,Loamy
34.2400_3.4000,34.24,3.4,18.19,47.67,295.7,8.1,5.3,2.65,10.96,6.6,Silt
34.2400_3.4800,34.24,3.48,18.2,47.86,287.7,8.2,5.2,2.6,12.56,8.9,Loamy
34.2400_3.5600,34.24,3.56,18.62,46.7,293.6,8.2,5.1,2.55,10.56,6.7,Loamy
34.2400_3.6400,34.24,3.64,17.89,47.71,321.8,8.2,5.1,2.55,9.84,6.7,Sandy
34.2400_3.7200,34.24,3.72,18.5,45.26,334.7,8.1,6.9,3.45,9.84,8.6,Sandy
34.2400_3.8000,34.24,3.8,18.34,46,316.3,8.2,8.1,4.05,9.12,8.9,Sandy
34.2400_3.8800,34.24,3.88,19.16,43.95,296.4,8.2,5.7,2.85,8.8,7.4,Clay
34.2400_3.9600,34.24,3.96,19.76,43.58,277.4,8.2,5.5,2.75,9.04,6.3,Sandy
34.2400_4.0400,34.24,4.04,20.61,43.6,239.6,8.2,5.3,2.65,8.56,6.5,Loamy
34.2400_4.1200,34.24,4.12,20.61,43.6,239.6,8.3,7.6,3.8,7.84,6,Loamy
34.2400_4.2000,34.24,4.2,20.87,43.42,243.6,8.3,5.3,2.65,9.04,6.3,Silt
34.2400_4.2800,34.24,4.28,20.91,44.21,210.3,8.3,5.3,2.65,9.12,8.1,Silt
34.2400_4.3600,34.24,4.36,21.21,43.79,187.3,8.3,5,2.5,8.72,5.3,Silt
34.2400_4.4400,34.24,4.44,21.21,43.79,187.3,8.3,5.9,2.95,9.04,5.7,Silt
34.2400_4.5200,34.24,4.52,21.44,43.77,165.1,8.3,4.7,2.35,9.84,4.9,Silt
34.2400_4.6000,34.24,4.6,21.57,43.64,171.6,8.3,4.5,2.25,10.24,5.5,Silt
34.2400_4.6800,34.24,4.68,21.57,43.64,171.6,8.2,4.9,2.45,10.08,5.8,Silt
34.2400_4.7600,34.24,4.76,21.69,43.27,192,8.3,4.3,2.15,9.36,4.9,Silt
34.2400_4.8400,34.24,4.84,21.77,43.21,176.3,8.3,4.9,2.45,9.68,7.3,Sandy
34.2400_4.9200,34.24,4.92,21.91,43.16,177.8,8.2,4.7,2.35,9.12,6.7,Loamy
34.2400_5.0000,34.24,5,21.91,43.16,177.8,8.2,4.1,2.05,10.08,6.2,Sandy
34.2400_5.0800,34.24,5.08,22.08,43.12,174.4,8.3,4.1,2.05,9.44,5.5,Silt
34.2400_5.1600,34.24,5.16,22.24,42.99,179.5,8.3,4.1,2.05,11.12,5,Silt
34.2400_5.2400,34.24,5.24,22.24,42.99,179.5,8.3,4.2,2.1,10.88,5.2,Silt
34.2400_5.3200,34.24,5.32,22.44,42.96,170,8.3,4.2,2.1,10.16,4,Silt
34.2400_5.4000,34.24,5.4,22.6,42.99,158.9,8.3,4.9,2.45,9.84,3.9,Silt
34.2400_5.4800,34.24,5.48,22.72,42.93,154,8.3,5.3,2.65,9.36,4.6,Silt
34.2400_5.5600,34.24,5.56,22.67,43.33,169.3,8.3,5.3,2.65,10.08,4.3,Silt
34.2400_5.6400,34.24,5.64,22.83,43.3,176.3,8.2,8.2,4.1,10.08,5.4,Silt
34.2400_5.7200,34.24,5.72,23.06,43.09,169.3,8.2,7.6,3.8,9.84,4.5,Silt
34.2400_5.8000,34.24,5.8,23.06,43.09,169.3,8.2,9.2,4.6,9.36,3.9,Silt
34.2400_5.8800,34.24,5.88,23.3,42.66,144.4,8.2,9.6,4.8,8.8,6.1,Silt
34.2400_5.9600,34.24,5.96,23.38,42.73,159.4,8.1,9.3,4.65,9.52,9,Clay
34.2400_6.0400,34.24,6.04,23.38,42.73,159.4,8.1,14.1,7.05,12.08,14.3,Clay
34.2400_6.1200,34.24,6.12,23.48,43.07,144.8,0,0,0,0,0,Unknown
34.2400_6.2000,34.24,6.2,23.58,42.81,161.6,0,0,0,0,0,Unknown
34.2400_6.2800,34.24,6.28,23.58,42.81,161.6,0,0,0,0,0,Unknown
34.2400_6.3600,34.24,6.36,23.69,42.74,186.6,0,0,0,0,0,Unknown
34.2400_6.4400,34.24,6.44,23.69,42.93,177.1,8.1,17.3,8.65,15.92,24.8,Silt
34.2400_6.5200,34.24,6.52,23.63,43.17,157.3,8.1,17,8.5,19.44,17.7,Silt
34.2400_6.6000,34.24,6.6,23.63,43.17,157.3,8.2,17,8.5,17.2,18.7,Clay
34.2400_6.6800,34.24,6.68,23.48,43.79,146.6,8.1,12.6,6.3,16.64,18.7,Silt
34.2400_6.7600,34.24,6.76,23.27,44.21,139.3,8.1,10.6,5.3,16.48,13.9,Clay
34.2400_6.8400,34.24,6.84,23.11,45.2,122.9,8.1,11.6,5.8,16.48,13.6,Silt
34.2400_6.9200,34.24,6.92,23.08,44.58,133.3,8.1,10.5,5.25,15.36,15.5,Silt
34.2400_7.0000,34.24,7,22.87,45.22,131.2,8.1,10.1,5.05,15.44,12.9,Silt
34.2400_7.0800,34.24,7.08,22.63,45.36,124.8,8.1,5.3,2.65,8.96,6.6,Clay
34.2400_7.1600,34.24,7.16,22.63,45.36,124.8,8.2,5.3,2.65,8.96,5.9,Silt
34.2400_7.2400,34.24,7.24,22.56,45.69,126.5,8.2,5.8,2.9,9.12,8.3,Silt
34.2400_7.3200,34.24,7.32,22.44,46.55,136.3,8.2,5.8,2.9,8.16,6.4,Silt
34.2400_7.4000,34.24,7.4,22.31,47.03,130.4,8.2,5,2.5,8.64,4.4,Silt
34.2400_7.4800,34.24,7.48,22.49,46.01,123.8,8.2,5.2,2.6,8.72,5.1,Sandy
34.2400_7.5600,34.24,7.56,22.71,45.26,120.4,8.2,5.1,2.55,9.04,6.1,Clay
34.2400_7.6400,34.24,7.64,22.89,46.39,144.8,8.2,5.2,2.6,9.2,5.4,Clay
34.2400_7.7200,34.24,7.72,22.93,44.3,134.9,8.2,6,3,10.24,8.4,Silt
34.2400_7.8000,34.24,7.8,22.8,44.53,178,8.2,4.9,2.45,8.96,5.7,Silt
34.2400_7.8800,34.24,7.88,22.62,44.84,202.4,8.1,5,2.5,9.04,4.2,Sandy
34.2400_7.9600,34.24,7.96,23.02,45.79,178.6,8.2,5.6,2.8,8.4,6.4,Clay
34.2400_8.0400,34.24,8.04,22.54,45.21,169.5,8.2,6.5,3.25,8,6.7,Silt
34.2400_8.1200,34.24,8.12,22.13,46.17,177.3,8.2,4.9,2.45,9.68,4.9,Clay
34.2400_8.2000,34.24,8.2,22.21,47.71,169.4,8.2,4.9,2.45,9.76,5.9,Clay
34.2400_8.2800,34.24,8.28,21.65,47.76,202.6,8.2,4.9,2.45,10.48,5,Sandy
34.2400_8.3600,34.24,8.36,21.4,49.13,219.9,8.3,4.5,2.25,10.88,4.5,Silt
34.2400_8.4400,34.24,8.44,21.22,50.16,171.4,8.3,4.8,2.4,9.84,4.4,Silt
34.2400_8.5200,34.24,8.52,21.22,50.16,171.4,8.3,5.3,2.65,10.88,7.3,Silt
34.2400_8.6000,34.24,8.6,21.06,51.08,178.9,8.3,6,3,9.52,6.5,Clay
34.2400_8.6800,34.24,8.68,20.88,51.46,183.8,8.3,5.2,2.6,10.48,6.4,Sandy
34.3200_-2.2000,34.32,-2.2,16.37,55.52,397.7,7.7,9.4,4.7,13.44,12.8,Clay
34.3200_-2.1200,34.32,-2.12,16.37,55.52,397.7,7.8,9.1,4.55,13.76,10.4,Clay
34.3200_-2.0400,34.32,-2.04,16.11,55.27,367.2,7.6,8.3,4.15,12.4,9.1,Silt
34.3200_-1.9600,34.32,-1.96,14.62,56.58,321.3,7.7,8.5,4.25,12.16,12.5,Clay
34.3200_-1.8800,34.32,-1.88,16.06,56.84,321.3,7.7,9.2,4.6,12.4,8.8,Clay
34.3200_-1.8000,34.32,-1.8,16.31,54.99,296.4,7.7,9.1,4.55,12.8,7.4,Clay
34.3200_-1.7200,34.32,-1.72,16.59,52.41,321.7,7.7,8.5,4.25,12.56,8.3,Clay
34.3200_-1.6400,34.32,-1.64,16.59,52.41,321.7,7.8,8,4,13.04,7.6,Clay
34.3200_-1.5600,34.32,-1.56,16.53,52.31,331.6,7.7,8.2,4.1,12.16,7.8,Clay
34.3200_-1.4800,34.32,-1.48,16.33,52.98,321.9,7.7,9.3,4.65,12.32,8.2,Clay
34.3200_-1.4000,34.32,-1.4,16.16,53.63,294.8,7.7,8.5,4.25,12.88,8.1,Clay
34.3200_-1.3200,34.32,-1.32,16.16,53.63,294.8,7.6,8.2,4.1,13.36,8.3,Clay
34.3200_-1.2400,34.32,-1.24,16.1,53.27,313.6,7.7,8.4,4.2,12.08,8.9,Clay
34.3200_-1.1600,34.32,-1.16,16.02,52.9,345.1,7.7,8.3,4.15,12.72,9.1,Clay
34.3200_-1.0800,34.32,-1.08,16.02,52.9,345.1,7.7,8.5,4.25,12.72,8,Clay
34.3200_-1.0000,34.32,-1,15.97,52.98,373.5,7.7,9.6,4.8,12.88,8.7,Clay
34.3200_-0.9200,34.32,-0.92,15.98,52.92,357.6,7.7,8.5,4.25,13.04,9.2,Clay
34.3200_-0.8400,34.32,-0.84,15.97,52.94,341.8,7.8,8.4,4.2,12.24,7.7,Clay
34.3200_-0.7600,34.32,-0.76,15.97,52.94,341.8,7.9,7.1,3.55,11.44,8,Clay
34.3200_-0.6800,34.32,-0.68,16.03,52.98,347,7.9,7,3.5,10.64,10.1,Clay
34.3200_-0.6000,34.32,-0.6,16.15,52.8,351.3,8,7.2,3.6,11.44,8.1,Clay
34.3200_-0.5200,34.32,-0.52,16.15,52.8,351.3,8,7,3.5,11.2,7.5,Clay
34.3200_-0.4400,34.32,-0.44,16.19,52.86,379,8,6.9,3.45,12.4,7.4,Clay
34.3200_-0.3600,34.32,-0.36,16.25,52.92,328.9,8,6.9,3.45,11.04,9.5,Clay
34.3200_-0.2800,34.32,-0.28,16.39,53.31,316.8,8.1,6.9,3.45,11.36,7.4,Clay
34.3200_-0.2000,34.32,-0.2,16.39,53.31,316.8,8.1,6.7,3.35,11.44,6.9,Silt
34.3200_-0.1200,34.32,-0.12,16.54,53.3,308.9,8.1,7.2,3.6,11.92,9.8,Clay
34.3200_-0.0400,34.32,-0.04,16.56,53.05,322.2,8,6.6,3.3,12.08,7.8,Clay
34.3200_0.0400,34.32,0.04,16.56,53.05,322.2,8,8,4,11.92,7.6,Clay
34.3200_0.1200,34.32,0.12,16.39,54.41,340.6,8,6.8,3.4,10.88,10.5,Clay
34.3200_0.2000,34.32,0.2,16.47,53.42,310.6,8,7,3.5,11.84,9.9,Clay
34.3200_0.2800,34.32,0.28,16.47,53.42,310.6,7.9,7.1,3.55,11.44,9.5,Clay
34.3200_0.3600,34.32,0.36,16.61,52.73,310,7.9,7.2,3.6,11.36,11.2,Clay
34.3200_0.4400,34.32,0.44,16.57,53.87,301.1,7.9,7.2,3.6,11.44,10.5,Clay
34.3200_0.5200,34.32,0.52,16.68,53.16,335.6,8,7,3.5,10.08,10.6,Clay
34.3200_0.6000,34.32,0.6,16.68,53.16,335.6,7.9,7.6,3.8,11.76,9.9,Clay
34.3200_0.6800,34.32,0.68,16.77,53.27,323.8,7.9,7.6,3.8,13.04,7.8,Clay
34.3200_0.7600,34.32,0.76,17.02,52.39,314,8,6.9,3.45,11.12,18.4,Clay
34.3200_0.8400,34.32,0.84,17.02,52.39,314,8,7,3.5,11.12,17,Clay
34.3200_0.9200,34.32,0.92,17.12,52.02,348.3,8,7.6,3.8,11.84,14.8,Clay
34.3200_1.0000,34.32,1,16.9,52.23,360.4,8,7.6,3.8,10.88,19.7,Clay
34.3200_1.0800,34.32,1.08,16.66,51.34,371.2,7.9,7.7,3.85,12.96,10.4,Clay
34.3200_1.1600,34.32,1.16,16.66,51.34,371.2,8,7.9,3.95,10.96,10.1,Clay
34.3200_1.2400,34.32,1.24,16.64,50.61,331.7,7.9,7.6,3.8,11.04,11.5,Clay
34.3200_1.3200,34.32,1.32,16.71,50.38,338.4,8,7.3,3.65,11.2,9,Clay
34.3200_1.4000,34.32,1.4,16.71,50.38,338.4,8,7.7,3.85,11.12,8.4,Clay
34.3200_1.4800,34.32,1.48,16.69,50.28,351.1,8,7.4,3.7,11.36,9.2,Clay
34.3200_1.5600,34.32,1.56,16.55,49.79,402,8,7.9,3.95,12,9.2,Clay
34.3200_1.6400,34.32,1.64,16.31,50.06,403.8,7.9,8.1,4.05,13.36,9.6,Clay
34.3200_1.7200,34.32,1.72,16.31,50.06,403.8,8.1,7.1,3.55,12.08,8.7,Clay
34.3200_1.8000,34.32,1.8,16.3,50.54,423.4,8,7.9,3.95,12.56,9.1,Clay
34.3200_1.8800,34.32,1.88,16.46,50.78,400.1,8,7.9,3.95,11.52,9.2,Clay
34.3200_1.9600,34.32,1.96,16.46,50.78,400.1,8,6.9,3.45,10.72,8.7,Clay
34.3200_2.0400,34.32,2.04,16.52,48.8,414.2,8,7.7,3.85,12,9.2,Clay
34.3200_2.1200,34.32,2.12,16.3,49.93,442.5,8,6.8,3.4,11.76,10.2,Clay
34.3200_2.2000,34.32,2.2,15.64,51.73,473.8,7.8,8.1,4.05,12.48,10.6,Clay
34.3200_2.2800,34.32,2.28,16.18,49.55,446.8,7.9,8.4,4.2,12.32,8.7,Clay
34.3200_2.3600,34.32,2.36,16.09,50.07,439.3,8,7.4,3.7,12.08,8.5,Clay
34.3200_2.4400,34.32,2.44,16.15,50.79,454.6,7.9,7.4,3.7,10.96,8.5,Clay
34.3200_2.5200,34.32,2.52,16.15,50.79,454.6,8,6.5,3.25,11.92,7.6,Clay
34.3200_2.6000,34.32,2.6,16.09,51.24,383.8,8,7.7,3.85,11.84,10.3,Clay
34.3200_2.7600,34.32,2.76,15.99,50.8,351.7,8,7.7,3.85,12.8,7.8,Silt
34.3200_2.8400,34.32,2.84,15.89,50.81,358.8,8.1,7.5,3.75,11.68,11,Clay
34.3200_2.9200,34.32,2.92,16.07,50.54,362.7,8.1,6.9,3.45,11.2,10,Clay
34.3200_3.0000,34.32,3,16.5,49.72,374.4,8.1,6.9,3.45,11.84,8.7,Clay
34.3200_3.1600,34.32,3.16,16.96,48.48,330.7,8.2,5.9,2.95,11.84,7.8,Clay
34.3200_3.2400,34.32,3.24,17.42,48.27,345.6,8.1,7.2,3.6,11.44,9.1,Clay
34.3200_3.3200,34.32,3.32,16.68,48.09,345.6,8.1,6.9,3.45,11.12,10.4,Sandy
34.3200_3.4000,34.32,3.4,17.89,48.05,310.9,8.2,5.5,2.75,10.8,7.2,Clay
34.3200_3.4800,34.32,3.48,17.97,48.28,273.6,8.2,6.5,3.25,10.4,7.4,Sandy
34.3200_3.5600,34.32,3.56,17.97,48.28,273.6,8.2,6.2,3.1,11.28,6,Loamy
34.3200_3.6400,34.32,3.64,17.32,48.51,315.3,8.1,6.3,3.15,11.44,8.1,Sandy
34.3200_3.7200,34.32,3.72,16.47,49.96,356,8.1,6.9,3.45,10.96,8.9,Clay
34.3200_3.8000,34.32,3.8,16.81,49.63,353.3,8.1,6.9,3.45,11.2,8.7,Sandy
34.3200_3.8800,34.32,3.88,18.77,46.13,316.3,8.2,6.6,3.3,9.68,9.4,Sandy
34.3200_3.9600,34.32,3.96,19.24,46.52,314.2,8.2,5.2,2.6,9.28,6.6,Clay
34.3200_4.0400,34.32,4.04,20.1,43.38,245.9,8.2,5.9,2.95,9.04,7.3,Sandy
34.3200_4.1200,34.32,4.12,20.1,43.38,245.9,8.2,5.1,2.55,8.56,7,Loamy
34.3200_4.2000,34.32,4.2,20.73,43.3,230.7,8.2,7.9,3.95,8.48,7,Sandy
34.3200_4.2800,34.32,4.28,20.86,44.12,223.8,8.3,5.6,2.8,8.96,4.6,Silt
34.3200_4.3600,34.32,4.36,21.05,44.2,207.5,8.3,5.3,2.65,11.04,4.6,Silt
34.3200_4.4400,34.32,4.44,21.05,44.2,207.5,8.3,4.9,2.45,10,5,Silt
34.3200_4.5200,34.32,4.52,21.34,43.99,188.7,8.3,4.8,2.4,9.44,4.4,Silt
34.3200_4.6000,34.32,4.6,21.6,43.86,187.3,8.2,4.4,2.2,9.68,6.1,Silt
34.3200_4.6800,34.32,4.68,21.6,43.86,187.3,8.3,4.4,2.2,10.32,4.1,Sandy
34.3200_4.7600,34.32,4.76,21.82,43.65,177.6,8.2,4.4,2.2,10.08,7.8,Silt
34.3200_4.8400,34.32,4.84,21.93,43.54,171.1,8.2,4.6,2.3,10,6.9,Sandy
34.3200_4.9200,34.32,4.92,22.09,43.28,187.4,8.2,4.9,2.45,10,5.4,Silt
34.3200_5.0000,34.32,5,22.09,43.28,187.4,8.3,4.6,2.3,9.76,7.1,Silt
34.3200_5.0800,34.32,5.08,22.16,43.35,192.5,8.3,4,2,11.36,4,Sandy
34.3200_5.1600,34.32,5.16,22.24,43.37,174.5,8.3,7.9,3.95,9.6,5.5,Sandy
34.3200_5.2400,34.32,5.24,22.24,43.37,174.5,8.3,4.4,2.2,8.56,5,Loamy
34.3200_5.3200,34.32,5.32,22.38,43.32,196.7,8.2,4.6,2.3,8.88,5.9,Silt
34.3200_5.4000,34.32,5.4,22.53,43.48,177.5,8.3,7.4,3.7,9.76,5,Clay
34.3200_5.4800,34.32,5.48,22.53,43.48,177.5,8.3,8.2,4.1,9.12,6.9,Silt
34.3200_5.5600,34.32,5.56,22.65,43.63,189.9,8.3,8.2,4.1,9.36,6.9,Silt
34.3200_5.6400,34.32,5.64,22.86,43.52,196,8.3,7.7,3.85,10,6.4,Silt
34.3200_5.7200,34.32,5.72,23.05,43.52,174.1,8.2,8.3,4.15,9.92,5.1,Silt
34.3200_5.8000,34.32,5.8,23.05,43.52,174.1,8.2,8.8,4.4,9.36,4.7,Silt
34.3200_5.8800,34.32,5.88,23.2,43.38,180.5,8.2,7.8,3.9,8.96,4.6,Silt
34.3200_5.9600,34.32,5.96,23.35,43.29,152.1,8.2,8.9,4.45,8,4.4,Silt
34.3200_6.0400,34.32,6.04,23.35,43.29,152.1,8.1,9.7,4.85,14.64,14.1,Silt
34.3200_6.1200,34.32,6.12,23.65,42.92,126.1,8.2,15.7,7.85,16.64,20.1,Clay
34.3200_6.2000,34.32,6.2,23.76,42.97,141.3,0,0,0,0,0,Unknown
34.3200_6.2800,34.32,6.28,23.68,43.17,156.7,0,0,0,0,0,Unknown
34.3200_6.3600,34.32,6.36,23.68,43.17,156.7,8.2,16,8,16.88,13.4,Silt
34.3200_6.4400,34.32,6.44,23.58,43.21,205.2,8.1,17,8.5,17.2,14.8,Clay
34.3200_6.5200,34.32,6.52,23.41,43.77,172.2,8.1,12.6,6.3,17.04,15.4,Silt
34.3200_6.6000,34.32,6.6,23.41,43.77,172.2,8.1,13.4,6.7,17.12,14.5,Silt
34.3200_6.6800,34.32,6.68,23.14,44.55,154.1,8.1,13.7,6.85,17.36,20.1,Silt
34.3200_6.7600,34.32,6.76,23.26,44.63,142.1,8.1,10.6,5.3,15.76,12.8,Silt
34.3200_6.8400,34.32,6.84,23.26,44.63,142.1,8.1,13.5,6.75,16.08,14.6,Silt
34.3200_6.9200,34.32,6.92,23.16,44.61,133.8,8.1,9.8,4.9,15.6,15.1,Silt
34.3200_7.0000,34.32,7,22.91,44.81,123.9,8.1,5.2,2.6,9.76,6.3,Silt
34.3200_7.0800,34.32,7.08,22.69,45.14,127.2,8.2,5.3,2.65,9.6,5.4,Silt
34.3200_7.1600,34.32,7.16,22.69,45.14,127.2,8.1,5,2.5,9.2,5.5,Silt
34.3200_7.2400,34.32,7.24,22.57,45.26,146.5,8.2,5.4,2.7,8.8,5.7,Silt
34.3200_7.3200,34.32,7.32,22.51,45.66,134.9,8.2,5.2,2.6,10.08,4.9,Silt
34.3200_7.4000,34.32,7.4,22.51,45.66,134.9,8.2,4.8,2.4,9.52,4.5,Loamy
34.3200_7.4800,34.32,7.48,22.61,45,140.9,8.2,4.6,2.3,9.28,5.3,Silt
34.3200_7.5600,34.32,7.56,22.53,44.83,126.8,8.2,4.6,2.3,9.04,5.2,Silt
34.3200_7.6400,34.32,7.64,22.19,45.05,162.1,8.2,6.6,3.3,8.96,4.5,Loamy
34.3200_7.7200,34.32,7.72,22.89,45.24,162.1,8.2,6.4,3.2,9.2,5.2,Clay
34.3200_7.8000,34.32,7.8,22.57,44.47,178,8.2,5.2,2.6,8.8,4.8,Clay
34.3200_7.8800,34.32,7.88,22.16,44.75,202.4,8.2,5.4,2.7,9.28,4.5,Sandy
34.3200_7.9600,34.32,7.96,21.55,46.34,208.8,8.2,7,3.5,11.44,7.7,Sandy
34.3200_8.0400,34.32,8.04,22.46,45.19,169.5,8.3,7.5,3.75,11.52,7.7,Sandy
34.3200_8.1200,34.32,8.12,22.39,46.22,177.3,8.2,7,3.5,11.68,7.3,Sandy
34.3200_8.2000,34.32,8.2,21.84,47.81,202.6,8.2,6.4,3.2,11.44,6.4,Sandy
34.3200_8.2800,34.32,8.28,21.52,47.73,202.6,8.2,5.3,2.65,11.04,6,Clay
34.3200_8.3600,34.32,8.36,21.02,48.85,199.8,8.3,5.5,2.75,10.72,6.9,Loamy
34.3200_8.4400,34.32,8.44,20.98,49.97,164.5,8.3,5.4,2.7,9.76,5.1,Sandy
34.3200_8.5200,34.32,8.52,20.98,49.97,164.5,8.3,5.2,2.6,9.28,4.7,Clay
34.3200_8.6000,34.32,8.6,20.95,50.48,186.4,8.3,4.7,2.35,9.68,5,Silt
34.3200_8.6800,34.32,8.68,20.89,51.19,181.3,8.4,5.2,2.6,10.08,6.3,Silt
34.4000_-2.2000,34.4,-2.2,17.12,54.89,421.1,7.7,8.8,4.4,13.04,13.1,Silt
34.4000_-2.1200,34.4,-2.12,14.62,54.79,486,7.7,10.4,5.2,12.56,14.4,Clay
34.4000_-2.0400,34.4,-2.04,17.38,56.33,390.2,7.7,8.9,4.45,13.84,9.1,Clay
34.4000_-1.9600,34.4,-1.96,16.91,57.34,335.9,7.8,7.6,3.8,12.64,9.9,Clay
34.4000_-1.8800,34.4,-1.88,15.58,57.04,335.9,7.8,8.9,4.45,12.72,9.5,Clay
34.4000_-1.8000,34.4,-1.8,16.06,55.17,337.5,7.6,9,4.5,12.96,8.3,Clay
34.4000_-1.7200,34.4,-1.72,15.72,53.56,365,7.8,10,5,12.56,9.9,Clay
34.4000_-1.6400,34.4,-1.64,15.47,52.9,373.5,7.6,10.5,5.25,11.84,9.8,Clay
34.4000_-1.5600,34.4,-1.56,16.2,53.08,373.5,7.6,9.1,4.55,12.64,9.5,Clay
34.4000_-1.4800,34.4,-1.48,15.69,54.02,350.3,7.6,10.1,5.05,11.6,10.2,Clay
34.4000_-1.4000,34.4,-1.4,16.09,54.02,329,7.7,8.8,4.4,12.24,9.1,Clay
34.4000_-1.3200,34.4,-1.32,16.09,54.02,329,7.7,9.2,4.6,12.08,8.4,Clay
34.4000_-1.2400,34.4,-1.24,16.23,53.71,303.5,7.7,9.4,4.7,12.64,7.6,Clay
34.4000_-1.1600,34.4,-1.16,16.15,53.38,337.7,7.7,8.6,4.3,12.24,8.2,Clay
34.4000_-1.0800,34.4,-1.08,16.15,53.38,337.7,7.7,9.1,4.55,13.12,8.2,Clay
34.4000_-1.0000,34.4,-1,16.11,53.22,379,7.7,8.7,4.35,12.4,9,Clay
34.4000_-0.9200,34.4,-0.92,16.12,53.41,363.7,7.8,10.8,5.4,13.2,9.5,Clay
34.4000_-0.8400,34.4,-0.84,16.03,53.71,351.2,7.9,7.6,3.8,12.72,8.1,Clay
34.4000_-0.7600,34.4,-0.76,16.03,53.71,351.2,7.9,7.9,3.95,12.4,8.3,Clay
34.4000_-0.6800,34.4,-0.68,15.98,53.61,332.4,8,7.7,3.85,11.6,8.5,Clay
34.4000_-0.6000,34.4,-0.6,16.01,53.61,342.8,8,8,4,12.48,8.5,Clay
34.4000_-0.5200,34.4,-0.52,16.01,53.61,342.8,7.9,7.7,3.85,11.36,8.3,Clay
34.4000_-0.4400,34.4,-0.44,16,53.7,389.9,7.9,7.3,3.65,11.04,9.2,Clay
34.4000_-0.3600,34.4,-0.36,16,53.53,373.9,8,7.1,3.55,10.72,7.7,Silt
34.4000_-0.2800,34.4,-0.28,16.16,53.87,403.2,8,7.1,3.55,11.52,7.4,Clay
34.4000_-0.2000,34.4,-0.2,16.16,53.87,403.2,7.9,7.7,3.85,11.92,7.2,Clay
34.4000_-0.1200,34.4,-0.12,16.39,53.95,369.4,7.9,6.7,3.35,11.76,7.2,Clay
34.4000_-0.0400,34.4,-0.04,16.48,53.5,362,8,6.8,3.4,12,7.2,Clay
34.4000_0.0400,34.4,0.04,16.48,53.5,362,8,7,3.5,12,9.3,Clay
34.4000_0.1200,34.4,0.12,16.4,54.05,336.8,8,6.6,3.3,12,7.7,Silt
34.4000_0.2000,34.4,0.2,16.38,53.72,351.4,8,6.5,3.25,11.84,8.1,Clay
34.4000_0.2800,34.4,0.28,16.38,53.72,351.4,8,6.6,3.3,12,10.1,Clay
34.4000_0.3600,34.4,0.36,16.45,53.59,320.7,8,7.4,3.7,12.08,11.3,Clay
34.4000_0.4400,34.4,0.44,16.53,53.25,296.4,7.9,7.6,3.8,12,8.5,Clay
34.4000_0.5200,34.4,0.52,16.6,53.1,300.1,8,8.1,4.05,11.76,11.4,Clay
34.4000_0.6000,34.4,0.6,16.6,53.1,300.1,7.9,7.8,3.9,11.92,9.7,Clay
34.4000_0.6800,34.4,0.68,16.81,53.21,310.1,7.9,7.4,3.7,10.8,12.2,Clay
34.4000_0.7600,34.4,0.76,17.16,52.17,344.3,7.9,7.6,3.8,12.16,12.6,Clay
34.4000_0.8400,34.4,0.84,17.16,52.17,344.3,8,7.9,3.95,11.44,19.5,Clay
34.4000_0.9200,34.4,0.92,17.25,51.86,335.4,7.9,8.1,4.05,13.84,9.2,Clay
34.4000_1.0000,34.4,1,17.11,52.22,370.1,7.9,7.7,3.85,12.08,18.8,Clay
34.4000_1.0800,34.4,1.08,16.65,52.6,373.3,8,7.2,3.6,11.04,16,Clay
34.4000_1.1600,34.4,1.16,16.65,52.6,373.3,7.9,7.7,3.85,11.28,8,Clay
34.4000_1.2400,34.4,1.24,16.55,52.23,353.8,7.9,8.4,4.2,11.92,7.6,Clay
34.4000_1.3200,34.4,1.32,16.6,51.49,320.4,7.9,7.7,3.85,12.32,8.7,Clay
34.4000_1.4000,34.4,1.4,16.6,51.49,320.4,8,7.6,3.8,11.44,8.6,Clay
34.4000_1.4800,34.4,1.48,16.75,50.5,349.4,8,8.3,4.15,10.96,8.2,Clay
34.4000_1.5600,34.4,1.56,16.66,50.24,379.1,8,7.8,3.9,10.88,8.2,Clay
34.4000_1.6400,34.4,1.64,16.66,50.24,379.1,8,7.9,3.95,12.56,8.7,Clay
34.4000_1.7200,34.4,1.72,16.45,50.3,414.8,7.9,8.1,4.05,13.36,8.7,Silt
34.4000_1.8000,34.4,1.8,16.29,50.98,414.5,8,7.9,3.95,12.4,9.4,Clay
34.4000_1.8800,34.4,1.88,16.39,50.66,418.9,8,7.7,3.85,12.48,9.1,Clay
34.4000_1.9600,34.4,1.96,16.39,50.66,418.9,8,7.3,3.65,12.08,9,Clay
34.4000_2.0400,34.4,2.04,16.52,50.48,397.8,8,7.2,3.6,12.32,8,Clay
34.4000_2.1200,34.4,2.12,16.72,49.37,393.7,8,7,3.5,13.28,8.1,Clay
34.4000_2.3600,34.4,2.36,16.73,49.34,402.9,8,6.9,3.45,10.88,8.5,Clay
34.4000_2.4400,34.4,2.44,16.51,49.79,414.2,8,8.2,4.1,11.36,7.2,Clay
34.4000_2.5200,34.4,2.52,16.51,49.79,414.2,8.1,6.3,3.15,11.44,7.2,Clay
34.4000_2.6000,34.4,2.6,16.1,50.83,410.4,8.1,6.6,3.3,10.96,7,Clay
34.4000_3.2400,34.4,3.24,16.48,50.07,381.2,8.1,7,3.5,11.84,9.4,Clay
34.4000_3.3200,34.4,3.32,16.48,50.07,381.2,8.1,6.9,3.45,11.44,10.3,Clay
34.4000_3.4000,34.4,3.4,17.21,49.27,363.1,8.2,6.2,3.1,11.76,6.8,Clay
34.4000_3.4800,34.4,3.48,17.55,48.64,293,8.2,5.7,2.85,10.8,6.2,Clay
34.4000_3.5600,34.4,3.56,17.55,48.64,293,8.1,5.8,2.9,10.72,7.5,Clay
34.4000_3.6400,34.4,3.64,16.95,49.3,284.6,8.1,6.7,3.35,11.28,8.5,Clay
34.4000_3.7200,34.4,3.72,15.89,51.78,341.1,8.1,6.4,3.2,12.16,11.8,Clay
34.4000_3.8000,34.4,3.8,15.81,52.06,390.1,8,6.6,3.3,12.64,8.3,Clay
34.4000_3.8800,34.4,3.88,15.81,52.06,390.1,8,8.9,4.45,11.84,8.7,Clay
34.4000_4.0400,34.4,4.04,19.09,45.63,302,8.2,5.7,2.85,8.8,8.4,Sandy
34.4000_4.2000,34.4,4.2,20.24,44.19,242.3,8.1,5,2.5,7.84,8.1,Sandy
34.4000_4.3600,34.4,4.36,20.94,44.39,215.7,8.2,6.3,3.15,10.56,6.1,Silt
34.4000_4.4400,34.4,4.44,20.94,44.39,215.7,8.3,4.9,2.45,8.08,5,Loamy
34.3200_2.6800,34.32,2.68,15.93,50.93,351.8,8,6.4,3.2,11.36,7.6,Silt
34.3200_3.0800,34.32,3.08,16.44,49.85,360.2,8.1,6.9,3.45,11.36,9.6,Clay
34.4000_2.2000,34.4,2.2,16.65,49.47,380.8,8,7.4,3.7,11.68,9.1,Clay
34.4000_2.2800,34.4,2.28,16.7,49.5,378.7,8,7.1,3.55,11.6,8.9,Clay
34.4000_2.6800,34.4,2.68,15.52,52.13,386.4,7.8,9,4.5,14,9.3,Clay
34.4000_2.7600,34.4,2.76,15.52,52.13,386.4,7.9,7.5,3.75,12.4,8.2,Clay
34.4000_2.8400,34.4,2.84,15.09,52.51,374.5,7.9,8.8,4.4,12.8,9.3,Clay
34.4000_2.9200,34.4,2.92,15.12,52.34,372.2,7.8,7.3,3.65,12.8,9,Clay
34.4000_3.0000,34.4,3,14.89,52.3,372.2,7.7,8.4,4.2,12.88,9.3,Clay
34.4000_3.0800,34.4,3.08,15.47,52.19,345.7,8,6.1,3.05,11.68,7.9,Clay
34.4000_3.1600,34.4,3.16,15.93,51.06,346.7,8,7,3.5,10.4,9.9,Clay
34.4000_3.9600,34.4,3.96,17.2,49.15,371,8,8.4,4.2,10.24,10.5,Clay
34.4000_4.1200,34.4,4.12,20.12,43.53,248.4,8.2,5.4,2.7,8.08,7,Sandy
34.4000_4.2800,34.4,4.28,20.7,44.14,231.3,8.2,6.5,3.25,8.32,6.8,Loamy
34.4000_4.5200,34.4,4.52,21.17,44.28,220,8.3,4.6,2.3,8.8,5.3,Silt
34.4000_4.6000,34.4,4.6,21.5,43.89,205.3,8.3,5.3,2.65,11.28,6,Silt
34.4000_4.6800,34.4,4.68,21.5,43.89,205.3,8.3,4.4,2.2,10.16,4.8,Silt
34.4000_4.7600,34.4,4.76,21.72,44.01,188.5,8.3,4.6,2.3,10,5.9,Silt
34.4000_4.8400,34.4,4.84,21.88,43.7,180.9,8.3,4.8,2.4,11.04,7.8,Silt
34.4000_4.9200,34.4,4.92,21.88,43.7,180.9,8.2,4.4,2.2,10,7.5,Silt
34.4000_5.0000,34.4,5,22.12,43.13,213,0,0,0,0,0,Unknown
34.4000_5.0800,34.4,5.08,22.37,42.53,186.1,8.2,7.3,3.65,9.76,7,Clay
34.4000_5.1600,34.4,5.16,22.21,43.75,163.9,8.3,6.9,3.45,9.2,4.9,Clay
34.4000_5.2400,34.4,5.24,22.21,43.75,163.9,8.3,6.6,3.3,9.12,5.2,Loamy
34.4000_5.3200,34.4,5.32,22.28,44.02,178.4,8.2,7.2,3.6,9.36,5.7,Silt
34.4000_5.4000,34.4,5.4,22.37,44.09,183.8,8.3,7.9,3.95,9.04,7.6,Silt
34.4000_5.4800,34.4,5.48,22.37,44.09,183.8,8.3,7.4,3.7,9.12,6.6,Silt
34.4000_5.5600,34.4,5.56,22.52,44.2,205.1,8.3,8.4,4.2,8.72,6.3,Silt
34.4000_5.6400,34.4,5.64,22.71,44.05,210.6,8.3,7.6,3.8,9.04,6.5,Silt
34.4000_5.7200,34.4,5.72,22.91,43.8,188.6,8.3,7.4,3.7,9.04,6.8,Silt
34.4000_5.8000,34.4,5.8,22.91,43.8,188.6,8.2,8.4,4.2,9.6,4.9,Clay
34.4000_5.8800,34.4,5.88,23.11,43.48,173.8,8.2,8,4,9.6,4.6,Silt
34.4000_5.9600,34.4,5.96,23.33,43.06,153.4,8.1,9.4,4.7,16.48,11.7,Clay
34.4000_6.0400,34.4,6.04,23.33,43.06,153.4,8.1,11.3,5.65,12.16,13.5,Silt
34.4000_6.1200,34.4,6.12,23.8,42.62,178.6,8.1,14,7,17.12,22.8,Silt
34.4000_6.2000,34.4,6.2,23.83,42.77,169.4,8.2,14.4,7.2,16.88,16.1,Silt
34.4000_6.2800,34.4,6.28,23.83,42.77,169.4,8.1,12.1,6.05,16.32,17.6,Clay
34.4000_6.3600,34.4,6.36,23.67,43.14,157.1,8.1,9.9,4.95,15.6,13.8,Clay
34.4000_6.4400,34.4,6.44,23.47,43.6,164.8,8.1,10.3,5.15,17.28,13.3,Silt
34.4000_6.5200,34.4,6.52,23.35,43.58,152.1,8.2,11.3,5.65,14.08,8.5,Silt
34.4000_6.6000,34.4,6.6,23.35,43.58,152.1,8.1,10.3,5.15,15.92,11.9,Silt
34.4000_6.6800,34.4,6.68,22.98,44.67,142.2,8.1,10.4,5.2,16.8,13.5,Silt
34.4000_6.7600,34.4,6.76,23.05,44.89,154.1,8.1,9.7,4.85,16.56,14.4,Silt
34.4000_6.8400,34.4,6.84,23.05,44.89,154.1,8.2,9.1,4.55,13.6,14.4,Silt
34.4000_6.9200,34.4,6.92,23.18,43.77,154.7,8.3,6.7,3.35,10.16,7.1,Silt
34.4000_7.0000,34.4,7,22.98,44.27,143.5,8.3,5.5,2.75,9.68,5.4,Silt
34.4000_7.0800,34.4,7.08,22.71,44.81,134.5,8.3,4.9,2.45,9.12,5,Silt
34.4000_7.1600,34.4,7.16,22.71,44.81,134.5,8.3,4.9,2.45,9.28,5.6,Silt
34.4000_7.2400,34.4,7.24,22.54,44.55,137.1,8.3,5.1,2.55,8.96,5.4,Silt
34.4000_7.3200,34.4,7.32,22.35,45.07,131.4,8.3,4.9,2.45,8.96,4.6,Silt
34.4000_7.4000,34.4,7.4,22.35,45.07,131.4,8.3,4.8,2.4,9.12,4.3,Loamy
34.4000_7.4800,34.4,7.48,22.24,44.94,163.6,8.3,5.6,2.8,8.4,6.5,Loamy
34.4000_7.5600,34.4,7.56,21.74,45.52,160,8.2,6.6,3.3,9.44,5.6,Silt
34.4000_7.6400,34.4,7.64,21.74,45.52,160,8.2,5.5,2.75,8.64,6,Sandy
34.4000_7.7200,34.4,7.72,19.13,46.34,173.2,8,7.4,3.7,9.92,11.4,Sandy
34.4000_7.8000,34.4,7.8,18.44,47.38,204.5,8,7.2,3.6,10.4,10.9,Sandy
34.4000_7.8800,34.4,7.88,19.33,48.37,216.5,8.1,6.3,3.15,10.8,7.5,Sandy
34.4000_7.9600,34.4,7.96,20.24,48.56,216.5,8.2,5.9,2.95,9.84,9,Loamy
34.4000_8.0400,34.4,8.04,19.97,49.09,234.4,8.2,5.6,2.8,10.08,6.5,Clay
34.4000_8.1200,34.4,8.12,18.86,49.24,240,8.2,5.6,2.8,10.08,7.4,Sandy
34.4000_8.2000,34.4,8.2,19.83,49.45,240,8.2,5.8,2.9,10.16,5.9,Silt
34.4000_8.2800,34.4,8.28,19.88,50.34,223,8.2,5.8,2.9,10.64,6.7,Silt
34.4000_8.3600,34.4,8.36,20.2,50.06,198.3,8.2,5.6,2.8,10.32,6.5,Clay
34.4000_8.4400,34.4,8.44,19.5,50.15,197.2,8.2,5.2,2.6,10.16,6.6,Loamy
34.4000_8.5200,34.4,8.52,19.31,50.08,197.2,8.2,5.4,2.7,9.76,6.4,Clay
34.4000_8.6000,34.4,8.6,21.09,51.35,200.9,8.3,5.5,2.75,9.92,6.1,Clay
34.4000_8.6800,34.4,8.68,20.42,51.56,190.1,8.3,5.1,2.55,9.6,5.8,Clay
34.4800_-2.2000,34.48,-2.2,17.01,54.79,422.4,7.8,8.4,4.2,13.28,12.5,Clay
34.4800_-2.1200,34.48,-2.12,15.74,54.52,422.4,7.7,10.4,5.2,13.52,15.1,Silt
34.4800_-2.0400,34.48,-2.04,17.99,55.9,369.4,7.7,9,4.5,12.72,9.9,Clay
34.4800_-1.9600,34.48,-1.96,16.72,56.87,345.6,7.8,8.9,4.45,13.52,10.8,Clay
34.4800_-1.8800,34.48,-1.88,16.72,56.87,345.6,7.8,8.7,4.35,13.84,9.2,Clay
34.4800_-1.8000,34.48,-1.8,16.07,55.25,454,7.6,9,4.5,13.76,13.3,Silt
34.4800_-1.7200,34.48,-1.72,15.58,56.16,514.5,7.5,11.4,5.7,12.4,10.5,Clay
34.4800_-1.6400,34.48,-1.64,13.13,56.8,516.9,6.9,10,5,12.88,17.3,Clay
34.4800_-1.5600,34.48,-1.56,13.61,56.89,516.9,6.9,9.6,4.8,12.24,16.7,Clay
34.4800_-1.4800,34.48,-1.48,14.08,54.77,421.6,7,9.5,4.75,12.64,15.4,Clay
34.4800_-1.4000,34.48,-1.4,16.05,54.26,335.6,7.5,10.9,5.45,13.52,11.7,Clay
34.4800_-1.3200,34.48,-1.32,16.05,54.26,335.6,7.6,8.9,4.45,11.6,8.8,Clay
34.4800_-1.2400,34.48,-1.24,16.37,54.01,307.3,0,0,0,0,0,Unknown
34.4800_-1.1600,34.48,-1.16,16.15,54.04,335.8,7.7,9.5,4.75,12.64,7.8,Clay
34.4800_-1.0800,34.48,-1.08,16.15,54.04,335.8,7.7,10.6,5.3,12.56,8.9,Clay
34.4800_-1.0000,34.48,-1,16.06,53.94,320.5,7.6,9.9,4.95,12.8,9.2,Clay
34.4800_-0.9200,34.48,-0.92,16.17,53.98,352.5,7.7,9.2,4.6,12.96,8.1,Clay
34.4800_-0.8400,34.48,-0.84,16.06,54.2,332.3,7.9,9.1,4.55,13.04,8.2,Clay
34.4800_-0.7600,34.48,-0.76,16.06,54.2,332.3,7.8,7.8,3.9,12.64,8.7,Clay
34.4800_-0.6800,34.48,-0.68,15.82,54.23,356.1,7.8,8.6,4.3,13.6,9.1,Clay
34.4800_-0.6000,34.48,-0.6,15.79,54.3,332.5,7.8,8,4,12.8,7.8,Clay
34.4800_-0.5200,34.48,-0.52,15.79,54.3,332.5,8,8.6,4.3,12,8.7,Clay
34.4800_-0.4400,34.48,-0.44,15.88,54.18,354.6,7.8,9.8,4.9,12.24,10.3,Clay
34.4800_-0.3600,34.48,-0.36,15.83,54.02,386.3,7.9,10.3,5.15,12.72,9.1,Clay
34.4800_-0.2800,34.48,-0.28,15.72,53.81,417.2,7.8,8.3,4.15,13.84,10,Clay
34.4800_-0.2000,34.48,-0.2,15.72,53.81,417.2,7.9,8.5,4.25,12.24,8.3,Clay
34.4800_-0.1200,34.48,-0.12,15.95,54.81,413.4,7.8,7.4,3.7,12.8,7.8,Clay
34.4800_-0.0400,34.48,-0.04,16.08,55.02,372.1,7.8,8,4,12.56,9.5,Clay
34.4800_0.0400,34.48,0.04,16.08,55.02,372.1,7.9,8.1,4.05,12.16,8.8,Clay
34.4800_0.1200,34.48,0.12,16.11,54.96,356.1,8,8.4,4.2,12.24,8.8,Clay
34.4800_0.2000,34.48,0.2,16.15,54.62,342.7,7.8,8.2,4.1,12.48,8.4,Clay
34.4800_0.2800,34.48,0.28,16.15,54.62,342.7,7.9,7.4,3.7,12.64,7,Clay
34.4800_0.3600,34.48,0.36,16.29,54.26,324.5,7.9,7.6,3.8,12.8,7.7,Clay
34.4800_0.4400,34.48,0.44,16.38,53.69,285.1,7.9,8.6,4.3,12.32,9.1,Clay
34.4800_0.5200,34.48,0.52,16.41,53.73,276.7,7.9,7.8,3.9,11.76,8.6,Clay
34.4800_0.6000,34.48,0.6,16.41,53.73,276.7,7.9,8,4,11.76,10.8,Clay
34.4800_0.6800,34.48,0.68,16.54,53.25,270.3,7.8,7.8,3.9,12.88,9.9,Clay
34.4800_0.7600,34.48,0.76,16.81,52.78,289.2,7.9,7.1,3.55,11.44,10.3,Clay
34.4800_0.8400,34.48,0.84,16.81,52.78,289.2,7.8,7.8,3.9,12.64,6.6,Clay
34.4800_0.9200,34.48,0.92,17.16,52.35,326.9,7.9,8,4,11.76,15.9,Clay
34.4800_1.0000,34.48,1,17.1,52.78,351.2,7.9,9.1,4.55,13.12,18.5,Clay
34.4800_1.0800,34.48,1.08,16.73,52.7,345.4,7.9,7.6,3.8,12.88,7.6,Clay
34.4800_1.1600,34.48,1.16,16.73,52.7,345.4,7.9,8.1,4.05,12.24,7,Clay
34.4800_1.2400,34.48,1.24,16.5,53.13,340,7.9,7.9,3.95,11.6,7.2,Clay
34.4800_1.3200,34.48,1.32,16.48,52.37,343.1,8,7.8,3.9,12.48,8.3,Clay
34.4800_1.4000,34.48,1.4,16.48,52.37,343.1,8,7.6,3.8,11.2,8.1,Clay
34.4800_1.4800,34.48,1.48,16.64,51.19,327.2,8,7.5,3.75,10.96,8.6,Clay
34.4800_1.5600,34.48,1.56,16.68,50.74,354.5,8,7.7,3.85,12.08,8.5,Clay
34.4800_1.6400,34.48,1.64,16.68,50.74,354.5,8,7.8,3.9,11.76,8.2,Clay
34.4800_1.7200,34.48,1.72,16.56,50.6,332.9,8,8.4,4.2,11.68,8.4,Clay
34.4800_1.8000,34.48,1.8,16.36,51.27,365.2,8,7.1,3.55,11.6,9,Clay
34.4800_1.8800,34.48,1.88,16.35,51.28,368.9,8,7.4,3.7,12.08,9.3,Clay
34.4800_1.9600,34.48,1.96,16.35,51.28,368.9,8,7.2,3.6,11.76,8.6,Clay
34.4800_2.0400,34.48,2.04,15.74,51.01,370.7,7.9,8.3,4.15,11.92,9.5,Clay
34.4800_2.1200,34.48,2.12,15.99,50.5,362.8,7.9,8,4,11.28,10,Clay
34.4800_2.2000,34.48,2.2,16.66,50.62,362.8,7.9,7.5,3.75,12.32,9.1,Clay
34.4800_2.2800,34.48,2.28,16.93,49.69,330,8,7.1,3.55,12.08,8.9,Clay
34.4800_2.3600,34.48,2.36,16.85,50.06,367.7,7.9,8.6,4.3,12.64,8.2,Clay
34.4800_2.4400,34.48,2.44,16.63,51.15,406.9,7.8,9.5,4.75,13.68,9.5,Silt
34.4800_2.5200,34.48,2.52,16.63,51.15,406.9,8,8.4,4.2,11.84,8.3,Clay
34.4800_2.6000,34.48,2.6,16.02,51.22,438.7,7.9,8.5,4.25,12.08,8.4,Clay
34.4800_2.6800,34.48,2.68,15.33,52.61,449,7.9,9.6,4.8,13.92,8.7,Silt
34.4800_2.7600,34.48,2.76,15.33,52.61,449,7.8,8.5,4.25,14.32,8,Silt
34.4800_2.8400,34.48,2.84,14.67,53.13,442.6,7.6,9.1,4.55,13.76,13.9,Clay
34.4800_2.9200,34.48,2.92,13.82,54.31,420,7.6,9.4,4.7,13.36,12.1,Clay
34.4800_3.0000,34.48,3,14.55,54.48,420,7.8,8.8,4.4,14.72,10.1,Clay
34.4800_3.0800,34.48,3.08,14.88,53.04,367.1,7.8,10.3,5.15,13.52,9.3,Silt
34.4800_3.1600,34.48,3.16,15.15,53.31,364.7,7.8,8.3,4.15,12.56,9,Clay
34.4800_3.2400,34.48,3.24,15.51,52.79,379.4,8,7.7,3.85,12.72,7.7,Clay
34.4800_3.3200,34.48,3.32,15.51,52.79,379.4,7.9,6.9,3.45,11.84,10.1,Clay
34.4800_3.4000,34.48,3.4,15.46,51.64,345.6,7.9,7.2,3.6,11.44,9.2,Clay
34.4800_3.4800,34.48,3.48,16.7,50.61,283.1,8.1,6.1,3.05,10.8,8.2,Clay
34.4800_3.5600,34.48,3.56,16.7,50.61,283.1,8.1,6.7,3.35,11.68,7.4,Clay
34.4800_3.6400,34.48,3.64,16.54,50.74,253.4,8.1,6.8,3.4,12.16,9.7,Clay
34.4800_3.7200,34.48,3.72,15.85,52.13,310.3,8.1,6.8,3.4,11.92,7.9,Clay
34.4800_3.8000,34.48,3.8,15.63,53.05,339,8,7.5,3.75,13.04,8.1,Clay
34.4800_3.8800,34.48,3.88,15.63,53.05,339,7.9,8.8,4.4,10.88,8.1,Clay
34.4800_3.9600,34.48,3.96,16.45,51.2,422.4,8.1,6.9,3.45,10.96,9.6,Clay
34.4800_4.0400,34.48,4.04,17.98,47.99,329.4,8.1,7.6,3.8,9.12,9.5,Sandy
34.4800_4.1200,34.48,4.12,17.98,47.99,329.4,8.2,6,3,8.24,8.8,Sandy
34.4800_4.2000,34.48,4.2,19.36,45.4,265.9,8.2,5.5,2.75,8.08,7.5,Sandy
34.4800_4.2800,34.48,4.28,20.33,44.11,254.5,8.2,5.6,2.8,8,7.6,Sandy
34.4800_4.3600,34.48,4.36,20.33,44.11,254.5,8.2,6.9,3.45,8.08,6.4,Loamy
34.4800_4.4400,34.48,4.44,20.76,44.23,232.2,8.2,5.2,2.6,9.2,5.2,Silt
34.4800_4.5200,34.48,4.52,21.13,43.86,208.2,8.2,7.8,3.9,9.2,5.7,Loamy
34.4800_4.6000,34.48,4.6,21.37,43.88,187.1,8.3,7.7,3.85,8.56,6,Clay
34.4800_4.6800,34.48,4.68,21.37,43.88,187.1,8.3,4.5,2.25,8.96,8.2,Sandy
34.4800_4.7600,34.48,4.76,21.53,44.18,172.1,8.3,4.4,2.2,9.04,5.8,Silt
34.4800_4.8400,34.48,4.84,21.67,44.49,194,8.3,4.8,2.4,10.48,4.9,Silt
34.4800_4.9200,34.48,4.92,21.67,44.49,194,8.3,4.8,2.4,10.24,5.6,Silt
34.4800_5.0000,34.48,5,21.88,44.34,200.4,8.2,4.4,2.2,10.8,4.4,Silt
34.4800_5.0800,34.48,5.08,22.18,43.57,209.3,8.1,6.4,3.2,8.64,10.2,Clay
34.4800_5.1600,34.48,5.16,22.31,43.63,171.4,8.3,6.8,3.4,8.64,6.3,Silt
34.4800_5.2400,34.48,5.24,22.31,43.63,171.4,8.3,6.9,3.45,9.44,5.7,Loamy
34.4800_5.3200,34.48,5.32,22.37,43.99,168.2,8.3,7.6,3.8,9.12,7.4,Silt
34.4800_5.4000,34.48,5.4,22.34,44.57,180.3,8.3,7.7,3.85,8.88,8.4,Silt
34.4800_5.4800,34.48,5.48,22.34,44.57,180.3,8.3,8.5,4.25,9.12,8.3,Silt
34.4800_5.5600,34.48,5.56,22.41,44.79,181.7,8.3,5.3,2.65,8.56,6,Silt
34.4800_5.6400,34.48,5.64,22.59,44.55,187.6,8.3,7.3,3.65,9.76,6.1,Silt
34.4800_5.7200,34.48,5.72,22.59,44.55,187.6,8.3,8.4,4.2,9.76,6.2,Silt
34.4800_5.8000,34.48,5.8,22.78,44.08,194,8.3,8.1,4.05,9.52,6,Silt
34.4800_5.8800,34.48,5.88,23.07,43.34,218.7,8.2,8.4,4.2,9.76,5.2,Clay
34.4800_5.9600,34.48,5.96,23.38,42.83,187.8,8.2,12.3,6.15,14.96,14.5,Clay
34.4800_6.0400,34.48,6.04,23.38,42.83,187.8,8.1,12.4,6.2,16,14.9,Clay
34.4800_6.1200,34.48,6.12,23.74,42.61,176.5,8.1,9.3,4.65,17.2,14,Silt
34.4800_6.2000,34.48,6.2,23.68,42.74,158.1,8.1,10.9,5.45,18.48,16.9,Silt
34.4800_6.2800,34.48,6.28,23.68,42.74,158.1,8.2,9.9,4.95,17.44,15.9,Silt
34.4800_6.3600,34.48,6.36,23.42,43.2,173.6,8.2,9.3,4.65,16.24,14.6,Silt
34.4800_6.4400,34.48,6.44,23.39,43.5,162.4,8.2,9.1,4.55,16.4,14.8,Silt
34.4800_6.5200,34.48,6.52,23.31,43.83,159,8,11.1,5.55,18.4,11.5,Silt
34.4800_6.6000,34.48,6.6,23.31,43.83,159,8.3,9.7,4.85,15.44,16.5,Silt
34.4800_6.6800,34.48,6.68,23.01,44.73,146.4,8.3,9.3,4.65,13.36,13.5,Silt
34.4800_6.7600,34.48,6.76,22.87,44.94,162.9,8.3,9.7,4.85,13.92,15.4,Silt
34.4800_6.8400,34.48,6.84,22.87,44.94,162.9,8.3,5.5,2.75,10.72,10.4,Silt
34.4800_6.9200,34.48,6.92,22.98,44.04,155.6,8.3,5.4,2.7,10.72,6.8,Silt
34.4800_7.0000,34.48,7,22.9,44.19,144.7,8.2,4.9,2.45,9.92,6.2,Silt
34.4800_7.0800,34.48,7.08,22.9,44.19,144.7,8.3,5.3,2.65,8.72,5.4,Clay
34.4800_7.1600,34.48,7.16,22.69,44.3,143.9,8.2,6.5,3.25,9.52,10.2,Silt
34.4800_7.2400,34.48,7.24,22.34,44.89,132.7,8.2,5.4,2.7,9.12,6.9,Silt
34.4800_7.3200,34.48,7.32,22.08,45.39,140.6,8.2,4.9,2.45,9.04,5.1,Loamy
34.4800_7.4000,34.48,7.4,22.08,45.39,140.6,8.3,5.2,2.6,8.08,7.2,Loamy
34.4800_7.4800,34.48,7.48,21.72,45.77,164.9,8.3,5.4,2.7,8.24,6,Sandy
34.4800_7.5600,34.48,7.56,21.01,46.74,170.4,8.2,5.4,2.7,8.72,7.8,Loamy
34.4800_7.6400,34.48,7.64,21.01,46.74,170.4,8.2,4.7,2.35,9.28,5.5,Silt
34.4800_7.7200,34.48,7.72,20.09,48.62,195.9,8.2,5.7,2.85,9.52,6.9,Silt
34.4800_7.8000,34.48,7.8,19.58,49.96,198.1,8.2,4.9,2.45,8.4,6,Clay
34.4800_7.8800,34.48,7.88,19.36,50.35,225.2,8.3,5.8,2.9,9.44,6.3,Clay
34.4800_7.9600,34.48,7.96,19.36,50.35,225.2,8.1,5.1,2.55,8.88,6.5,Clay
34.4800_8.0400,34.48,8.04,19.14,50.32,244.4,8.1,6.1,3.05,10.64,8.1,Clay
34.4800_8.1200,34.48,8.12,18.9,51.65,225.1,8.2,6,3,9.92,7.7,Sandy
34.4800_8.2000,34.48,8.2,18.9,51.65,225.1,8.2,6.7,3.35,9.84,8.8,Clay
34.4800_8.2800,34.48,8.28,19.26,51.12,208.7,8.2,6,3,9.92,7.2,Clay
34.4800_8.3600,34.48,8.36,19.46,51.19,204.4,8.2,5.4,2.7,9.2,7,Silt
34.4800_8.4400,34.48,8.44,19.46,51.19,204.4,8.1,7.5,3.75,9.28,8.2,Silt
34.4800_8.5200,34.48,8.52,19.59,51.11,201.8,8.1,6.7,3.35,9.04,8,Clay
34.4800_8.6000,34.48,8.6,19.59,52.28,211.4,8.1,6.7,3.35,10,7,Clay
34.4800_8.6800,34.48,8.68,18.34,52.25,244.4,8,7.7,3.85,10.16,8.9,Clay
34.5600_-2.2000,34.56,-2.2,17.92,54.53,335.1,7.7,10.2,5.1,13.68,9.8,Clay
34.5600_-2.1200,34.56,-2.12,17.92,54.53,335.1,7.6,9.8,4.9,13.76,10,Clay
34.5600_-2.0400,34.56,-2.04,18.28,56.02,352.7,7.8,8.2,4.1,13.52,8.8,Clay
34.5600_-1.9600,34.56,-1.96,17.52,55.78,355.9,7.7,8.9,4.45,12.8,10.5,Clay
34.5600_-1.8800,34.56,-1.88,17.52,55.78,355.9,7.8,7.8,3.9,13.2,10.9,Clay
34.5600_-1.8000,34.56,-1.8,15.03,55.78,488,7.3,10.2,5.1,12.64,16,Silt
34.5600_-1.7200,34.56,-1.72,13.95,57.52,631.6,7.1,9.3,4.65,11.92,15.8,Clay
34.5600_-1.6400,34.56,-1.64,15.78,57.41,622.7,7.5,9.8,4.9,12,13.3,Silt
34.5600_-1.5600,34.56,-1.56,15.53,58.16,622.4,7.3,10.2,5.1,10.8,14.2,Silt
34.5600_-1.4800,34.56,-1.48,16.15,56.81,473.6,7.5,10.4,5.2,12.88,12.8,Clay
34.5600_-1.4000,34.56,-1.4,15.37,54.64,388.6,7.3,9.6,4.8,12.88,15.2,Clay
34.5600_-1.3200,34.56,-1.32,16.16,54.82,388.6,7.5,9.9,4.95,12.96,10.8,Clay
34.5600_-1.2400,34.56,-1.24,16.36,54.64,346.8,7.5,10.4,5.2,12.72,10.1,Clay
34.5600_-1.1600,34.56,-1.16,16.01,54.81,339.8,7.7,9.1,4.55,13.76,8.5,Clay
34.5600_-1.0800,34.56,-1.08,16.01,54.81,339.8,7.6,14.2,7.1,13.04,10.1,Clay
34.5600_-1.0000,34.56,-1,15.92,54.36,346.7,7.6,9.2,4.6,13.2,12.2,Clay
34.5600_-0.9200,34.56,-0.92,16.07,53.87,329.1,7.6,9.4,4.7,11.92,9.2,Clay
34.5600_-0.8400,34.56,-0.84,15.97,55.18,346.7,7.9,9.4,4.7,12.8,7.6,Clay
34.5600_-0.7600,34.56,-0.76,15.97,55.18,346.7,7.8,8.6,4.3,14.32,9.5,Clay
34.5600_-0.6800,34.56,-0.68,15.63,54.8,384.2,7.9,9,4.5,12.8,9.6,Clay
34.5600_-0.6000,34.56,-0.6,15.59,55.68,360.1,7.9,8.2,4.1,13.44,9.4,Clay
34.5600_-0.5200,34.56,-0.52,15.59,55.68,360.1,7.9,9.4,4.7,13.36,8.1,Clay
34.5600_-0.4400,34.56,-0.44,15.85,54.16,358.9,7.9,8.7,4.35,12.48,9.9,Clay
34.5600_-0.3600,34.56,-0.36,15.81,55.15,402.2,7.9,9.1,4.55,12,9.8,Silt
34.5600_-0.2800,34.56,-0.28,15.58,54.44,434.6,7.9,10.1,5.05,11.68,9.2,Clay
34.5600_-0.2000,34.56,-0.2,15.58,54.44,434.6,7.8,11.1,5.55,13.28,9.3,Silt
34.5600_-0.1200,34.56,-0.12,15.51,55.02,432.9,7.8,10.7,5.35,13.36,8.5,Silt
34.5600_-0.0400,34.56,-0.04,15.63,55.18,383.2,7.7,9.1,4.55,13.84,8.3,Clay
34.5600_0.0400,34.56,0.04,15.63,55.18,383.2,7.8,10.1,5.05,14.16,8.9,Clay
34.5600_0.1200,34.56,0.12,15.74,55.43,398.8,7.8,10.2,5.1,14.56,10,Clay
34.5600_0.2000,34.56,0.2,15.8,54.33,386.5,7.7,9.6,4.8,14.8,9.4,Clay
34.5600_0.2800,34.56,0.28,15.8,54.33,386.5,7.8,8.2,4.1,13.76,9.3,Clay
34.5600_0.3600,34.56,0.36,15.99,53.85,327.2,7.7,8.1,4.05,13.2,8.6,Silt
34.5600_0.4400,34.56,0.44,16.15,54.25,323,7.8,7.7,3.85,13.84,8.4,Clay
34.5600_0.5200,34.56,0.52,16.18,54.23,312.3,7.8,8.4,4.2,12.8,8,Clay
34.5600_0.6000,34.56,0.6,16.18,54.23,312.3,7.8,8,4,12.96,8.8,Clay
34.5600_0.6800,34.56,0.68,16.2,54.16,304.6,7.8,8.1,4.05,13.2,12,Clay
34.5600_0.7600,34.56,0.76,16.33,54.28,290.5,7.8,7.8,3.9,12.08,7.9,Clay
34.5600_0.8400,34.56,0.84,16.33,54.28,290.5,7.9,8.3,4.15,12.8,8,Clay
34.5600_0.9200,34.56,0.92,16.65,53.77,335.6,7.8,7.9,3.95,12.24,20.8,Clay
34.5600_1.0000,34.56,1,16.84,53.26,372.3,7.8,7.9,3.95,12.56,7.6,Clay
34.5600_1.0800,34.56,1.08,16.79,53.54,351.1,7.9,8.1,4.05,12.4,18.2,Clay
34.5600_1.1600,34.56,1.16,16.79,53.54,351.1,7.9,7.7,3.85,11.92,13.5,Clay
34.5600_1.2400,34.56,1.24,16.61,52.9,355.7,7.8,8.1,4.05,14.16,7.1,Clay
34.5600_1.3200,34.56,1.32,16.43,53.25,329.9,7.8,12.3,6.15,14.96,27.3,Clay
34.5600_1.4000,34.56,1.4,16.43,53.25,329.9,7.9,7.9,3.95,12.56,7.6,Clay
34.5600_1.4800,34.56,1.48,16.47,52.37,326.5,7.9,8.2,4.1,11.36,8.8,Clay
34.5600_1.5600,34.56,1.56,16.6,51.35,314.7,8,8.1,4.05,12,9.6,Clay
34.5600_1.6400,34.56,1.64,16.6,51.35,314.7,8,7.9,3.95,11.92,8.2,Clay
34.5600_1.7200,34.56,1.72,16.61,51.15,322.4,8,7.1,3.55,11.36,7.3,Clay
34.5600_1.8000,34.56,1.8,16.58,51.21,329.4,7.9,8.3,4.15,12.32,8.7,Clay
34.5600_1.8800,34.56,1.88,16.61,51.14,344.4,8,7.5,3.75,10.72,8.7,Clay
34.5600_1.9600,34.56,1.96,16.61,51.14,344.4,8,7.1,3.55,11.12,8.8,Clay
34.5600_2.0400,34.56,2.04,16.69,50.89,364.6,8,7.2,3.6,11.36,8.5,Clay
34.5600_2.1200,34.56,2.12,16.78,50.99,364.6,8,6.6,3.3,11.28,8.6,Clay
34.5600_2.2000,34.56,2.2,16.78,50.99,364.6,8,7.4,3.7,11.44,8.4,Clay
34.5600_2.2800,34.56,2.28,16.92,50.47,333.6,8,7.6,3.8,10.8,8.2,Clay
34.5600_2.3600,34.56,2.36,16.9,50.63,359.9,7.9,7.7,3.85,11.52,9.7,Clay
34.5600_2.4400,34.56,2.44,16.9,50.63,359.9,8,7.9,3.95,11.84,9.5,Clay
34.5600_2.5200,34.56,2.52,16.67,51.22,405.2,8,8,4,11.44,8.6,Clay
34.5600_2.6000,34.56,2.6,16.24,51.76,438.9,8,7.6,3.8,10.72,8.9,Clay
34.5600_2.6800,34.56,2.68,15.68,51.91,477.6,7.8,10.3,5.15,13.76,8.7,Clay
34.5600_2.7600,34.56,2.76,14.88,51.76,477.6,7.6,9.7,4.85,14.8,14.5,Clay
34.5600_2.8400,34.56,2.84,14.97,53.79,529.9,7.7,9.6,4.8,15.04,13.1,Clay
34.5600_2.9200,34.56,2.92,15.62,53.28,471.9,7.8,8.8,4.4,13.52,9.3,Clay
34.5600_3.0000,34.56,3,14.83,53.12,471.9,7.7,8.8,4.4,14.16,12.2,Clay
34.5600_3.0800,34.56,3.08,14.96,53.1,414.4,7.7,10.2,5.1,14,9.9,Clay
34.5600_3.1600,34.56,3.16,15.02,53.73,379.1,7.8,10.4,5.2,13.36,8.6,Clay
34.5600_3.2400,34.56,3.24,15.18,53.68,370.2,7.9,10.2,5.1,13.12,8.5,Silt
34.5600_3.3200,34.56,3.32,15.18,53.68,370.2,7.9,10.8,5.4,12.32,9,Clay
34.5600_3.4000,34.56,3.4,14.78,53.15,348.6,7.9,9.3,4.65,13.12,9.1,Clay
34.5600_3.4800,34.56,3.48,15.84,52.61,310.9,8,6.9,3.45,11.2,9.1,Clay
34.5600_3.5600,34.56,3.56,15.84,52.61,310.9,8,7.1,3.55,11.52,7.8,Clay
34.5600_3.6400,34.56,3.64,16.01,52.21,284.6,8,6.9,3.45,12.16,9.1,Clay
34.5600_3.7200,34.56,3.72,15.96,52.39,274.8,8,6.9,3.45,11.68,7.3,Clay
34.5600_3.8000,34.56,3.8,15.96,52.39,274.8,8,7,3.5,11.52,7.5,Silt
34.5600_3.8800,34.56,3.88,15.96,52.54,285.5,8,6.7,3.35,12.08,8,Clay
34.5600_3.9600,34.56,3.96,16.27,52.05,319.2,8,7,3.5,12,8,Clay
34.5600_4.0400,34.56,4.04,16.08,52.02,319.2,8,7,3.5,11.6,8,Clay
34.5600_4.1200,34.56,4.12,17.1,50.32,338.2,8.2,6.3,3.15,9.44,9,Sandy
34.5600_4.2000,34.56,4.2,18.29,47.63,315,8.1,6.7,3.35,7.84,9.2,Clay
34.5600_4.2800,34.56,4.28,19.43,45.57,303.7,8.1,6.3,3.15,8.32,9.7,Sandy
34.5600_4.3600,34.56,4.36,19.43,45.57,303.7,8.1,7.5,3.75,9.04,8.9,Loamy
34.5600_4.4400,34.56,4.44,19.47,44.41,249.3,8.1,7.7,3.85,8.56,8.1,Sandy
34.5600_4.5200,34.56,4.52,20.71,44.28,227.9,8.1,5.6,2.8,7.92,7.7,Sandy
34.5600_4.6000,34.56,4.6,21.04,43.7,231.1,8.2,6.7,3.35,9.04,8.3,Sandy
34.5600_4.6800,34.56,4.68,21.04,43.7,231.1,8.3,7.5,3.75,8.64,5.2,Loamy
34.5600_4.7600,34.56,4.76,21.26,44.55,228.7,8.3,4.2,2.1,9.04,4,Loamy
34.5600_4.8400,34.56,4.84,21.61,44.5,203.5,8.3,4.3,2.15,8.8,4.6,Sandy
34.5600_4.9200,34.56,4.92,21.61,44.5,203.5,8.3,4.7,2.35,10.56,4.9,Silt
34.5600_5.0000,34.56,5,21.97,44.04,193.6,8.2,6.1,3.05,12.8,7.5,Silt
34.5600_5.0800,34.56,5.08,22.25,43.94,210,8.3,4.3,2.15,10,5,Silt
34.5600_5.1600,34.56,5.16,22.25,43.94,210,8.3,4.2,2.1,8.96,5.1,Silt
34.5600_5.2400,34.56,5.24,22.43,43.79,198.1,8.3,7.3,3.65,10,6.5,Silt
34.5600_5.3200,34.56,5.32,22.54,43.65,164.3,8.2,9.2,4.6,9.92,8.2,Silt
34.5600_5.4000,34.56,5.4,22.43,44.76,167.7,8.3,8.2,4.1,8.8,7.9,Silt
34.5600_5.4800,34.56,5.48,22.43,44.76,167.7,8.3,5.2,2.6,8.48,6.8,Silt
34.5600_5.5600,34.56,5.56,22.53,44.64,181.4,8.3,7.8,3.9,9.04,8.6,Silt
34.5600_5.6400,34.56,5.64,22.69,44.49,194.9,8.3,9.1,4.55,8.88,6.5,Silt
34.5600_5.7200,34.56,5.72,22.69,44.49,194.9,8.3,8.5,4.25,9.04,7.5,Silt
34.5600_5.8000,34.56,5.8,22.82,44.16,214.1,8.4,8.8,4.4,9.2,6.1,Silt
34.5600_5.8800,34.56,5.88,23.07,43.5,276.9,8.3,8.4,4.2,9.84,5.9,Silt
34.5600_5.9600,34.56,5.96,23.32,42.83,239.3,8.3,8.6,4.3,10.32,9.2,Clay
34.5600_6.0400,34.56,6.04,23.32,42.83,239.3,8.3,11.5,5.75,17.04,11.8,Silt
34.5600_6.1200,34.56,6.12,23.41,42.85,162,8.2,9.2,4.6,15.84,12.8,Silt
34.5600_6.2000,34.56,6.2,23.21,43.33,162.7,8.2,10.2,5.1,16.96,15.9,Silt
34.5600_6.2800,34.56,6.28,23.21,43.33,162.7,8.2,9.3,4.65,16.72,13.7,Silt
34.5600_6.3600,34.56,6.36,23.16,43.79,164.4,8.2,9,4.5,15.92,15,Silt
34.5600_6.4400,34.56,6.44,23.32,43.34,165.5,8.3,8.1,4.05,13.6,15.6,Silt
34.5600_6.5200,34.56,6.52,23.32,43.34,165.5,8.3,7.3,3.65,13.12,9.2,Clay
34.5600_6.6000,34.56,6.6,23.22,43.86,148.6,8.3,5.3,2.65,9.6,7.1,Clay
34.5600_6.6800,34.56,6.68,22.98,44.47,158.4,8.3,5.4,2.7,10.16,5.7,Silt
34.5600_6.7600,34.56,6.76,22.88,44.08,180.1,8.3,5.4,2.7,8.8,4.5,Clay
34.5600_6.8400,34.56,6.84,22.88,44.08,180.1,8.2,6,3,11.12,7.3,Silt
34.5600_6.9200,34.56,6.92,22.77,43.91,194,8.2,6,3,10.56,7.6,Silt
34.5600_7.0000,34.56,7,22.53,44.86,185.6,8.3,4.6,2.3,10.24,4.9,Silt
34.5600_7.0800,34.56,7.08,22.53,44.86,185.6,8.3,4.7,2.35,9.44,4.7,Silt
34.5600_7.1600,34.56,7.16,22.39,44.64,183.1,8.2,4.5,2.25,8.72,5.7,Clay
34.5600_7.2400,34.56,7.24,22.09,45.51,158.9,8.3,4.7,2.35,8.96,4,Clay
34.5600_7.3200,34.56,7.32,22.09,45.51,158.9,8.2,4.5,2.25,8.72,4.4,Loamy
34.5600_7.4000,34.56,7.4,21.83,45.71,168.5,8.2,6,3,9.2,8.6,Sandy
34.5600_7.4800,34.56,7.48,21.33,46.65,185.8,8.2,5.5,2.75,9.2,4.4,Sandy
34.5600_7.5600,34.56,7.56,20.51,47.77,196.4,8.2,5.3,2.65,8.56,5.6,Silt
34.5600_7.6400,34.56,7.64,20.51,47.77,196.4,8.1,5.6,2.8,8.8,6.8,Silt
34.5600_7.7200,34.56,7.72,19.57,49.78,188,8.2,5,2.5,8.48,5.6,Silt
34.5600_7.8000,34.56,7.8,19.14,50.37,193.9,8.1,5.5,2.75,9.04,7.3,Loamy
34.5600_7.8800,34.56,7.88,18.2,51.09,204.5,8.2,5.8,2.9,9.84,8.2,Loamy
34.5600_7.9600,34.56,7.96,18.87,51.18,210.8,8.2,5.9,2.95,8.96,9.6,Sandy
34.5600_8.0400,34.56,8.04,18.57,51.49,220.1,8.1,5.9,2.95,9.28,8.4,Sandy
34.5600_8.1200,34.56,8.12,18.43,51.78,210,8.1,6.4,3.2,10.08,9,Clay
34.5600_8.2000,34.56,8.2,18.43,51.78,210,8.1,7.4,3.7,10.72,10.5,Sandy
34.5600_8.2800,34.56,8.28,18.67,52.1,207.1,8.1,6.2,3.1,10.48,9.3,Clay
34.5600_8.3600,34.56,8.36,18.14,52.42,225.8,8.1,6.2,3.1,9.6,9.8,Sandy
34.5600_8.4400,34.56,8.44,18.15,52.42,225.8,8,6.8,3.4,10.4,10.2,Sandy
34.5600_8.5200,34.56,8.52,19.07,51.99,218.1,8,6.9,3.45,11.2,12,Sandy
34.5600_8.6000,34.56,8.6,19.14,52.58,221.5,8.2,6.3,3.15,8.48,9.7,Sandy
34.5600_8.6800,34.56,8.68,19.14,52.58,221.5,8.1,5.4,2.7,8.8,7.8,Clay
34.6400_-2.2000,34.64,-2.2,18.2,56.96,287.6,7.8,7.8,3.9,14,11.1,Clay
34.6400_-2.1200,34.64,-2.12,18.2,56.96,287.6,7.7,11,5.5,13.84,11.4,Clay
34.6400_-2.0400,34.64,-2.04,18.04,57.6,315.9,7.9,8.2,4.1,13.76,7.9,Clay
34.6400_-1.9600,34.64,-1.96,18.29,55.84,360.8,7.8,8.4,4.2,13.92,10.7,Clay
34.6400_-1.8800,34.64,-1.88,18.29,55.84,360.8,7.9,9.1,4.55,13.44,9.6,Clay
34.6400_-1.8000,34.64,-1.8,19.05,54.27,477.8,7.9,8.2,4.1,14.64,10.2,Clay
34.6400_-1.7200,34.64,-1.72,16.89,56.19,590.8,7.8,9,4.5,13.44,11.9,Silt
34.6400_-1.6400,34.64,-1.64,16.98,56.2,590.8,7.8,11.1,5.55,13.36,12.6,Clay
34.6400_-1.5600,34.64,-1.56,18.02,56.46,602.6,7.7,9.4,4.7,12.72,13.3,Clay
34.6400_-1.4800,34.64,-1.48,15.8,57.98,568.9,7.3,10.9,5.45,10.72,15.3,Silt
34.6400_-1.4000,34.64,-1.4,15.98,56.9,444.5,7,9.9,4.95,11.6,13.3,Clay
34.6400_-1.3200,34.64,-1.32,16.98,57.1,444.5,0,0,0,0,0,Unknown
34.6400_-1.2400,34.64,-1.24,15.94,55.58,387.7,7.5,9.1,4.55,13.52,11.3,Clay
34.6400_-1.1600,34.64,-1.16,15.69,54.86,347.4,7.4,9.6,4.8,12,9.2,Clay
34.6400_-1.0800,34.64,-1.08,15.69,54.86,347.4,7.6,9.7,4.85,11.92,12.2,Clay
34.6400_-1.0000,34.64,-1,15.7,54.78,369.2,7.7,9.7,4.85,13.52,12,Clay
34.6400_-0.9200,34.64,-0.92,16.03,55.33,350.2,7.7,9.6,4.8,14,11.8,Clay
34.6400_-0.8400,34.64,-0.84,16.03,55.62,349.8,7.6,10.4,5.2,12.48,11.1,Clay
34.6400_-0.7600,34.64,-0.76,16.03,55.62,349.8,7.6,9.9,4.95,14.16,11.5,Clay
34.6400_-0.6800,34.64,-0.68,14.73,54.27,418.9,7.7,9,4.5,14.8,12.4,Clay
34.6400_-0.6000,34.64,-0.6,15.66,56.03,422.2,7.9,9,4.5,13.6,11.5,Silt
34.6400_-0.5200,34.64,-0.52,16.27,54.4,373.7,7.9,12.4,6.2,13.28,9.8,Clay
34.6400_-0.4400,34.64,-0.44,15.99,54.34,373.7,8,8.5,4.25,12.72,9.5,Clay
34.6400_-0.3600,34.64,-0.36,15.98,55.6,410.9,8,8.7,4.35,13.68,9.1,Clay
34.6400_-0.2800,34.64,-0.28,15.7,55.89,476.1,7.9,10.3,5.15,13.12,12.1,Clay
34.6400_-0.2000,34.64,-0.2,15.7,55.89,476.1,8,9.8,4.9,12.4,9.8,Clay
34.6400_-0.1200,34.64,-0.12,15.51,55.62,476.4,7.8,9.3,4.65,13.44,9.8,Clay
34.6400_-0.0400,34.64,-0.04,15.64,56.07,435.4,7.9,9.3,4.65,13.68,11.4,Clay
34.6400_0.0400,34.64,0.04,15.64,56.07,435.4,7.8,9.3,4.65,13.6,10.5,Clay
34.6400_0.1200,34.64,0.12,15.65,55.94,425,7.7,8.7,4.35,14.64,8.8,Clay
34.6400_0.2000,34.64,0.2,15.63,54.77,437.3,7.7,8.7,4.35,15.6,10.6,Clay
34.6400_0.2800,34.64,0.28,15.63,54.77,437.3,7.7,11.2,5.6,15.68,11.5,Clay
34.6400_0.3600,34.64,0.36,15.74,54.92,400.9,7.6,9.3,4.65,15.2,9.8,Silt
34.6400_0.4400,34.64,0.44,15.85,54.84,336.6,7.7,12.1,6.05,15.68,9.3,Silt
34.6400_0.5200,34.64,0.52,15.97,54.81,354.1,7.7,12.3,6.15,16.56,9.6,Silt
34.6400_0.6000,34.64,0.6,15.97,54.81,354.1,7.8,7.2,3.6,13.76,9.2,Clay
34.6400_0.6800,34.64,0.68,16.03,54.81,358.2,7.7,11.3,5.65,15.52,8,Clay
34.6400_0.7600,34.64,0.76,16.08,54.85,348.6,7.7,8.6,4.3,13.92,8.3,Clay
34.6400_0.8400,34.64,0.84,16.08,54.85,348.6,7.7,8.8,4.4,13.76,11.4,Clay
34.6400_0.9200,34.64,0.92,16.23,54.63,375.1,7.7,8.5,4.25,12.72,8.1,Clay
34.6400_1.0000,34.64,1,16.42,54.13,349.6,7.7,8.1,4.05,12.8,7.6,Clay
34.6400_1.0800,34.64,1.08,16.52,53.97,367.6,7.7,9.1,4.55,12.8,7.5,Clay
34.6400_1.1600,34.64,1.16,16.52,53.97,367.6,7.8,8.3,4.15,12.88,7,Clay
34.6400_1.2400,34.64,1.24,16.41,53.79,366.3,7.9,8.7,4.35,12.8,7.8,Clay
34.6400_1.3200,34.64,1.32,16.43,52.81,357.9,7.9,8.7,4.35,12.96,10.9,Clay
34.6400_1.4000,34.64,1.4,16.43,52.81,357.9,7.8,8.7,4.35,12.32,8.3,Clay
34.6400_1.4800,34.64,1.48,16.36,53.05,325.4,7.9,7.5,3.75,11.92,11.1,Clay
34.6400_1.5600,34.64,1.56,16.42,52.2,313.6,7.9,8.1,4.05,11.84,11,Clay
34.6400_1.6400,34.64,1.64,16.42,52.2,313.6,7.9,8,4,12.4,8.5,Clay
34.6400_1.7200,34.64,1.72,16.53,51.7,308.2,7.9,7.1,3.55,11.84,8.6,Clay
34.6400_1.8000,34.64,1.8,16.7,50.89,329,8,7.3,3.65,11.52,8.3,Clay
34.6400_1.8800,34.64,1.88,16.83,50.92,318.4,8,7.8,3.9,11.6,9.1,Clay
34.6400_1.9600,34.64,1.96,16.83,50.92,318.4,8,6.8,3.4,12.24,7.1,Clay
34.6400_2.0400,34.64,2.04,16.95,50.73,339,8,7.2,3.6,11.36,11,Clay
34.6400_2.1200,34.64,2.12,17.02,50.94,381.4,8,7.4,3.7,11.04,8.3,Clay
34.6400_2.2000,34.64,2.2,17.02,50.94,381.4,8,6.5,3.25,11.28,10,Clay
34.6400_2.2800,34.64,2.28,17.06,50.76,360.5,8,7.6,3.8,11.44,9.1,Clay
34.6400_2.3600,34.64,2.36,16.99,50.99,362.4,8,6.8,3.4,11.12,8.1,Clay
34.6400_2.4400,34.64,2.44,16.99,50.99,362.4,7.9,7.6,3.8,12.08,9.5,Clay
34.6400_2.5200,34.64,2.52,16.96,50.81,392.1,8,6.6,3.3,10.64,9,Clay
34.6400_2.6000,34.64,2.6,16.9,50.84,431.8,8,6.9,3.45,10.88,8.6,Clay
34.6400_2.6800,34.64,2.68,16.48,50.32,490.6,7.9,7.5,3.75,11.2,8.4,Clay
34.6400_2.7600,34.64,2.76,16.48,50.32,490.6,7.9,8,4,11.44,9.2,Silt
34.6400_2.8400,34.64,2.84,16.85,50.23,462.8,7.8,8.7,4.35,12.72,9.1,Clay
34.6400_2.9200,34.64,2.92,16.23,52.66,480,7.8,9.8,4.9,12.48,8.5,Silt
34.6400_3.0000,34.64,3,15.56,52.53,480,7.9,8.6,4.3,13.44,9,Clay
34.6400_3.0800,34.64,3.08,15.51,52.47,447,7.8,10,5,13.44,11.3,Clay
34.6400_3.1600,34.64,3.16,15.48,52.31,428.2,7.9,9.8,4.9,14.32,12,Clay
34.6400_3.2400,34.64,3.24,15.43,52.5,398.2,7.9,9.6,4.8,13.36,8.1,Clay
34.6400_3.3200,34.64,3.32,15.43,52.5,398.2,7.9,9.7,4.85,12.88,8.4,Silt
34.6400_3.4000,34.64,3.4,15.3,53.8,372.8,7.9,10.7,5.35,13.04,8.5,Silt
34.6400_3.4800,34.64,3.48,15.27,54.08,355.8,7.8,12.1,6.05,13.76,9.4,Clay
34.6400_3.5600,34.64,3.56,15.27,54.08,355.8,7.9,7.7,3.85,12.8,8.7,Clay
34.6400_3.6400,34.64,3.64,15.49,53.28,335.4,7.9,8.1,4.05,12.64,8.5,Clay
34.6400_3.7200,34.64,3.72,15.83,52.88,308.6,8,7.6,3.8,12.24,8.2,Clay
34.6400_3.8000,34.64,3.8,15.83,52.88,308.6,8,6.6,3.3,12.32,8.9,Clay
34.6400_3.8800,34.64,3.88,16.1,52.56,280.4,8,6.7,3.35,11.52,7.1,Silt
34.6400_3.9600,34.64,3.96,16.26,52.62,301.3,8,6.3,3.15,10,8.4,Clay
34.6400_4.0400,34.64,4.04,16.6,52.01,336,8.2,6.7,3.35,10.88,7.7,Clay
34.6400_4.1200,34.64,4.12,16.6,52.01,336,8.2,5.7,2.85,11.28,7.3,Clay
34.6400_4.2000,34.64,4.2,17.34,50.31,371.9,8.2,6.2,3.1,10.24,8.8,Clay
34.6400_4.2800,34.64,4.28,17.33,50.31,371.9,8.1,7.9,3.95,9.6,9.9,Clay
34.6400_4.3600,34.64,4.36,18.31,48.27,376.3,8.2,6.1,3.05,8,8.5,Sandy
34.6400_4.4400,34.64,4.44,19.18,46.84,300.1,8.2,7.6,3.8,8.32,8.1,Clay
34.6400_4.5200,34.64,4.52,19.81,45.84,263.1,8.2,5.5,2.75,7.92,7.6,Sandy
34.6400_4.6000,34.64,4.6,19.81,45.84,263.1,8.2,5.3,2.65,7.76,7.2,Sandy
34.6400_4.6800,34.64,4.68,20.37,44.71,244.3,8.2,4.6,2.3,8.48,6.5,Silt
34.6400_4.7600,34.64,4.76,21.03,44.06,255.6,8.2,8.1,4.05,9.2,8.1,Loamy
34.6400_4.8400,34.64,4.84,21.67,44.13,224.6,8.2,6.3,3.15,9.2,6.4,Sandy
34.6400_4.9200,34.64,4.92,21.67,44.13,224.6,8.2,5.6,2.8,10.24,6.2,Silt
34.6400_5.0000,34.64,5,22.14,43.68,193.8,8.3,4.3,2.15,10.64,5.4,Silt
34.6400_5.0800,34.64,5.08,22.35,42.9,211.8,8.1,5.4,2.7,10.56,6.7,Silt
34.6400_5.1600,34.64,5.16,22.35,42.9,211.8,8.2,4.5,2.25,9.76,6.6,Silt
34.6400_5.2400,34.64,5.24,22.43,43.81,197.7,8.3,4.7,2.35,9.44,5.6,Silt
34.6400_5.3200,34.64,5.32,22.64,43.43,193.7,8.3,8.2,4.1,9.2,6.6,Silt
34.6400_5.4000,34.64,5.4,22.76,43.4,188.1,0,0,0,0,0,Unknown
34.6400_5.4800,34.64,5.48,22.76,43.4,188.1,8.2,9.3,4.65,10.8,10.4,Silt
34.6400_5.5600,34.64,5.56,22.76,43.99,184.1,8.2,6.6,3.3,9.44,7.5,Silt
34.6400_5.6400,34.64,5.64,22.91,44.16,189.9,8.3,7.6,3.8,10.16,6.9,Silt
34.6400_5.7200,34.64,5.72,22.91,44.16,189.9,8.4,7.8,3.9,9.52,7.6,Silt
34.6400_5.8000,34.64,5.8,23.08,43.41,232.6,8.3,5.2,2.6,11.36,8.6,Silt
34.6400_5.8800,34.64,5.88,23.29,42.42,228.2,8.1,7.2,3.6,14.4,8.9,Silt
34.6400_5.9600,34.64,5.96,23.29,42.42,228.2,8.2,7.9,3.95,13.6,8.2,Silt
34.6400_6.0400,34.64,6.04,23.47,42.17,252.8,8.1,11.5,5.75,16.72,11.7,Silt
34.6400_6.1200,34.64,6.12,23.33,43.25,202.2,8.3,8.3,4.15,17.2,13.2,Silt
34.6400_6.2000,34.64,6.2,23.16,43.54,182.4,8.3,9.2,4.6,14.88,10.9,Silt
34.6400_6.2800,34.64,6.28,23.16,43.54,182.4,8.3,9.6,4.8,16.4,10.9,Silt
34.6400_6.3600,34.64,6.36,23.08,43.31,159,8.3,6.1,3.05,11.28,5.9,Silt
34.6400_6.4400,34.64,6.44,23.07,43.18,176.8,8.3,5.9,2.95,12.96,6.2,Silt
34.6400_6.5200,34.64,6.52,23.07,43.18,176.8,8.3,5.8,2.9,11.68,4.6,Silt
34.6400_6.6000,34.64,6.6,22.98,43.48,193.4,8.3,5.1,2.55,9.52,5.2,Silt
34.6400_6.6800,34.64,6.68,23,43.69,188.2,8.2,6,3,9.04,7.9,Silt
34.6400_6.7600,34.64,6.76,23,43.69,188.2,8.3,5.4,2.7,8.72,5.9,Silt
34.6400_6.8400,34.64,6.84,23.02,43.25,184.2,8.3,5.9,2.95,8.96,6,Silt
34.6400_6.9200,34.64,6.92,22.71,43.73,202.1,8.3,4.7,2.35,8.72,5.9,Silt
34.6400_7.0000,34.64,7,22.32,44.57,218,8.3,4.8,2.4,8.24,4.7,Loamy
34.6400_7.0800,34.64,7.08,22.32,44.57,218,8.2,4.9,2.45,8.24,7,Clay
34.6400_7.1600,34.64,7.16,22.13,44.77,204.4,8.2,5.1,2.55,8.56,5.1,Sandy
34.6400_7.2400,34.64,7.24,21.94,45.04,189.1,8.2,4.8,2.4,8.8,4.9,Sandy
34.6400_7.3200,34.64,7.32,21.94,45.04,189.1,8.3,4.6,2.3,8.32,6,Loamy
34.6400_7.4000,34.64,7.4,21.57,45.45,190.3,8.2,6.1,3.05,8.72,7.4,Silt
34.6400_7.4800,34.64,7.48,20.91,47.2,195.8,8.2,5,2.5,8.96,5.6,Silt
34.6400_7.5600,34.64,7.56,20.01,48.78,199.9,8.1,5.3,2.65,8.24,5.9,Clay
34.6400_7.6400,34.64,7.64,20.01,48.78,199.9,8.2,5.3,2.65,8.32,6.7,Clay
34.6400_7.7200,34.64,7.72,19.07,50.15,235.9,8.1,5.6,2.8,9.76,8.4,Silt
34.6400_7.8000,34.64,7.8,19.16,51.27,204.5,8.1,5.6,2.8,9.12,7.9,Loamy
34.6400_7.8800,34.64,7.88,18.45,51.14,204.5,8.2,6.5,3.25,8.16,9.9,Clay
34.6400_7.9600,34.64,7.96,18.17,51.89,212.6,8.1,6.7,3.35,8.88,10.6,Loamy
34.6400_8.0400,34.64,8.04,17.9,52.88,245.1,8.1,6.7,3.35,8.72,9.9,Clay
34.6400_8.1200,34.64,8.12,17.9,52.88,245.1,8.1,7.1,3.55,9.52,9,Clay
34.6400_8.2000,34.64,8.2,17.88,53.11,194.6,8.1,6.5,3.25,9.68,10,Sandy
34.6400_8.2800,34.64,8.28,18.15,53.02,182.5,8.1,6,3,10.56,10.6,Sandy
34.6400_8.3600,34.64,8.36,17.41,53.59,212.1,8.1,8.4,4.2,10.32,10.5,Clay
34.6400_8.4400,34.64,8.44,18.53,52.52,202.8,8.2,6.5,3.25,9.84,10.5,Sandy
34.6400_8.5200,34.64,8.52,18.77,52.63,212.2,8.1,6.3,3.15,8.72,8.9,Sandy
34.6400_8.6000,34.64,8.6,19.07,52.33,201.3,8.1,6.5,3.25,8.88,9,Clay
34.6400_8.6800,34.64,8.68,19.07,52.33,201.3,8.1,6.4,3.2,8.56,8.5,Sandy
34.7200_-2.2000,34.72,-2.2,17.89,57.9,303.6,7.7,10.1,5.05,14.16,11.7,Clay
34.7200_-2.1200,34.72,-2.12,17.89,57.9,303.6,7.7,9.6,4.8,13.76,12.3,Clay
34.7200_-2.0400,34.72,-2.04,18.13,58.64,309.1,7.8,8.1,4.05,15.04,12,Clay
34.7200_-1.9600,34.72,-1.96,18.9,57.74,332.3,7.8,9.2,4.6,13.92,9.1,Clay
34.7200_-1.8800,34.72,-1.88,18.9,57.74,332.3,7.9,7.7,3.85,12.88,7.4,Clay
34.7200_-1.8000,34.72,-1.8,19,55.18,401.7,7.8,8.2,4.1,16,11.9,Clay
34.7200_-1.7200,34.72,-1.72,19.45,54.8,518.5,7.9,9.1,4.55,16.64,9.3,Clay
34.7200_-1.6400,34.72,-1.64,18.49,54.58,518.5,7.8,9.6,4.8,14.48,15.3,Clay
34.7200_-1.5600,34.72,-1.56,18.41,55.67,559.6,7.8,9.7,4.85,13.84,10.8,Clay
34.7200_-1.4800,34.72,-1.48,16.39,58.25,639.9,7.5,10.6,5.3,12.64,15.1,Clay
34.7200_-1.4000,34.72,-1.4,17.34,59.07,721.7,7.9,9.5,4.75,13.84,10.6,Clay
34.7200_-1.3200,34.72,-1.32,14.75,60.28,683.6,7.1,11,5.5,10.8,14.3,Clay
34.7200_-1.2400,34.72,-1.24,13.97,60.1,683.6,7,10.6,5.3,11.2,15.4,Clay
34.7200_-1.1600,34.72,-1.16,15.25,57.62,406.9,7.4,9.8,4.9,12.8,14,Clay
34.7200_-1.0800,34.72,-1.08,14.56,57.48,406.9,7.4,9.5,4.75,13.04,13.7,Clay
34.7200_-1.0000,34.72,-1,16.51,56.78,383.7,7.5,9.9,4.95,14.08,13.3,Clay
34.7200_-0.9200,34.72,-0.92,16.84,56,371.6,7.5,9.5,4.75,14,10.9,Clay
34.7200_-0.8400,34.72,-0.84,16.41,55.6,359.9,7.7,9.1,4.55,12.56,9.7,Clay
34.7200_-0.7600,34.72,-0.76,17.23,55.28,353.5,7.6,9.1,4.55,14.24,10.6,Clay
34.7200_-0.6800,34.72,-0.68,17.18,53.11,386.6,7.5,8.9,4.45,15.68,11.2,Clay
34.7200_-0.6000,34.72,-0.6,16.17,55.58,467.2,7.9,10,5,14.16,13.1,Clay
34.7200_-0.5200,34.72,-0.52,14.99,55.31,467.2,7.8,10.2,5.1,14,15.1,Clay
34.7200_-0.4400,34.72,-0.44,16.38,55.61,433.3,7.9,9.2,4.6,12.16,10.9,Clay
34.7200_-0.3600,34.72,-0.36,17.43,53.48,429.4,7.9,8.3,4.15,13.76,9.9,Clay
34.7200_-0.2800,34.72,-0.28,17.71,54.83,510.2,7.9,9.5,4.75,13.6,10,Clay
34.7200_-0.2000,34.72,-0.2,16.27,55.91,504.3,7.9,8.6,4.3,13.84,12.4,Clay
34.7200_-0.1200,34.72,-0.12,16.18,56.17,514.6,7.9,9,4.5,13.92,11,Clay
34.7200_-0.0400,34.72,-0.04,16.17,55.6,462.6,7.9,9.2,4.6,14.16,10.4,Clay
34.7200_0.0400,34.72,0.04,16.17,55.6,462.6,7.7,8.2,4.1,14.56,8.7,Clay
34.7200_0.1200,34.72,0.12,15.97,55.4,515,7.7,9.1,4.55,15.92,11,Clay
34.7200_0.2000,34.72,0.2,15.68,55.67,517.8,7.7,8.6,4.3,15.36,10.4,Clay
34.7200_0.2800,34.72,0.28,15.68,55.67,517.8,7.6,9.7,4.85,15.68,11.4,Clay
34.7200_0.3600,34.72,0.36,15.42,56.93,453.6,7.6,9.6,4.8,16.72,12.2,Clay
34.7200_0.4400,34.72,0.44,15.65,54.49,397.6,7.6,12.2,6.1,15.2,10.7,Clay
34.7200_0.5200,34.72,0.52,15.93,54.21,371.1,7.6,9.2,4.6,15.2,9.6,Clay
34.7200_0.6000,34.72,0.6,15.93,54.21,371.1,7.6,8.5,4.25,15.68,10.5,Silt
34.7200_0.6800,34.72,0.68,16.19,54.47,391.6,7.6,11.2,5.6,14.88,10.8,Silt
34.7200_0.7600,34.72,0.76,16.27,54.63,408.1,7.5,11,5.5,15.52,9.2,Silt
34.7200_0.8400,34.72,0.84,16.27,54.63,408.1,7.6,10.3,5.15,14.72,9.5,Clay
34.7200_0.9200,34.72,0.92,16.13,55.34,417.7,7.6,11,5.5,15.76,9,Clay
34.7200_1.0000,34.72,1,16.12,54.97,400.6,7.6,9.9,4.95,15.52,7.5,Clay
34.7200_1.0800,34.72,1.08,16.12,54.97,400.6,7.7,9.3,4.65,15.36,6.9,Clay
34.7200_1.1600,34.72,1.16,16.16,55.08,378.2,7.6,9.1,4.55,14.08,7.7,Clay
34.7200_1.2400,34.72,1.24,16.25,54.53,390.2,7.8,8.9,4.45,12.72,7,Clay
34.7200_1.3200,34.72,1.32,16.28,54.01,363.3,7.8,9.4,4.7,13.2,7.6,Clay
34.7200_1.4000,34.72,1.4,16.28,54.01,363.3,7.9,8.3,4.15,12.56,7.5,Clay
34.7200_1.4800,34.72,1.48,16.27,53.49,338.1,7.9,9.3,4.65,12.08,7.9,Clay
34.7200_1.5600,34.72,1.56,16.29,52.77,340.9,7.9,9.2,4.6,12.88,8.3,Clay
34.7200_1.6400,34.72,1.64,16.29,52.77,340.9,7.9,7.7,3.85,12.88,8.4,Clay
34.7200_1.7200,34.72,1.72,16.29,53.9,331.5,8,7.9,3.95,11.92,8.4,Clay
34.7200_1.8000,34.72,1.8,16.52,53.28,342,8,7.7,3.85,11.52,7.8,Clay
34.7200_1.8800,34.72,1.88,16.84,51.42,308.3,7.9,7.5,3.75,11.44,8.4,Clay
34.7200_1.9600,34.72,1.96,16.84,51.42,308.3,8,7.1,3.55,11.92,8.7,Clay
34.7200_2.0400,34.72,2.04,17.08,51.12,328.6,8,6.4,3.2,11.84,8.2,Clay
34.7200_2.1200,34.72,2.12,17.23,51.07,373.2,8,6.8,3.4,11.76,8.3,Clay
34.7200_2.2000,34.72,2.2,17.23,51.07,373.2,8,6.9,3.45,11.12,8.9,Clay
34.7200_2.2800,34.72,2.28,17.28,50.81,355.5,8,7.3,3.65,11.6,8.9,Clay
34.7200_2.3600,34.72,2.36,17.2,51.11,365.1,8.1,6.8,3.4,11.84,10,Clay
34.7200_2.4400,34.72,2.44,17.2,51.11,365.1,8,6.8,3.4,12,9,Clay
34.7200_2.5200,34.72,2.52,17.27,50.89,370.1,8,7.5,3.75,11.76,9.7,Clay
34.7200_2.6000,34.72,2.6,17.48,50.27,392.2,8,7.2,3.6,11.12,9.6,Clay
34.7200_2.6800,34.72,2.68,17.32,49.85,432,8.1,7.7,3.85,11.28,8.5,Clay
34.7200_2.7600,34.72,2.76,17.32,49.85,432,8,7.7,3.85,11.76,8.2,Clay
34.7200_2.8400,34.72,2.84,16.93,50.26,462.8,7.9,8.6,4.3,12.48,9.7,Clay
34.7200_2.9200,34.72,2.92,16.42,51.29,477.1,7.6,9.7,4.85,14.48,11.1,Clay
34.7200_3.0000,34.72,3,16.42,51.29,477.1,7.8,9.1,4.55,13.28,7.9,Silt
34.7200_3.0800,34.72,3.08,16.07,52.02,467.1,7.9,9.5,4.75,12.24,8.5,Clay
34.7200_3.1600,34.72,3.16,15.92,51.85,430,7.9,8.3,4.15,13.04,9.9,Clay
34.7200_3.2400,34.72,3.24,15.92,51.85,430,7.8,8.9,4.45,14.16,9.2,Clay
34.7200_3.3200,34.72,3.32,15.78,52.34,401.8,7.9,9.5,4.75,12.96,9.2,Clay
34.7200_3.4000,34.72,3.4,15.47,53.11,389.1,7.8,10,5,12,9,Clay
34.7200_3.4800,34.72,3.48,15.26,54.29,395.8,7.9,7.7,3.85,12,8,Silt
34.7200_3.5600,34.72,3.56,15.26,54.29,395.8,7.9,8.7,4.35,11.76,7.9,Clay
34.7200_3.6400,34.72,3.64,15.29,54.07,389.8,7.9,8.2,4.1,12,8.4,Clay
34.7200_3.7200,34.72,3.72,15.5,54.07,333.6,8,7,3.5,11.52,7.6,Clay
34.7200_3.8000,34.72,3.8,15.5,54.07,333.6,8,6.7,3.35,11.36,8.1,Clay
34.7200_3.8800,34.72,3.88,15.92,53.3,307.8,8,7,3.5,12.32,8.1,Clay
34.7200_3.9600,34.72,3.96,16.32,52.92,297.6,8,6.7,3.35,11.2,9,Clay
34.7200_4.0400,34.72,4.04,16.65,52.4,338.1,8,6.2,3.1,10.72,8.1,Clay
34.7200_4.1200,34.72,4.12,16.65,52.4,338.1,8.2,6,3,11.12,8.9,Clay
34.7200_4.2000,34.72,4.2,17.12,51.45,380.1,8.2,5.3,2.65,10.24,7.2,Clay
34.7200_4.2800,34.72,4.28,17.75,50.32,367.3,8,7.9,3.95,11.52,8.5,Silt
34.7200_4.3600,34.72,4.36,16.13,49.96,367.3,8,10.7,5.35,9.84,13.2,Clay
34.7200_4.4400,34.72,4.44,18.26,49.9,316.3,8.1,6,3,9.04,7.8,Loamy
34.7200_4.5200,34.72,4.52,18.84,47.8,279.4,8.1,6.3,3.15,8.32,7.8,Sandy
34.7200_4.6000,34.72,4.6,18.84,47.8,279.4,8.2,5.3,2.65,8.24,7.7,Loamy
34.7200_4.6800,34.72,4.68,19.54,46.84,295.9,8.1,8,4,8.56,8.5,Sandy
34.7200_4.7600,34.72,4.76,20.53,45.1,289.3,8.2,8.6,4.3,9.12,6.9,Sandy
34.7200_4.8400,34.72,4.84,21.48,44.31,210.5,8.3,8.8,4.4,8.8,8.2,Silt
34.7200_4.9200,34.72,4.92,21.48,44.31,210.5,8.3,6.9,3.45,9.2,7.8,Silt
34.7200_5.0000,34.72,5,21.91,44.31,196.1,8.2,5.7,2.85,10.32,6.4,Loamy
34.7200_5.0800,34.72,5.08,22.04,44.21,191.2,8.3,4.7,2.35,10.88,5.2,Clay
34.7200_5.1600,34.72,5.16,22.04,44.21,191.2,8.3,7.3,3.65,8.8,6.4,Loamy
34.7200_5.2400,34.72,5.24,22.24,43.67,211.8,8.2,6.3,3.15,9.36,6.8,Clay
34.7200_5.3200,34.72,5.32,22.52,42.57,194.7,8,8.8,4.4,10.72,7.8,Clay
34.7200_5.4000,34.72,5.4,22.52,42.57,194.7,0,0,0,0,0,Unknown
34.7200_5.4800,34.72,5.48,22.57,42.89,203.5,8,8,4,11.92,9.7,Loamy
34.7200_5.5600,34.72,5.56,22.8,43.51,199.1,8.3,5,2.5,9.68,6,Clay
34.7200_5.6400,34.72,5.64,23,43.42,210.4,8.3,5.6,2.8,11.12,7.1,Silt
34.7200_5.7200,34.72,5.72,23,43.42,210.4,8.3,5.5,2.75,11.2,6.8,Silt
34.7200_5.8000,34.72,5.8,23.24,42.4,218.8,8.3,6.1,3.05,11.84,5.4,Silt
34.7200_5.8800,34.72,5.88,23.49,41.52,216.9,8.3,5.9,2.95,11.84,6.9,Silt
34.7200_5.9600,34.72,5.96,23.49,41.52,216.9,8.3,8.3,4.15,9.44,8,Silt
34.7200_6.0400,34.72,6.04,23.51,41.24,231.2,8.3,8.3,4.15,10,6.7,Silt
34.7200_6.1200,34.72,6.12,23.57,41.82,241,8.3,6.8,3.4,12.24,7.9,Silt
34.7200_6.2000,34.72,6.2,23.57,41.82,241,8.3,7.8,3.9,11.76,9.2,Silt
34.7200_6.2800,34.72,6.28,23.61,41.95,201.2,8.3,6.6,3.3,11.44,6.6,Silt
34.7200_6.3600,34.72,6.36,23.45,42,208.5,8.3,5.3,2.65,11.2,6.8,Silt
34.7200_6.4400,34.72,6.44,23,42.69,179.2,8.3,6.5,3.25,11.36,6.3,Silt
34.7200_6.5200,34.72,6.52,23,42.69,179.2,8.3,5.5,2.75,11.28,5.4,Silt
34.7200_6.6000,34.72,6.6,22.72,43.29,181.4,8.3,5.1,2.55,10.32,6.1,Silt
34.7200_6.6800,34.72,6.68,22.98,43.18,185.2,8.2,5.4,2.7,10.4,5.1,Silt
34.7200_6.7600,34.72,6.76,22.98,43.18,185.2,8.3,5.4,2.7,9.6,5,Silt
34.7200_6.8400,34.72,6.84,23.22,42.35,197,8.3,5,2.5,8.64,4.9,Clay
34.7200_6.9200,34.72,6.92,22.78,43.04,185.5,8.2,4.9,2.45,8.72,5.5,Clay
34.7200_7.0000,34.72,7,22.15,44.36,220.7,8.2,5.8,2.9,8.56,6.3,Loamy
34.7200_7.0800,34.72,7.08,22.15,44.36,220.7,8.2,5.7,2.85,9.04,4.9,Loamy
34.7200_7.1600,34.72,7.16,20.93,45.62,224.1,8.2,5.2,2.6,8.48,8.6,Loamy
34.7200_7.2400,34.72,7.24,21.47,45.01,222.1,8.2,5.1,2.55,8.96,5.6,Silt
34.7200_7.3200,34.72,7.32,21.47,45.01,222.1,8.2,5.3,2.65,9.6,7.3,Silt
34.7200_7.4000,34.72,7.4,20.78,46.16,201.1,8.2,5.5,2.75,7.76,6.7,Sandy
34.7200_7.4800,34.72,7.48,20,48.2,201.1,8,6.5,3.25,8.4,9,Clay
34.7200_7.5600,34.72,7.56,20,48.2,201.1,8.1,6,3,8.72,9.3,Clay
34.7200_7.6400,34.72,7.64,19.06,50.46,234.1,8,7.8,3.9,8.72,11.9,Clay
34.7200_7.7200,34.72,7.72,16.35,54.69,258.4,8,8.5,4.25,8.96,12.3,Clay
34.7200_7.8000,34.72,7.8,15.78,55.48,268.6,7.9,9,4.5,9.84,12.6,Sandy
34.7200_7.8800,34.72,7.88,15.21,55.34,268.6,7.9,10.2,5.1,10.24,14.4,Clay
34.7200_7.9600,34.72,7.96,15.41,55.25,260.1,8,9.8,4.9,10.72,13.1,Sandy
34.7200_8.0400,34.72,8.04,17.34,54.28,239.4,8,6.6,3.3,10.16,10.4,Sandy
34.7200_8.1200,34.72,8.12,17.34,54.28,239.4,8.1,7.3,3.65,9.2,9,Clay
34.7200_8.2000,34.72,8.2,17.45,53.98,218.9,8,7.3,3.65,8.64,8.6,Sandy
34.7200_8.2800,34.72,8.28,17.76,53.67,212.1,8.1,7.1,3.55,9.2,8.3,Sandy
34.7200_8.3600,34.72,8.36,17.76,53.67,212.1,8,7.1,3.55,9.28,9.8,Clay
34.7200_8.4400,34.72,8.44,18.22,52.67,211.7,8.1,6.6,3.3,10.4,8.6,Sandy
34.7200_8.5200,34.72,8.52,18.71,51.99,198.2,8.1,6.7,3.35,8.64,9.1,Loamy
34.7200_8.6000,34.72,8.6,19.07,51.98,217.2,8.2,6.6,3.3,8.56,8.7,Sandy
34.7200_8.6800,34.72,8.68,19.07,51.98,217.2,8.2,6.3,3.15,8.96,8.6,Sandy
34.8000_-2.2000,34.8,-2.2,15.69,58.88,390.4,7.9,11,5.5,13.44,12.8,Clay
34.8000_-2.1200,34.8,-2.12,17.53,61.73,365.3,7.9,9.5,4.75,13.36,12.7,Clay
34.8000_-2.0400,34.8,-2.04,18.51,61.93,365.3,7.8,8.6,4.3,14.96,11.7,Clay
34.8000_-1.9600,34.8,-1.96,18.05,62.47,321.9,7.9,10.3,5.15,15.36,12.7,Clay
34.8000_-1.8800,34.8,-1.88,18.55,61.66,320,7.9,8.1,4.05,16.32,9.5,Clay
34.8000_-1.8000,34.8,-1.8,18.55,61.66,320,8,8,4,14.56,9.6,Clay
34.8000_-1.7200,34.8,-1.72,19.13,59.9,346.6,8.1,8.5,4.25,16.96,8.2,Clay
34.8000_-1.6400,34.8,-1.64,19.05,57.44,434.5,8,9.3,4.65,16.8,12.9,Clay
34.8000_-1.5600,34.8,-1.56,18.93,55.78,559.6,7.9,9.2,4.6,15.6,13.5,Clay
34.8000_-1.4800,34.8,-1.48,16.8,58.97,721.7,7.1,10.8,5.4,12,18.6,Silt
34.8000_-1.4000,34.8,-1.4,15.11,60.56,797,7.1,10.8,5.4,11.92,12.3,Silt
34.8000_-1.3200,34.8,-1.32,14.53,60.23,683.6,6.8,11.6,5.8,10.8,18.5,Silt
34.8000_-1.2400,34.8,-1.24,14.01,60.11,683.6,7.1,10.5,5.25,11.52,16.1,Silt
34.8000_-1.1600,34.8,-1.16,14.51,58.23,502,7.2,12,6,13.28,17.5,Silt
34.8000_-1.0800,34.8,-1.08,16.71,56.34,462.5,7.6,10,5,15.04,11.5,Clay
34.8000_-1.0000,34.8,-1,14.81,56.85,438,7.6,11.5,5.75,14,13.8,Clay
34.8000_-0.9200,34.8,-0.92,15.24,55.67,371.6,7.6,10.9,5.45,15.36,13.8,Clay
34.8000_-0.8400,34.8,-0.84,17.43,55.37,400.3,7.6,8.5,4.25,14.32,11,Clay
34.8000_-0.7600,34.8,-0.76,17.43,55.37,400.3,7.6,8.9,4.45,14.32,10.3,Clay
34.8000_-0.6800,34.8,-0.68,17.52,54.07,439.3,7.5,9.9,4.95,15.36,11.9,Clay
34.8000_-0.6000,34.8,-0.6,17.5,53.36,456.7,7.6,8.4,4.2,16.88,10.9,Clay
34.8000_-0.5200,34.8,-0.52,17.5,53.36,456.7,7.6,9.1,4.55,15.2,10.3,Clay
34.8000_-0.4400,34.8,-0.44,17.54,53.56,411.4,7.6,9.1,4.55,16.08,12.7,Clay
34.8000_-0.3600,34.8,-0.36,17.79,53.45,390.6,7.7,10.3,5.15,16.72,10.4,Clay
34.8000_-0.2800,34.8,-0.28,17.95,53.01,467,7.6,8,4,15.68,9.9,Clay
34.8000_-0.2000,34.8,-0.2,17.3,54.72,510.2,7.8,7.8,3.9,15.36,9.9,Clay
34.8000_-0.1200,34.8,-0.12,16.94,54.97,536.7,7.8,8.7,4.35,14.56,11.1,Clay
34.8000_-0.0400,34.8,-0.04,18.03,55,504,7.7,8.5,4.25,17.52,9.9,Clay
34.8000_0.0400,34.8,0.04,17.29,54.81,504,7.8,10.8,5.4,16,9.1,Clay
34.8000_0.1200,34.8,0.12,16.99,54.86,575.7,7.6,9.1,4.55,14.8,9.1,Clay
34.8000_0.2000,34.8,0.2,16.51,54.98,636.1,7.6,10.2,5.1,16.16,9.9,Clay
34.8000_0.2800,34.8,0.28,16.51,54.98,636.1,7.6,11.5,5.75,16,12.5,Clay
34.8000_0.3600,34.8,0.36,16.07,54.23,572.5,7.6,11.8,5.9,16.56,12.1,Clay
34.8000_0.4400,34.8,0.44,15.71,54.86,513.2,7.6,9.4,4.7,15.52,11.7,Clay
34.8000_0.5200,34.8,0.52,15.99,53.96,449.6,7.6,9,4.5,15.84,13.2,Clay
34.8000_0.6000,34.8,0.6,15.99,53.96,449.6,7.6,8.3,4.15,14.24,11.9,Clay
34.8000_0.6800,34.8,0.68,16.53,53.58,416.8,7.6,8.9,4.45,15.84,9.2,Clay
34.8000_0.7600,34.8,0.76,16.54,54.7,458,7.6,8.3,4.15,16.08,8.4,Clay
34.8000_0.8400,34.8,0.84,16.54,54.7,458,7.6,10,5,14.72,9,Clay
34.8000_0.9200,34.8,0.92,16.28,55.42,455.9,7.5,8.6,4.3,16,9.5,Clay
34.8000_1.0000,34.8,1,16.01,55.69,502.1,7.6,10.8,5.4,15.52,9.5,Clay
34.8000_1.0800,34.8,1.08,16.01,55.69,502.1,7.6,8.6,4.3,14.32,8.8,Clay
34.8000_1.1600,34.8,1.16,15.85,55.16,459.9,7.6,9.5,4.75,13.92,8.3,Clay
34.8000_1.2400,34.8,1.24,15.92,54.75,394.3,7.6,8.4,4.2,14.56,7.8,Clay
34.8000_1.3200,34.8,1.32,16.08,54.52,346.3,7.7,9.3,4.65,13.52,9.7,Clay
34.8000_1.4000,34.8,1.4,16.08,54.52,346.3,7.7,8.2,4.1,13.28,7.9,Clay
34.8000_1.4800,34.8,1.48,16.14,52.95,354.7,7.8,8.4,4.2,13.76,8.2,Clay
34.8000_1.5600,34.8,1.56,16.2,53.62,380.2,7.8,9.4,4.7,13.12,8.5,Clay
34.8000_1.6400,34.8,1.64,16.2,53.62,380.2,7.9,8.2,4.1,12.8,8.8,Clay
34.8000_1.7200,34.8,1.72,16.24,52.8,358.5,7.8,8.4,4.2,13.28,8.4,Clay
34.8000_1.8000,34.8,1.8,16.3,52.43,353.5,7.9,7.8,3.9,12.8,8.8,Clay
34.8000_1.8800,34.8,1.88,16.3,52.43,353.5,7.9,8.5,4.25,12.4,12.1,Clay
34.8000_1.9600,34.8,1.96,16.47,51.84,402.1,7.9,7.4,3.7,13.04,8.4,Clay
34.8000_2.0400,34.8,2.04,16.91,51.04,354.4,8,7.1,3.55,11.44,8.1,Silt
34.8000_2.1200,34.8,2.12,17.32,51.23,320.3,8,6.9,3.45,11.68,7.9,Clay
34.8000_2.2000,34.8,2.2,17.32,51.23,320.3,8,7.1,3.55,11.2,9.5,Silt
34.8000_2.2800,34.8,2.28,17.43,51.77,352.6,8,6.5,3.25,11.6,8.8,Clay
34.8000_2.3600,34.8,2.36,17.41,51.11,370.7,8,7.5,3.75,11.76,10.1,Silt
34.8000_2.4400,34.8,2.44,17.41,51.11,370.7,8,6.6,3.3,11.84,10.2,Silt
34.8000_2.5200,34.8,2.52,17.36,51.55,396.3,8,7.2,3.6,11.6,8.7,Clay
34.8000_2.6000,34.8,2.6,17.46,51.57,374.9,8,6.7,3.35,12.24,9.9,Clay
34.8000_2.6800,34.8,2.68,17.46,51.57,374.9,8,7.1,3.55,12.08,8.7,Clay
34.8000_2.7600,34.8,2.76,17.66,51.1,368.3,8,7.3,3.65,11.52,8.1,Clay
34.8000_2.8400,34.8,2.84,17.61,50.8,390.3,8,6.8,3.4,10.96,8.8,Clay
34.8000_2.9200,34.8,2.92,17.04,50.72,444.2,7.9,7.6,3.8,13.68,7.7,Clay
34.8000_3.0000,34.8,3,17.41,50.71,442.9,7.9,8.6,4.3,13.04,9.1,Clay
34.8000_3.0800,34.8,3.08,16.95,51.27,473.5,7.8,8.9,4.45,13.76,8.8,Clay
34.8000_3.1600,34.8,3.16,16.39,52.93,511.7,7.8,9,4.5,13.12,8.9,Clay
34.8000_3.2400,34.8,3.24,16.39,52.93,511.7,7.8,9.5,4.75,13.52,9.3,Clay
34.8000_3.3200,34.8,3.32,15.8,53.12,471.9,7.9,9.8,4.9,12.48,9.1,Clay
34.8000_3.4000,34.8,3.4,15.49,53.49,439.7,7.9,8.8,4.4,12.4,8.3,Clay
34.8000_3.4800,34.8,3.48,15.63,52.73,377.7,7.9,8.4,4.2,12.4,8.2,Silt
34.8000_3.5600,34.8,3.56,15.72,52.99,378.2,7.9,9.8,4.9,13.68,9.2,Silt
34.8000_3.6400,34.8,3.64,14.93,53.92,383,7.9,7.9,3.95,11.28,11.3,Clay
34.8000_3.7200,34.8,3.72,15.45,54.3,357.8,7.9,7.4,3.7,11.2,7.6,Clay
34.8000_3.8000,34.8,3.8,15.7,54.61,352.8,7.9,8,4,10.96,7.8,Clay
34.8000_3.8800,34.8,3.88,15.64,54.55,385.9,7.9,7.7,3.85,11.76,8.6,Clay
34.8000_3.9600,34.8,3.96,16.2,53.21,333.9,8,6.7,3.35,12.08,8.2,Clay
34.8000_4.0400,34.8,4.04,16.01,53.83,349.2,8,6.7,3.35,10.96,8.3,Clay
34.8000_4.1200,34.8,4.12,16.72,52.55,312.3,8.2,6.7,3.35,10.56,9.4,Clay
34.8000_4.2000,34.8,4.2,17.34,51.14,331,8.2,5.4,2.7,10.56,7.5,Loamy
34.8000_4.2800,34.8,4.28,17.84,50.41,352.1,8.2,7.4,3.7,10.48,7.1,Clay
34.8000_4.3600,34.8,4.36,17.73,50.42,311.3,8.2,6.7,3.35,10.08,8.1,Clay
34.8000_4.4400,34.8,4.44,17.92,49.01,297.8,8.1,9.7,4.85,10.32,10.7,Clay
34.8000_4.5200,34.8,4.52,18.35,49.23,324.7,8.2,6.5,3.25,10.96,9.4,Clay
34.8000_4.6000,34.8,4.6,16.27,49.07,327.9,8.1,11.5,5.75,8.08,12.1,Clay
34.8000_4.6800,34.8,4.68,18.53,49.26,310,8.1,8.5,4.25,8.48,8.9,Loamy
34.8000_4.7600,34.8,4.76,18.74,48.55,316.4,8.1,9,4.5,8.16,10.9,Sandy
34.8000_4.8400,34.8,4.84,20.42,45.96,251.2,8.3,7.8,3.9,9.04,5.8,Silt
34.8000_4.9200,34.8,4.92,20.69,46.04,251.2,8.2,7,3.5,10.24,6.7,Loamy
34.8000_5.0000,34.8,5,20.51,46.94,330,8.2,8.2,4.1,8.96,7.3,Silt
34.8000_5.0800,34.8,5.08,21.38,45.84,266.8,8.2,6.7,3.35,9.52,8.7,Silt
34.8000_5.1600,34.8,5.16,20.88,46.78,329.3,8.3,7.1,3.55,8.32,6.3,Sandy
34.8000_5.2400,34.8,5.24,21.32,46.19,303,8.2,8.8,4.4,9.2,8.3,Loamy
34.8000_5.3200,34.8,5.32,19.79,45.22,266.3,8.1,10,5,9.52,8,Sandy
34.8000_5.4000,34.8,5.4,21.64,45.67,266.3,8.2,11.7,5.85,9.12,8.2,Sandy
34.8000_5.4800,34.8,5.48,21.8,45.44,272.4,8.3,10.2,5.1,9.04,8.1,Loamy
34.8000_5.5600,34.8,5.56,21.24,45,290,8.2,11.9,5.95,9.36,6.6,Sandy
34.8000_5.6400,34.8,5.64,22.06,45.21,290,8.3,8.3,4.15,9.28,8,Clay
34.8000_5.7200,34.8,5.72,22.71,42.4,257.9,8.3,8,4,10.4,6.8,Clay
34.8000_5.8000,34.8,5.8,22.94,41.58,245.7,8.3,8.4,4.2,10.96,7,Silt
34.8000_5.8800,34.8,5.88,23.48,40.57,205.8,8.2,7.5,3.75,10.72,8.2,Clay
34.8000_5.9600,34.8,5.96,22.98,40.94,223.8,8.3,8.4,4.2,9.04,8.4,Loamy
34.8000_6.0400,34.8,6.04,23.17,40.58,197.2,8.3,6.6,3.3,9.44,5.3,Sandy
34.8000_6.1200,34.8,6.12,23.54,40.69,209.6,8.3,6.3,3.15,9.04,6.6,Loamy
34.8000_6.2000,34.8,6.2,23.07,40.56,209.6,8.3,6,3,8.88,6.6,Loamy
34.8000_6.2800,34.8,6.28,22.47,41.5,279.6,8.3,6.5,3.25,9.12,6,Loamy
34.8000_6.3600,34.8,6.36,22.62,42.18,265.7,8.3,5,2.5,8.8,5.6,Sandy
34.8000_6.4400,34.8,6.44,22.45,42.15,265.7,8.3,6.3,3.15,9.52,5.7,Clay
34.8000_6.5200,34.8,6.52,21.95,43.65,254.8,8.2,6.2,3.1,9.2,6.1,Clay
34.8000_6.6000,34.8,6.6,22.46,43.94,208.6,8.3,6.6,3.3,8,6.1,Clay
34.8000_6.6800,34.8,6.68,22.57,43.52,188.1,8.2,6.1,3.05,8.16,7.9,Clay
34.8000_6.7600,34.8,6.76,21.16,45.27,250.6,8.2,6,3,9.12,6.8,Clay
34.8000_6.8400,34.8,6.84,21.62,44.63,234,8.2,6,3,9.04,6.9,Clay
34.8000_6.9200,34.8,6.92,19.42,47.2,283.7,8,7.6,3.8,8,11.5,Loamy
34.8000_7.0000,34.8,7,21.04,45.13,244.1,8.2,6,3,8.16,5.6,Clay
34.8000_7.0800,34.8,7.08,19.6,47.5,288,8,7,3.5,8.08,11,Sandy
34.8000_7.1600,34.8,7.16,21.07,45.67,224.1,8.2,5.2,2.6,8.08,7,Loamy
34.8000_7.2400,34.8,7.24,20.43,46.34,214.2,8.2,5.3,2.65,7.6,6.4,Loamy
34.8000_7.3200,34.8,7.32,18.57,49.41,237.7,8.1,5.8,2.9,9.2,7.7,Clay
34.8000_7.4000,34.8,7.4,17.6,51.74,288.4,8.1,6.6,3.3,8.8,9.3,Sandy
34.8000_7.4800,34.8,7.48,18.55,51.04,240.1,8.1,7.2,3.6,9.04,10.2,Clay
34.8000_7.5600,34.8,7.56,17.02,54.21,302.8,8.1,6.6,3.3,8.24,9.1,Sandy
34.8000_7.6400,34.8,7.64,16.72,55.72,270.4,8,6.5,3.25,9.04,9.9,Sandy
34.8000_7.7200,34.8,7.72,16.94,54.78,258.4,8.1,6.8,3.4,8.08,8.1,Clay
34.8000_7.8000,34.8,7.8,16.29,56.71,283.6,8,6.4,3.2,8.72,8.5,Clay
34.8000_7.8800,34.8,7.88,16.02,56.66,254.3,8,8.4,4.2,9.76,10.8,Sandy
34.8000_7.9600,34.8,7.96,16.57,55.44,260.1,8,8.2,4.1,9.68,12.3,Sandy
34.8000_8.0400,34.8,8.04,17.02,54.68,205.1,8,9.1,4.55,9.28,11.5,Clay
34.8000_8.1200,34.8,8.12,16.78,54.8,183.7,8,7.2,3.6,9.12,9.5,Clay
34.8000_8.2000,34.8,8.2,17.17,54.16,198.4,8.1,7.2,3.6,9.28,8.4,Sandy
34.8000_8.2800,34.8,8.28,17.49,54.02,220.7,8.1,7.1,3.55,10.32,10.6,Clay
34.8000_8.3600,34.8,8.36,17.36,54.05,233,8,7.9,3.95,11.12,9.4,Sandy
34.8000_8.4400,34.8,8.44,17.66,53.56,247.1,8,7.7,3.85,10.16,11.2,Sandy
34.8000_8.5200,34.8,8.52,18.46,52.13,211.1,8.1,7.4,3.7,9.2,8.2,Sandy
34.8000_8.6000,34.8,8.6,18.13,52.81,236.5,8.1,7.1,3.55,9.92,10.6,Sandy
34.8000_8.6800,34.8,8.68,18.38,52.9,232.3,8.1,8.4,4.2,8.96,12.2,Clay
34.8800_-2.2000,34.88,-2.2,17.85,60.91,454.5,7.8,10.9,5.45,13.68,15.5,Clay
34.8800_-2.1200,34.88,-2.12,18.11,63.33,453.7,7.9,10.9,5.45,13.6,19.6,Clay
34.8800_-2.0400,34.88,-2.04,17.31,61.7,365.3,7.8,10,5,15.28,11.2,Clay
34.8800_-1.9600,34.88,-1.96,17.66,66.49,437.5,7.8,8.8,4.4,17.6,14.1,Clay
34.8800_-1.8800,34.88,-1.88,17.77,65.19,438.4,8,9.2,4.6,16.48,12.5,Clay
34.8800_-1.8000,34.88,-1.8,17.77,65.19,438.4,8,9.7,4.85,17.36,12.6,Clay
34.8800_-1.7200,34.88,-1.72,18.47,62.57,403,8.1,9.5,4.75,17.92,12.3,Clay
34.8800_-1.6400,34.88,-1.64,19.14,60.08,369.1,8,9.4,4.7,16.16,8.3,Clay
34.8800_-1.5600,34.88,-1.56,19.14,60.08,369.1,8,10,5,18.08,11.3,Clay
34.8800_-1.4800,34.88,-1.48,18.91,58.01,461.1,7.9,8.8,4.4,18.32,10.4,Clay
34.8800_-1.4000,34.88,-1.4,18.18,56.3,663.4,7.9,9.4,4.7,14.24,11,Clay
34.8800_-1.3200,34.88,-1.32,18.18,56.3,663.4,0,0,0,0,0,Unknown
34.8800_-1.2400,34.88,-1.24,17.73,55.8,605.6,7.9,9.8,4.9,14.4,10.6,Clay
34.8800_-1.1600,34.88,-1.16,17.82,54.87,500.2,7.8,9.8,4.9,13.6,10.1,Clay
34.8800_-1.0800,34.88,-1.08,17.81,55.12,464.1,7.7,9.4,4.7,14.72,11,Clay
34.8800_-1.0000,34.88,-1,16.68,56.34,462.5,7.8,10.8,5.4,14.72,14.2,Clay
34.8800_-0.9200,34.88,-0.92,17.63,55.3,443.5,7.6,10.5,5.25,15.68,11.6,Clay
34.8800_-0.8400,34.88,-0.84,17.18,55.3,400.3,7.6,9,4.5,14.88,12.9,Clay
34.8800_-0.7600,34.88,-0.76,17.77,56.05,434.5,7.8,9.3,4.65,14.72,13.3,Clay
34.8800_-0.6800,34.88,-0.68,17.87,55.6,430.4,7.6,9.1,4.55,14.4,11.8,Clay
34.8800_-0.6000,34.88,-0.6,17.81,54.21,422.2,7.6,9.5,4.75,16.16,11.5,Clay
34.8800_-0.5200,34.88,-0.52,17.81,54.21,422.2,7.6,9,4.5,16.96,9.8,Clay
34.8800_-0.4400,34.88,-0.44,17.8,54.1,405.3,7.6,8.4,4.2,15.6,10.9,Clay
34.8800_-0.3600,34.88,-0.36,18.22,54.26,374.5,7.6,8.2,4.1,16.48,11,Clay
34.8800_-0.2800,34.88,-0.28,18.53,52.5,409.1,7.6,9.8,4.9,16.08,13.3,Clay
34.8800_-0.2000,34.88,-0.2,18.53,52.5,409.1,7.6,8.4,4.2,15.84,9.5,Clay
34.8800_-0.1200,34.88,-0.12,18.25,53.03,472.9,7.6,7.6,3.8,16.32,8.7,Clay
34.8800_-0.0400,34.88,-0.04,17.57,56.4,516.3,7.7,8.7,4.35,16.4,11,Clay
34.8800_0.0400,34.88,0.04,16.62,54.64,504,7.7,9.3,4.65,15.6,13.2,Clay
34.8800_0.1200,34.88,0.12,18.1,55.26,559.4,7.8,8.2,4.1,14.64,10.5,Clay
34.8800_0.2000,34.88,0.2,17.23,54.04,580.1,7.8,8.1,4.05,15.12,10.1,Clay
34.8800_0.2800,34.88,0.28,16.65,53.77,586.8,7.7,9.2,4.6,15.52,10.6,Clay
34.8800_0.3600,34.88,0.36,15.95,54.2,572.5,7.6,10.2,5.1,15.76,13.9,Clay
34.8800_0.4400,34.88,0.44,16.36,53.55,568.9,7.6,9,4.5,15.76,10.1,Clay
34.8800_0.5200,34.88,0.52,16.43,53.16,512.7,7.6,8.6,4.3,15.44,11.3,Clay
34.8800_0.6000,34.88,0.6,16.43,53.16,512.7,7.6,8.4,4.2,15.2,11.2,Clay
34.8800_0.6800,34.88,0.68,16.74,54.17,468.8,7.5,8.7,4.35,14.72,10.5,Clay
34.8800_0.7600,34.88,0.76,16.74,55.07,499.6,7.6,11.4,5.7,15.36,8.6,Clay
34.8800_0.8400,34.88,0.84,16.74,55.07,499.6,7.7,8.7,4.35,14.32,7.9,Silt
34.8800_0.9200,34.88,0.92,16.35,55.8,557.3,7.7,8.5,4.25,14.96,7.9,Clay
34.8800_1.0000,34.88,1,15.9,55.87,560.8,7.5,13.4,6.7,15.12,8.5,Clay
34.8800_1.0800,34.88,1.08,15.9,55.87,560.8,7.6,9.7,4.85,13.84,9.6,Clay
34.8800_1.1600,34.88,1.16,15.59,55.93,490.1,7.6,9,4.5,13.6,8.1,Clay
34.8800_1.2400,34.88,1.24,15.56,55.53,446.8,7.6,12.4,6.2,14.48,9.1,Clay
34.8800_1.3200,34.88,1.32,15.67,54.79,370.5,7.6,9.9,4.95,14.24,9.8,Clay
34.8800_1.4000,34.88,1.4,15.67,54.79,370.5,7.6,9.4,4.7,15.52,8.6,Clay
34.8800_1.4800,34.88,1.48,15.66,54.28,397.4,7.7,8.7,4.35,14.64,8.2,Clay
34.8800_1.5600,34.88,1.56,15.7,53.32,408.5,7.8,9.2,4.6,14,7.9,Clay
34.8800_1.6400,34.88,1.64,15.7,53.32,408.5,7.7,9.9,4.95,14.48,9.4,Clay
34.8800_1.7200,34.88,1.72,15.72,54.17,402.3,7.7,8.5,4.25,14.4,8.8,Clay
34.8800_1.8000,34.88,1.8,15.79,53.26,383.1,7.8,8.7,4.35,14.08,8.3,Clay
34.8800_1.8800,34.88,1.88,15.79,53.26,383.1,7.8,8.2,4.1,13.52,9.2,Clay
34.8800_1.9600,34.88,1.96,16.09,52.46,381.1,7.8,8.8,4.4,13.04,8.7,Clay
34.8800_2.0400,34.88,2.04,16.76,51.1,354.7,8,8.4,4.2,13.68,8.6,Clay
34.8800_2.1200,34.88,2.12,17.3,50.95,338,7.9,7.6,3.8,12.08,8.6,Clay
34.8800_2.2000,34.88,2.2,17.3,50.95,338,8,7.5,3.75,11.92,9,Silt
34.8800_2.2800,34.88,2.28,17.49,51.6,335,8,6.4,3.2,11.52,8.4,Clay
34.8800_2.3600,34.88,2.36,17.47,51.58,332.9,8,7.4,3.7,11.36,9.9,Silt
34.8800_2.4400,34.88,2.44,17.47,51.58,332.9,7.9,7.7,3.85,10.72,8.9,Clay
34.8800_2.5200,34.88,2.52,17.35,51.75,380.6,8,7.8,3.9,11.68,8,Clay
34.8800_2.6000,34.88,2.6,17.29,52.37,400.8,8,7.1,3.55,11.44,8.7,Clay
34.8800_2.6800,34.88,2.68,17.29,52.37,400.8,8,7.7,3.85,10.56,32,Clay
34.8800_2.7600,34.88,2.76,17.51,52.65,373.4,8,8.7,4.35,9.6,23.9,Clay
34.8800_2.8400,34.88,2.84,17.63,51.79,365.7,8,7.8,3.9,10.48,18.7,Clay
34.8800_2.9200,34.88,2.92,17.59,50.85,414.2,8,7.3,3.65,11.12,8.1,Clay
34.8800_3.0000,34.88,3,17.59,50.85,414.2,8,7.1,3.55,10.4,6.9,Clay
34.8800_3.0800,34.88,3.08,17.3,51.24,470.9,7.9,7.3,3.65,11.28,8.4,Silt
34.8800_3.1600,34.88,3.16,16.92,51.37,487.3,7.8,7.8,3.9,12.8,10.6,Clay
34.8800_3.2400,34.88,3.24,16.92,51.37,487.3,7.8,8.9,4.45,12.08,9.3,Silt
34.8800_3.3200,34.88,3.32,14.85,53.17,484.4,7.8,10.9,5.45,14,11,Silt
34.8800_3.4000,34.88,3.4,15.66,53.37,454.9,7.8,9.8,4.9,13.36,9.2,Clay
34.8800_3.4800,34.88,3.48,15.66,53.37,454.9,7.9,8.2,4.1,12.32,11.1,Clay
34.8800_3.5600,34.88,3.56,15.55,53.87,406.4,7.9,8.7,4.35,12.08,8.5,Silt
34.8800_3.6400,34.88,3.64,15.81,54.52,362.1,8,8,4,11.2,7.8,Clay
34.8800_3.7200,34.88,3.72,15.93,54.21,387.2,7.9,7.8,3.9,12.32,8.9,Clay
34.8800_3.8000,34.88,3.8,15.93,54.21,387.2,7.9,8.8,4.4,11.84,8.9,Clay
34.8800_3.8800,34.88,3.88,15.88,54.11,382.4,8,8.5,4.25,12.24,8.6,Clay
34.8800_3.9600,34.88,3.96,15.88,53.92,376,8,8,4,11.36,8.1,Clay
34.8800_4.0400,34.88,4.04,15.88,53.92,376,8,7.5,3.75,12,9.1,Clay
34.8800_4.1200,34.88,4.12,16.05,53.76,378.5,8,6.7,3.35,11.36,8.3,Clay
34.8800_4.2000,34.88,4.2,16.45,53.01,370.2,8.1,7.9,3.95,10.32,11.4,Clay
34.8800_4.2800,34.88,4.28,17.52,50.37,311.3,8.2,5.6,2.8,10.16,8,Sandy
34.8800_4.3600,34.88,4.36,17.75,50.43,311.3,8.1,6.5,3.25,11.44,7.6,Silt
34.8800_4.4400,34.88,4.44,17.71,50.39,315.4,8.1,5.9,2.95,10.64,9.1,Clay
34.8800_4.5200,34.88,4.52,18.3,49.66,318.3,8.2,5.4,2.7,9.44,9.8,Clay
34.8800_4.6000,34.88,4.6,18.3,49.66,318.3,8.1,6.9,3.45,9.44,9.1,Loamy
34.8800_4.6800,34.88,4.68,18.55,49.96,323.4,8.2,6.4,3.2,9.2,9,Clay
34.8800_4.7600,34.88,4.76,18.68,50.32,335,8.2,5.6,2.8,8.96,7.2,Clay
34.8800_4.8400,34.88,4.84,19.5,50.49,335,8.2,6,3,8.48,7.8,Clay
34.8800_4.9200,34.88,4.92,19.12,48.83,380.9,8.2,8.6,4.3,8.4,8.8,Sandy
34.8800_5.0000,34.88,5,19.82,47.71,372.8,8.2,5.5,2.75,8.56,7.1,Loamy
34.8800_5.0800,34.88,5.08,19.82,47.71,372.8,8.1,8.7,4.35,9.28,9.3,Sandy
34.8800_5.1600,34.88,5.16,21.33,46.92,320.8,8.3,6.5,3.25,9.52,6.6,Silt
34.8800_5.2400,34.88,5.24,21.11,46.83,283.4,8.2,6.6,3.3,10.8,6.2,Silt
34.8800_5.3200,34.88,5.32,21.53,45.8,262.9,8.2,7.8,3.9,10.24,6,Silt
34.8800_5.4000,34.88,5.4,21.53,45.8,262.9,8.3,10.8,5.4,8.64,7.9,Loamy
34.8800_5.4800,34.88,5.48,21.78,45.8,284.5,8.2,6.7,3.35,12.08,5.7,Silt
34.8800_5.5600,34.88,5.56,22.07,44.95,263.6,8.3,6.2,3.1,9.36,7.4,Silt
34.8800_5.6400,34.88,5.64,21.38,44.81,263.6,8.1,11.9,5.95,9.44,6.9,Silt
34.8800_5.7200,34.88,5.72,22.47,42.76,250.7,8.1,10.4,5.2,11.04,9.3,Loamy
34.8800_5.8000,34.88,5.8,22.5,41.81,255.7,8.2,10.2,5.1,10.32,9.1,Loamy
34.8800_5.8800,34.88,5.88,22.5,41.81,255.7,8.1,10.7,5.35,9.52,11,Loamy
34.8800_5.9600,34.88,5.96,20.88,41.75,247.5,8,12,6,8.96,11.7,Loamy
34.8800_6.0400,34.88,6.04,20.86,42.48,325.8,8.1,10.3,5.15,9.76,9.3,Loamy
34.8800_6.1200,34.88,6.12,21.09,42.52,325.8,8.1,7.7,3.85,8.32,9.5,Loamy
34.8800_6.2000,34.88,6.2,21.48,41.22,295.5,8.1,8.8,4.4,9.12,7.2,Loamy
34.8800_6.2800,34.88,6.28,20.82,46.2,379.4,8.2,7.5,3.75,8.64,8.8,Loamy
34.8800_6.3600,34.88,6.36,20.83,47.54,369.9,8.2,6.6,3.3,8.4,7.5,Loamy
34.8800_6.4400,34.88,6.44,20.54,47.47,369.9,8.2,7.1,3.55,9.04,7.7,Loamy
34.8800_6.5200,34.88,6.52,21.4,43.53,254.8,8.1,8.2,4.1,8.64,10.2,Loamy
34.8800_6.6000,34.88,6.6,16.36,52.19,401,8,8.9,4.45,8,10.6,Clay
34.8800_6.6800,34.88,6.68,19.46,47.65,320.3,8,7,3.5,7.92,10.9,Clay
34.8800_6.7600,34.88,6.76,17.99,48.86,350.7,8,6.8,3.4,7.92,10.9,Loamy
34.8800_6.8400,34.88,6.84,18.56,52.34,402,7.9,7.1,3.55,7.84,9.8,Loamy
34.8800_6.9200,34.88,6.92,16.72,52.63,452.3,8.1,6.9,3.45,8.08,10.5,Sandy
34.8800_7.0000,34.88,7,17.6,52.84,452.3,8.1,7.4,3.7,8.16,10.7,Clay
34.8800_7.0800,34.88,7.08,15.71,52.69,396.4,8,8.6,4.3,8.64,14.2,Clay
34.8800_7.1600,34.88,7.16,17.18,52.44,322.7,8,6.7,3.35,8.56,9.6,Clay
34.8800_7.2400,34.88,7.24,17.91,52.56,322.7,8,7.4,3.7,9.12,13,Sandy
34.8800_7.3200,34.88,7.32,16.61,53.78,287.9,8.1,6.3,3.15,8.8,10.7,Clay
34.8800_7.4000,34.88,7.4,16.81,55.78,333.3,8.1,6.6,3.3,8.64,10.5,Clay
34.8800_7.4800,34.88,7.48,16.02,55.63,333.3,8,6.9,3.45,8.16,10.3,Clay
34.8800_7.5600,34.88,7.56,16.86,54.17,302.8,8,7.2,3.6,8.72,8.8,Clay
34.8800_7.6400,34.88,7.64,16.2,56.67,284.5,8,7.1,3.55,8.8,9.1,Sandy
34.8800_7.7200,34.88,7.72,16.2,56.56,249,8,7,3.5,8.72,8.5,Sandy
34.8800_7.8000,34.88,7.8,16.2,56.56,249,8.1,7.7,3.85,8.4,7.9,Clay
34.8800_7.8800,34.88,7.88,16.06,56.3,251.6,8,7.3,3.65,10,10.6,Clay
34.8800_7.9600,34.88,7.96,16.14,55.55,226.2,8,8.2,4.1,11.68,10.9,Clay
34.8800_8.0400,34.88,8.04,16.14,55.55,226.2,8,7.9,3.95,11.36,10.1,Clay
34.8800_8.1200,34.88,8.12,16.52,54.85,227.1,8.1,7.6,3.8,10.08,10.5,Sandy
34.8800_8.2000,34.88,8.2,16.96,54.33,215.7,8.1,8.3,4.15,11.2,10.7,Sandy
34.8800_8.2800,34.88,8.28,16.96,54.33,215.7,8,8.6,4.3,10.56,11.4,Sandy
34.8800_8.3600,34.88,8.36,17.2,54.34,214.6,8,9.2,4.6,11.68,9.7,Sandy
34.8800_8.4400,34.88,8.44,17.51,53.68,244.1,8.1,8.4,4.2,10.64,11.2,Sandy
34.8800_8.5200,34.88,8.52,17.92,53.27,242.4,8,8.1,4.05,10.24,11.9,Sandy
34.8800_8.6000,34.88,8.6,17.92,53.27,242.4,8.1,8.3,4.15,8.96,11,Sandy
34.8800_8.6800,34.88,8.68,17.98,53.56,216.2,8,8.9,4.45,10.4,11.7,Sandy
34.9600_-2.2000,34.96,-2.2,19.57,67.15,410.5,8.2,9.7,4.85,16.56,13.8,Sandy
34.9600_-2.1200,34.96,-2.12,18.51,66.98,410.5,8.1,9.8,4.9,16.64,9.6,Sandy
34.9600_-2.0400,34.96,-2.04,18.25,66.61,385.7,8,9.9,4.95,16.88,10,Sandy
34.9600_-1.9600,34.96,-1.96,16.93,68.16,403.9,8.1,8.8,4.4,16,10,Clay
34.9600_-1.8800,34.96,-1.88,17.63,66.95,514.4,8.1,9.8,4.9,15.92,12.6,Clay
34.9600_-1.8000,34.96,-1.8,16.12,66.65,514.4,7.9,11.2,5.6,15.52,12.9,Clay
34.9600_-1.7200,34.96,-1.72,17.99,64.4,535.8,7.9,10.5,5.25,15.36,12,Clay
34.9600_-1.6400,34.96,-1.64,19.06,61.78,391.1,8,9.6,4.8,17.76,9.8,Clay
34.9600_-1.5600,34.96,-1.56,19.06,61.78,391.1,7.9,9.7,4.85,18.72,10.4,Clay
34.9600_-1.4800,34.96,-1.48,19.67,59.51,388.8,7.9,9.1,4.55,19.68,11.2,Clay
34.9600_-1.4000,34.96,-1.4,19.5,58.43,545.2,7.8,9.7,4.85,18.88,12.5,Clay
34.9600_-1.3200,34.96,-1.32,19.5,58.43,545.2,8,9.4,4.7,17.28,9,Clay
34.9600_-1.2400,34.96,-1.24,19.01,57.68,558.8,7.9,9.6,4.8,17.12,8.9,Clay
34.9600_-1.1600,34.96,-1.16,18.05,54.93,500.2,7.8,10.7,5.35,14.24,13.9,Clay
34.9600_-1.0800,34.96,-1.08,18.53,56.22,453.3,7.7,9,4.5,16.8,11.1,Clay
34.9600_-1.0000,34.96,-1,18.53,56.22,453.3,7.7,9.1,4.55,17.52,10.4,Clay
34.9600_-0.9200,34.96,-0.92,18.21,55.99,483.5,7.7,9.4,4.7,17.2,10.7,Clay
34.9600_-0.8400,34.96,-0.84,18,56.19,448.6,7.7,11.4,5.7,16.72,12.1,Silt
34.9600_-0.7600,34.96,-0.76,18,56.19,448.6,7.7,9.3,4.65,15.92,10.8,Clay
34.9600_-0.6800,34.96,-0.68,18.11,55.84,424,7.7,10.2,5.1,15.12,10.4,Clay
34.9600_-0.6000,34.96,-0.6,18.08,54.73,433.3,7.7,9.1,4.55,16.16,10.1,Clay
34.9600_-0.5200,34.96,-0.52,18.08,54.73,433.3,7.6,8.6,4.3,16.88,9.6,Clay
34.9600_-0.4400,34.96,-0.44,17.02,55.46,410,7.7,9.3,4.65,15.12,12.4,Clay
34.9600_-0.3600,34.96,-0.36,18.38,54.08,366.4,7.6,9.1,4.55,16.08,12,Clay
34.9600_-0.2800,34.96,-0.28,18.85,53.04,373.1,7.7,8.8,4.4,16.8,11.1,Silt
34.9600_-0.2000,34.96,-0.2,18.85,53.04,373.1,7.6,8.6,4.3,16.08,10.4,Clay
34.9600_-0.1200,34.96,-0.12,18.73,53.04,466.6,7.6,9.7,4.85,14.56,8.8,Clay
34.9600_-0.0400,34.96,-0.04,18.14,55.71,564.7,7.7,9.2,4.6,15.6,11.3,Clay
34.9600_0.0400,34.96,0.04,17.02,55.49,564.7,7.8,9.5,4.75,14.88,11.2,Clay
34.9600_0.1200,34.96,0.12,16.75,56.41,561.6,7.8,8.6,4.3,14.72,11.1,Clay
34.9600_0.2000,34.96,0.2,18.57,54.55,539.8,7.6,8.4,4.2,16.64,8,Clay
34.9600_0.2800,34.96,0.28,17.41,53.43,560.1,7.8,8.7,4.35,14,9.1,Clay
34.9600_0.3600,34.96,0.36,17.47,53.44,560.1,7.6,8.4,4.2,15.76,10.8,Clay
34.9600_0.4400,34.96,0.44,17.16,52.66,536.2,7.6,8.9,4.45,14.64,10.4,Clay
34.9600_0.5200,34.96,0.52,17.3,52.06,515.9,7.7,8.8,4.4,16.64,10.5,Clay
34.9600_0.6000,34.96,0.6,17.3,52.06,515.9,7.6,8.7,4.35,16.64,10.6,Clay
34.9600_0.6800,34.96,0.68,17.48,52.7,535,7.6,9,4.5,16.56,9.2,Clay
34.9600_0.7600,34.96,0.76,17.23,54.99,577.3,7.6,9.4,4.7,16.08,9.9,Clay
34.9600_0.8400,34.96,0.84,17.23,54.99,577.3,7.7,10.1,5.05,16.64,10.3,Clay
34.9600_0.9200,34.96,0.92,16.65,56.17,610.2,7.6,8.3,4.15,14.88,10.8,Clay
34.9600_1.0000,34.96,1,15.95,56.61,600.2,7.4,9.3,4.65,14.8,12.1,Clay
34.9600_1.0800,34.96,1.08,15.95,56.61,600.2,7.5,9.3,4.65,14.72,8.7,Clay
34.9600_1.1600,34.96,1.16,15.4,56.5,571.1,7.6,9.5,4.75,15.04,9.6,Clay
34.9600_1.2400,34.96,1.24,15.22,56.15,514.9,7.7,9.9,4.95,14.64,9.9,Clay
34.9600_1.3200,34.96,1.32,15.21,56.17,451.6,7.7,12,6,14.56,8.4,Clay
34.9600_1.4000,34.96,1.4,15.21,56.17,451.6,7.6,9.5,4.75,15.28,8.8,Clay
34.9600_1.4800,34.96,1.48,15.17,55.52,417.7,7.6,8.4,4.2,14.88,8.9,Clay
34.9600_1.5600,34.96,1.56,15.03,54.61,428.7,7.6,9.3,4.65,14.08,7.9,Clay
34.9600_1.6400,34.96,1.64,15.03,54.61,428.7,7.5,9.4,4.7,13.6,9.9,Clay
34.9600_1.7200,34.96,1.72,14.92,54.57,426.3,7.5,9.1,4.55,14.56,8.4,Clay
34.9600_1.8000,34.96,1.8,15.18,54.23,390.9,7.6,10.3,5.15,15.52,9.5,Clay
34.9600_1.8800,34.96,1.88,15.18,54.23,390.9,7.6,8.8,4.4,14.4,8.8,Clay
34.9600_1.9600,34.96,1.96,15.88,52.74,385.6,7.6,9,4.5,14.8,9.1,Clay
34.9600_2.0400,34.96,2.04,16.77,51.3,388.3,7.6,9.4,4.7,14.8,9.6,Silt
34.9600_2.1200,34.96,2.12,17.32,51.26,357.6,7.9,8.2,4.1,12.56,8.7,Clay
34.9600_2.2000,34.96,2.2,17.32,51.26,357.6,7.9,7.4,3.7,11.52,10.9,Clay
34.9600_2.2800,34.96,2.28,17.41,52.04,338.2,8,7.1,3.55,11.2,10,Silt
34.9600_2.3600,34.96,2.36,17.59,51.83,328.5,7.9,9.1,4.55,13.6,6.7,Silt
34.9600_2.4400,34.96,2.44,17.59,51.83,328.5,8,8.2,4.1,10.88,8.8,Clay
34.9600_2.5200,34.96,2.52,17.45,52.34,361.3,7.8,8.1,4.05,11.44,8.1,Clay
34.9600_2.6000,34.96,2.6,17.24,52.78,407.7,8,7.9,3.95,11.6,8.6,Clay
34.9600_2.6800,34.96,2.68,17.24,52.78,407.7,7.9,7.4,3.7,11.84,9.3,Clay
34.9600_2.7600,34.96,2.76,17.23,53.19,395.1,8,7,3.5,11.12,10.8,Clay
34.9600_2.8400,34.96,2.84,17.5,52.79,387.3,8,9.6,4.8,11.04,27.8,Clay
34.9600_2.9200,34.96,2.92,17.61,51.83,369.8,8,7.4,3.7,9.84,23.9,Clay
34.9600_3.0000,34.96,3,17.61,51.83,369.8,7.9,8.2,4.1,12.32,7.4,Clay
34.9600_3.0800,34.96,3.08,17.45,51.65,385.3,7.9,7.1,3.55,10.24,6.8,Clay
34.9600_3.1600,34.96,3.16,17.31,51.5,411.4,8,7.3,3.65,11.76,6.9,Clay
34.9600_3.2400,34.96,3.24,17.31,51.5,411.4,7.9,8.3,4.15,11.04,8.4,Clay
34.9600_3.3200,34.96,3.32,16.88,51.92,474.1,7.8,7.8,3.9,12.24,9,Clay
34.9600_3.4000,34.96,3.4,16.3,51.91,494.2,7.9,9.1,4.55,12.16,9.4,Clay
34.9600_3.4800,34.96,3.48,16.3,51.91,494.2,7.9,10.4,5.2,14.16,8.5,Clay
34.9600_3.5600,34.96,3.56,15.72,53.31,483.4,7.8,9.7,4.85,12.56,9.8,Clay
34.9600_3.6400,34.96,3.64,15.75,54.57,416.9,7.8,10,5,13.36,9.1,Clay
34.9600_3.7200,34.96,3.72,16.13,53.95,396.3,7.8,10.7,5.35,12.08,9.3,Silt
34.9600_3.8000,34.96,3.8,16.13,53.95,396.3,7.9,8.4,4.2,12.4,9.5,Silt
34.9600_3.8800,34.96,3.88,16.25,53.41,398.6,7.9,7.8,3.9,12.88,9.3,Silt
34.9600_3.9600,34.96,3.96,14.86,53.47,434.7,7.9,8.6,4.3,11.6,11.3,Clay
34.9600_4.0400,34.96,4.04,15.99,53.72,434.7,7.9,9.1,4.55,11.6,8.2,Clay
34.9600_4.1200,34.96,4.12,15.5,54.8,483.9,7.9,9.6,4.8,11.36,8.7,Clay
34.9600_4.2000,34.96,4.2,14.89,54.02,469.5,7.9,9.3,4.65,10.32,10.5,Clay
34.9600_4.2800,34.96,4.28,15.57,54.17,469.5,8,8.6,4.3,9.52,10.5,Clay
34.9600_4.3600,34.96,4.36,16.88,53.79,421.6,8.1,6,3,10.16,8.1,Clay
34.9600_4.4400,34.96,4.44,17.35,51.49,333.3,8.1,6.3,3.15,8.08,9.6,Clay
34.9600_4.5200,34.96,4.52,18.45,48.92,323.5,8.1,6.1,3.05,8.8,9.4,Clay
34.9600_4.6000,34.96,4.6,18.45,48.92,323.5,8.1,6.1,3.05,8.96,8.6,Clay
34.9600_4.6800,34.96,4.68,18.82,49.5,298.6,8.1,5.4,2.7,9.36,8,Clay
34.9600_4.7600,34.96,4.76,17.77,50.08,331.9,8.1,6.2,3.1,9.2,8.1,Loamy
34.9600_4.8400,34.96,4.84,17.4,50.02,331.9,8.1,7.3,3.65,9.12,11.3,Clay
34.9600_4.9200,34.96,4.92,18.71,50.08,383.2,8.1,9.3,4.65,8.88,9.3,Loamy
34.9600_5.0000,34.96,5,19.32,49.12,362.9,8.2,6.1,3.05,8.96,8.7,Loamy
34.9600_5.0800,34.96,5.08,19.99,48.62,299.5,8.2,5.9,2.95,9.84,6.4,Clay
34.9600_5.1600,34.96,5.16,18.88,48.33,299.5,8.2,8,4,8.64,8,Sandy
34.9600_5.2400,34.96,5.24,20.92,47.21,275.4,8.2,6,3,10.56,7.1,Clay
34.9600_5.3200,34.96,5.32,21.3,46.48,283.3,8.1,6.4,3.2,9.92,7.3,Silt
34.9600_5.4000,34.96,5.4,21.3,46.48,283.3,8.1,7,3.5,11.36,8.3,Silt
34.9600_5.4800,34.96,5.48,21.73,45.52,250.9,8.2,5.6,2.8,9.6,7,Clay
34.9600_5.5600,34.96,5.56,22.07,44.36,232.2,8.1,6.3,3.15,11.12,6.1,Clay
34.9600_5.6400,34.96,5.64,22.07,44.36,232.2,8.1,6,3,9.44,6.4,Clay
34.9600_5.7200,34.96,5.72,22.15,42.13,272.5,8.2,5.7,2.85,10.08,5.3,Clay
34.9600_5.8000,34.96,5.8,21.56,42.18,285.6,8.3,7.2,3.6,9.36,7.1,Loamy
34.9600_5.8800,34.96,5.88,20.46,43.56,303.8,8.2,8.1,4.05,8.32,8.9,Sandy
34.9600_5.9600,34.96,5.96,20.3,43.52,303.8,8.2,5.8,2.9,8.96,10.1,Clay
34.9600_6.0400,34.96,6.04,18.61,46.74,383.6,7.9,10.5,5.25,8.64,12.9,Clay
34.9600_6.1200,34.96,6.12,14.33,55.34,449.3,7.8,9.8,4.9,10,14.1,Clay
34.9600_6.2000,34.96,6.2,14.5,50.53,443.2,7.9,9,4.5,9.6,12,Clay
34.9600_6.2800,34.96,6.28,15.94,53.04,545.2,7.9,8.4,4.2,9.04,12.2,Clay
34.9600_6.3600,34.96,6.36,16.94,54.16,530.2,8,9.1,4.55,8.64,14,Clay
34.9600_6.4400,34.96,6.44,16.07,53.96,530.2,7.8,10,5,8.8,14.5,Clay
34.9600_6.5200,34.96,6.52,16.86,52.27,438.6,8,6.7,3.35,7.44,11,Clay
34.9600_6.6000,34.96,6.6,16.08,52.11,401,8,7.6,3.8,8.32,14.1,Clay
34.9600_6.6800,34.96,6.68,19.42,47.64,320.3,7.9,6.6,3.3,8.96,8.6,Loamy
34.9600_6.7600,34.96,6.76,16.3,54.58,406.7,8,7,3.5,8.32,13.3,Clay
34.9600_6.8400,34.96,6.84,13,57.43,461.3,7.8,8.6,4.3,11.36,11.4,Clay
34.9600_6.9200,34.96,6.92,13.04,58.48,522.9,7.6,9.3,4.65,12.56,16.1,Clay
34.9600_7.0000,34.96,7,14.38,58.73,522.9,7.9,9.2,4.6,11.12,11.6,Clay
34.9600_7.0800,34.96,7.08,14.87,57.64,449.4,8,10.1,5.05,9.6,11.5,Clay
34.9600_7.1600,34.96,7.16,15.27,56.69,359.4,8,8.7,4.35,9.36,11.1,Clay
34.9600_7.2400,34.96,7.24,15.27,56.69,359.4,7.9,8.8,4.4,8.64,11.7,Clay
34.9600_7.3200,34.96,7.32,14.01,56.98,334.8,7.8,10.7,5.35,9.6,12.1,Clay
34.9600_7.4000,34.96,7.4,13.19,57.3,355.6,7.8,10.5,5.25,11.36,14.5,Clay
34.9600_7.4800,34.96,7.48,15.1,57.75,355.6,7.9,9.2,4.6,11.28,10.6,Clay
34.9600_7.5600,34.96,7.56,15.44,57.6,334.7,8,10.4,5.2,9.76,12.4,Clay
34.9600_7.6400,34.96,7.64,14.95,57.17,283.1,7.9,9.3,4.65,8.96,12.1,Clay
34.9600_7.7200,34.96,7.72,16.03,56.67,262.4,8,8.5,4.25,9.04,10.5,Clay
34.9600_7.8000,34.96,7.8,16.03,56.67,262.4,8,8.9,4.45,9.68,10.8,Clay
34.9600_7.8800,34.96,7.88,15.81,56.37,242.1,8,8.9,4.45,11.36,11.3,Clay
34.9600_7.9600,34.96,7.96,15.66,56.23,296.7,8.1,8.6,4.3,10.48,11.3,Clay
34.9600_8.0400,34.96,8.04,14.62,55.99,296.7,7.8,9.8,4.9,11.68,11.4,Clay
34.9600_8.1200,34.96,8.12,15.95,55.83,270.6,7.9,10.2,5.1,12.4,9.5,Clay
34.9600_8.2000,34.96,8.2,16.46,55.21,245.1,8,8.7,4.35,11.2,10.5,Clay
34.9600_8.2800,34.96,8.28,16.46,55.21,245.1,7.9,9.6,4.8,10.72,10,Clay
34.9600_8.3600,34.96,8.36,16.87,54.93,213.3,8,7.5,3.75,11.84,10,Sandy
34.9600_8.4400,34.96,8.44,17.18,54.45,213.7,8,8.1,4.05,11.28,10.3,Clay
34.9600_8.5200,34.96,8.52,17.51,54.03,236,8,7.6,3.8,11.52,11,Clay
34.9600_8.6000,34.96,8.6,17.51,54.03,236,8,9.6,4.8,11.2,14.3,Sandy
34.9600_8.6800,34.96,8.68,17.49,54.56,264.6,8,9.7,4.85,9.76,13.9,Sandy
35.0400_-2.2000,35.04,-2.2,18.85,70.19,435.3,8.2,9.1,4.55,16.96,11.2,Sandy
35.0400_-2.1200,35.04,-2.12,18.85,70.19,435.3,8.2,10.3,5.15,16.72,10.4,Sandy
35.0400_-2.0400,35.04,-2.04,18.83,68.82,407.9,8,9.1,4.55,15.36,16.3,Sandy
35.0400_-1.9600,35.04,-1.96,17.59,68.83,404.2,8,10.7,5.35,17.36,13.9,Clay
35.0400_-1.8800,35.04,-1.88,18.34,67.44,470,8.1,9.5,4.75,16.48,9.1,Clay
35.0400_-1.8000,35.04,-1.8,19.51,67.68,470,8.2,9.6,4.8,17.68,10.6,Sandy
35.0400_-1.7200,35.04,-1.72,18.1,65.72,567.3,7.8,10.1,5.05,14.4,17.9,Clay
35.0400_-1.6400,35.04,-1.64,18.65,65.04,454.2,7.7,11.2,5.6,15.76,12.6,Clay
35.0400_-1.5600,35.04,-1.56,18.65,65.04,454.2,8,9.7,4.85,18.64,8.9,Clay
35.0400_-1.4800,35.04,-1.48,19.39,63.9,367.9,7.9,8.7,4.35,17.12,8.9,Clay
35.0400_-1.4000,35.04,-1.4,19.59,62.38,478.6,8,9.1,4.55,17.6,11.5,Clay
35.0400_-1.3200,35.04,-1.32,19.59,62.38,478.6,7.9,8.7,4.35,18.64,10.8,Clay
35.0400_-1.2400,35.04,-1.24,19.24,60.45,523.4,7.8,9.4,4.7,20,9.8,Clay
35.0400_-1.1600,35.04,-1.16,18.85,59.39,478.4,7.9,9.3,4.65,18.16,11,Clay
35.0400_-1.0800,35.04,-1.08,18.6,58.52,452.5,7.8,9.2,4.6,18.8,11,Clay
35.0400_-1.0000,35.04,-1,18.6,58.52,452.5,7.6,9.4,4.7,16.24,10.3,Clay
35.0400_-0.9200,35.04,-0.92,18.31,57.66,451.6,7.7,9.1,4.55,17.44,9.4,Clay
35.0400_-0.8400,35.04,-0.84,18.21,57.14,411.7,7.7,8.9,4.45,17.52,9.9,Silt
35.0400_-0.7600,35.04,-0.76,18.21,57.14,411.7,7.7,10.7,5.35,19.36,9.5,Clay
35.0400_-0.6800,35.04,-0.68,18.41,56.36,405.2,7.6,14.4,7.2,18.48,9.8,Clay
35.0400_-0.6000,35.04,-0.6,17.58,55.61,379.2,7.7,10.3,5.15,16.08,9.8,Clay
35.0400_-0.5200,35.04,-0.52,18.56,55.86,379.2,7.8,9,4.5,16.8,10.5,Clay
35.0400_-0.4400,35.04,-0.44,19.36,55.06,423.4,7.6,11.3,5.65,17.84,10.3,Clay
35.0400_-0.3600,35.04,-0.36,19.19,54.88,365.9,7.6,10.3,5.15,16.8,9,Clay
35.0400_-0.2800,35.04,-0.28,19.04,54.23,341,7.6,11.6,5.8,15.6,9.9,Clay
35.0400_-0.2000,35.04,-0.2,17.99,53.99,341,7.6,9.6,4.8,15.36,11.4,Clay
35.0400_-0.1200,35.04,-0.12,19.15,53.67,422.1,7.6,12.5,6.25,17.36,9.5,Clay
35.0400_-0.0400,35.04,-0.04,18.8,54.08,536.7,7.6,12,6,17.04,10.5,Silt
35.0400_0.0400,35.04,0.04,19.45,54.23,536.7,7.7,10.2,5.1,16.48,12,Clay
35.0400_0.1200,35.04,0.12,17.51,54.72,525.9,7.7,9.4,4.7,17.52,12.4,Clay
35.0400_0.2000,35.04,0.2,17.27,54.63,529.5,7.9,9.8,4.9,13.92,11.8,Clay
35.0400_0.2800,35.04,0.28,16.68,54.05,528.8,7.8,10.2,5.1,15.2,12.8,Clay
35.0400_0.3600,35.04,0.36,17.62,54.25,528.8,7.9,9,4.5,15.52,10.5,Clay
35.0400_0.4400,35.04,0.44,16.76,52.94,472.3,7.7,9.7,4.85,14.96,11.5,Clay
35.0400_0.5200,35.04,0.52,17.16,52.04,515.9,7.7,9.7,4.85,15.44,13.5,Clay
35.0400_0.6000,35.04,0.6,17.94,52.84,431.6,7.7,8.4,4.2,15.28,10.5,Clay
35.0400_0.6800,35.04,0.68,18.19,52.37,441.2,7.7,8.9,4.45,16,10.8,Clay
35.0400_0.7600,35.04,0.76,17.79,53.63,528.5,7.7,9,4.5,15.52,10.7,Clay
35.0400_0.8400,35.04,0.84,17.79,53.63,528.5,7.6,10.9,5.45,17.36,9.7,Clay
35.0400_0.9200,35.04,0.92,16.86,55.72,593.1,7.7,8.5,4.25,14.88,11,Clay
35.0400_1.0000,35.04,1,17.37,56.17,597.3,7.7,8.8,4.4,14.56,10.3,Clay
35.0400_1.0800,35.04,1.08,15.29,56.22,612.1,7.5,10,5,15.2,10.4,Clay
35.0400_1.1600,35.04,1.16,15.54,56.28,612.1,7.5,9.6,4.8,14.88,11.7,Clay
35.0400_1.2400,35.04,1.24,15.23,56.43,612.2,7.6,9.4,4.7,15.36,11.6,Clay
35.0400_1.3200,35.04,1.32,15.16,56.31,533.9,7.5,10.2,5.1,15.2,9,Clay
35.0400_1.4000,35.04,1.4,15.16,56.31,533.9,7.6,9.3,4.65,15.04,9.1,Clay
35.0400_1.4800,35.04,1.48,15.03,55.79,513.1,7.6,9.4,4.7,15.12,9.1,Clay
35.0400_1.5600,35.04,1.56,14.71,55.89,506.6,7.6,9.6,4.8,14.96,8.4,Clay
35.0400_1.6400,35.04,1.64,14.71,55.89,506.6,7.6,10.3,5.15,13.92,12.1,Clay
35.0400_1.7200,35.04,1.72,14.56,55.13,498.2,7.5,10.4,5.2,14.24,10.4,Clay
35.0400_1.8000,35.04,1.8,15,53.88,450.8,7.4,10.8,5.4,15.04,14.7,Clay
35.0400_1.8800,35.04,1.88,15,53.88,450.8,7.4,10.4,5.2,14,15.6,Clay
35.0400_1.9600,35.04,1.96,16,52.47,447.7,7.5,9.5,4.75,15.28,10.5,Clay
35.0400_2.0400,35.04,2.04,16.95,51.42,367.1,7.7,8.1,4.05,13.6,9.6,Clay
35.0400_2.1200,35.04,2.12,17.3,51.69,365.2,7.9,8.3,4.15,13.76,9.2,Clay
35.0400_2.2000,35.04,2.2,17.3,51.69,365.2,7.9,7.9,3.95,12.88,8.7,Silt
35.0400_2.2800,35.04,2.28,17.33,52.43,358.5,7.9,7.4,3.7,12.56,8.5,Silt
35.0400_2.3600,35.04,2.36,17.52,52.6,318.5,7.9,8.4,4.2,11.52,8.5,Silt
35.0400_2.4400,35.04,2.44,17.52,52.6,318.5,7.8,9.0,4.5,13.44,6.7,Clay
35.0400_2.5200,35.04,2.52,17.63,52.16,343.1,7.9,7.2,3.6,11.68,9.7,Silt
35.0400_2.6000,35.04,2.6,17.38,52.72,388.7,7.9,7.9,3.95,11.44,8.7,Clay
35.0400_2.6800,35.04,2.68,16.2,52.46,388.7,7.8,8.7,4.35,12.4,10.0,Clay
35.0400_2.7600,35.04,2.76,17.25,52.87,399.1,7.8,9.9,4.95,13.04,9.1,Clay
35.0400_2.8400,35.04,2.84,17.19,52.8,382.8,7.7,8.5,4.25,14.16,8.4,Silt
35.0400_2.9200,35.04,2.92,17.23,51.64,363.3,7.8,8.6,4.3,14.56,7.8,Clay
35.0400_3.0000,35.04,3.0,17.23,51.64,363.3,7.9,9.3,4.65,12.16,9.6,Clay
35.0400_3.0800,35.04,3.08,17.36,51.25,351.5,7.9,8.9,4.45,13.36,7.8,Clay
35.0400_3.1600,35.04,3.16,17.74,50.68,355.7,7.9,8.3,4.15,11.84,7.7,Clay
35.0400_3.2400,35.04,3.24,17.74,50.68,355.7,7.9,8.5,4.25,10.88,8.0,Clay
35.0400_3.3200,35.04,3.32,17.57,50.75,387.4,7.9,6.7,3.35,9.68,8.1,Clay
35.0400_3.4000,35.04,3.4,17.7,52.11,454.5,7.9,8.3,4.15,12.72,9.4,Clay
35.0400_3.4800,35.04,3.48,14.73,53.07,477.3,7.6,12.6,6.3,15.36,13.0,Clay
35.0400_3.5600,35.04,3.56,16.44,53.54,485.5,7.9,9.6,4.8,12.8,11.2,Clay
35.0400_3.6400,35.04,3.64,16.17,53.54,458.8,7.9,8.4,4.2,12.16,8.2,Clay
35.0400_3.7200,35.04,3.72,16.17,53.54,458.8,7.8,9.4,4.7,12.4,10.6,Clay
35.0400_3.8000,35.04,3.8,16.47,53.07,359.6,7.9,8.4,4.2,11.84,8.7,Clay
35.0400_3.8800,35.04,3.88,16.74,52.43,343.0,7.9,7.6,3.8,12.72,9.5,Silt
35.0400_3.9600,35.04,3.96,17.19,53.16,404.1,8.0,9.8,4.9,12.32,9.8,Clay
35.0400_4.0400,35.04,4.04,16.47,53.01,404.1,7.9,7.9,3.95,10.88,8.8,Clay
35.0400_4.1200,35.04,4.12,16.07,53.55,525.1,7.9,11.3,5.65,11.36,12.9,Clay
35.0400_4.2000,35.04,4.2,15.25,54.22,551.5,8.0,10.8,5.4,13.04,19.3,Clay
35.0400_4.2800,35.04,4.28,15.91,54.37,551.5,7.8,14.0,7.0,13.04,29.1,Silt
35.0400_4.3600,35.04,4.36,16.4,53.36,485.5,7.8,11.7,5.85,12.48,14.2,Silt
35.0400_4.4400,35.04,4.44,16.85,51.05,381.4,8.0,10.0,5.0,10.4,12.1,Clay
35.0400_4.5200,35.04,4.52,17.56,51.19,381.4,8.1,9.5,4.75,8.96,12.7,Clay
35.0400_4.6000,35.04,4.6,18.73,49.16,341.6,8.1,5.9,2.95,9.12,10.0,Clay
35.0400_4.6800,35.04,4.68,19.09,49.1,313.1,8.1,5.5,2.75,9.76,9.3,Clay
35.0400_4.7600,35.04,4.76,18.83,50.05,317.3,8.1,5.4,2.7,8.96,7.8,Clay
35.0400_4.8400,35.04,4.84,18.83,50.05,317.3,8.1,5.0,2.5,10.48,7.6,Clay
35.0400_4.9200,35.04,4.92,17.54,49.8,355.5,8.1,8.3,4.15,7.6,10.5,Clay
35.0400_5.0000,35.04,5.0,19.15,49.53,326.0,8.2,8.2,4.1,9.2,8.1,Loamy
35.0400_5.0800,35.04,5.08,19.15,49.53,326.0,8.1,8.0,4.0,8.72,7.8,Sandy
35.0400_5.1600,35.04,5.16,19.88,49.55,284.5,8.2,7.5,3.75,10.56,10.2,Silt
35.0400_5.2400,35.04,5.24,19.35,47.12,291.7,8.2,8.4,4.2,8.56,8.6,Sandy
35.0400_5.3200,35.04,5.32,20.51,47.4,291.7,8.1,8.2,4.1,8.96,7.5,Silt
35.0400_5.4000,35.04,5.4,20.77,47.22,309.1,8.1,9.2,4.6,9.12,7.4,Clay
35.0400_5.4800,35.04,5.48,21.24,46.02,235.8,8.2,6.2,3.1,10.32,7.5,Clay
35.0400_5.5600,35.04,5.56,21.65,44.45,185.2,8.1,5.4,2.7,10.88,6.5,Clay
35.0400_5.6400,35.04,5.64,21.65,44.45,185.2,8.2,5.0,2.5,10.56,7.3,Loamy
35.0400_5.7200,35.04,5.72,21.19,43.12,218.7,8.2,7.0,3.5,9.76,7.8,Sandy
35.0400_5.8000,35.04,5.8,18.91,44.33,296.8,8.0,12.0,6.0,8.8,11.1,Sandy
35.0400_5.8800,35.04,5.88,15.92,52.63,454.0,7.8,12.1,6.05,10.72,16.6,Clay
35.0400_5.9600,35.04,5.96,17.01,47.04,336.6,7.9,11.0,5.5,9.2,12.9,Sandy
35.0400_6.0400,35.04,6.04,19.29,46.84,358.6,8.0,6.7,3.35,8.8,8.3,Sandy
35.0400_6.1200,35.04,6.12,18.5,46.67,358.6,8.0,6.4,3.2,8.96,10.1,Clay
35.0400_6.2000,35.04,6.2,16.17,55.68,427.9,7.9,10.5,5.25,9.76,13.2,Clay
35.0400_6.2800,35.04,6.28,11.2,56.54,572.6,7.5,11.0,5.5,12.08,27.8,Clay
35.0400_6.3600,35.04,6.36,13.28,58.58,549.1,7.8,8.7,4.35,10.72,11.4,Clay
35.0400_6.4400,35.04,6.44,14.1,58.73,549.1,7.9,9.1,4.55,11.44,10.8,Clay
35.0400_6.5200,35.04,6.52,16.04,57.36,505.9,7.9,8.3,4.15,8.64,11.9,Clay
35.0400_6.6000,35.04,6.6,12.36,57.85,464.7,7.6,9.6,4.8,13.68,13.8,Clay
35.0400_6.6800,35.04,6.68,15.42,56.52,421.9,7.9,7.9,3.95,10.16,9.9,Clay
35.0400_6.7600,35.04,6.76,17.15,57.87,389.7,8.0,7.7,3.85,8.72,9.8,Clay
35.0400_6.8400,35.04,6.84,16.71,58.93,380.3,7.9,8.1,4.05,7.68,11.4,Clay
35.0400_6.9200,35.04,6.92,12.59,58.44,365.4,7.7,9.9,4.95,12.24,13.9,Clay
35.0400_7.0000,35.04,7.0,14.35,58.78,365.4,0.0,0.0,0.0,0.0,0.0,Unknown
35.0400_7.0800,35.04,7.08,14.36,58.73,351.9,8.0,8.9,4.45,10.56,11.2,Clay
35.0400_7.1600,35.04,7.16,14.34,58.82,344.8,7.9,9.0,4.5,10.64,10.5,Clay
35.0400_7.2400,35.04,7.24,14.34,58.82,344.8,7.9,8.5,4.25,9.68,9.7,Clay
35.0400_7.3200,35.04,7.32,15.5,59.28,339.5,7.9,8.7,4.35,10.24,9.2,Clay
35.0400_7.4000,35.04,7.4,14.63,59.02,342.5,7.8,7.9,3.95,10.16,9.7,Clay
35.0400_7.4800,35.04,7.48,13.63,58.8,342.5,7.8,9.0,4.5,11.44,9.5,Clay
35.0400_7.5600,35.04,7.56,16.12,58.55,292.4,7.9,9.9,4.95,8.72,13.5,Clay
35.0400_7.6400,35.04,7.64,14.83,57.91,269.7,8.0,9.2,4.6,11.04,10.5,Clay
35.0400_7.7200,35.04,7.72,15.5,58.03,269.7,8.0,8.9,4.45,9.68,10.8,Clay
35.0400_7.8000,35.04,7.8,15.59,57.32,265.5,8.0,9.1,4.55,9.68,9.5,Clay
35.0400_7.8800,35.04,7.88,15.23,57.35,278.1,8.0,9.8,4.9,10.72,11.3,Clay
35.0400_7.9600,35.04,7.96,14.96,57.94,345.7,7.9,9.6,4.8,11.36,9.4,Clay
35.0400_8.0400,35.04,8.04,14.96,57.94,345.7,8.0,10.5,5.25,12.08,10.9,Clay
35.0400_8.1200,35.04,8.12,15.3,57.79,321.6,8.0,10.3,5.15,11.28,9.5,Clay
35.0400_8.2000,35.04,8.2,15.86,57.1,270.1,8.0,10.9,5.45,12.08,11.2,Clay
35.0400_8.2800,35.04,8.28,15.86,57.1,270.1,8.0,9.4,4.7,11.28,11.0,Clay
35.0400_8.3600,35.04,8.36,16.12,56.45,212.2,7.9,9.3,4.65,12.0,11.2,Clay
35.0400_8.4400,35.04,8.44,16.4,55.51,242.4,8.0,9.8,4.9,11.12,11.8,Sandy
35.0400_8.5200,35.04,8.52,16.4,55.51,242.4,8.0,9.8,4.9,10.32,11.3,Clay
35.0400_8.6000,35.04,8.6,16.81,55.13,255.6,8.0,9.7,4.85,10.08,12.9,Sandy
35.0400_8.6800,35.04,8.68,16.91,55.88,289.1,7.9,11.3,5.65,9.84,12.3,Sandy
35.1200_-2.2000,35.12,-2.2,19.55,70.23,434.6,0.0,0.0,0.0,0.0,0.0,Unknown
35.1200_-2.1200,35.12,-2.12,19.55,70.23,434.6,0.0,0.0,0.0,0.0,0.0,Unknown
35.1200_-2.0400,35.12,-2.04,19.78,68.94,407.4,0.0,0.0,0.0,0.0,0.0,Unknown
35.1200_-1.9600,35.12,-1.96,19.93,69.16,403.6,0.0,0.0,0.0,0.0,0.0,Unknown
35.1200_-1.8800,35.12,-1.88,19.75,76.67,545.6,0.0,0.0,0.0,0.0,0.0,Unknown
35.1200_-1.8000,35.12,-1.8,18.79,76.54,545.6,0.0,0.0,0.0,0.0,0.0,Unknown
35.1200_-1.7200,35.12,-1.72,17.79,67.66,575.4,6.9,12.8,6.4,13.84,14.7,Clay
35.1200_-1.6400,35.12,-1.64,16.1,67.67,533.8,7.5,11.0,5.5,14.24,15.6,Clay
35.1200_-1.5600,35.12,-1.56,17.48,67.94,533.8,7.7,11.4,5.7,16.48,12.2,Clay
35.1200_-1.4800,35.12,-1.48,18.63,68.28,436.7,7.7,9.1,4.55,19.52,10.3,Clay
35.1200_-1.4000,35.12,-1.4,17.97,66.01,476.6,7.9,9.3,4.65,19.44,9.8,Clay
35.1200_-1.3200,35.12,-1.32,18.84,66.15,476.6,7.8,9.7,4.85,19.6,9.9,Clay
35.1200_-1.2400,35.12,-1.24,18.66,63.47,521.3,7.8,9.6,4.8,18.72,13.2,Clay
35.1200_-1.1600,35.12,-1.16,19.26,62.85,462.7,7.8,9.1,4.55,17.44,12.7,Clay
35.1200_-1.0800,35.12,-1.08,18.24,60.86,430.2,7.7,9.7,4.85,18.8,9.9,Clay
35.1200_-1.0000,35.12,-1.0,18.24,60.86,430.2,7.7,9.6,4.8,16.8,12.2,Clay
35.1200_-0.9200,35.12,-0.92,17.29,59.4,445.2,7.7,9.4,4.7,16.0,12.9,Clay
35.1200_-0.8400,35.12,-0.84,18.15,58.92,407.8,7.7,8.9,4.45,16.96,9.9,Clay
35.1200_-0.7600,35.12,-0.76,18.15,58.92,407.8,7.7,11.2,5.6,17.92,9.5,Silt
35.1200_-0.6800,35.12,-0.68,18.57,57.52,349.7,7.7,9.6,4.8,18.08,10.8,Clay
35.1200_-0.6000,35.12,-0.6,18.9,55.7,332.4,7.8,9.2,4.6,17.6,11.7,Clay
35.1200_-0.5200,35.12,-0.52,18.9,55.7,332.4,7.7,9.0,4.5,17.44,9.4,Clay
35.1200_-0.4400,35.12,-0.44,18.72,56.37,387.9,7.7,8.8,4.4,17.2,10.9,Clay
35.1200_-0.3600,35.12,-0.36,18.62,55.69,366.8,7.6,9.6,4.8,16.0,10.3,Clay
35.1200_-0.2800,35.12,-0.28,18.99,55.32,343.2,7.5,8.8,4.4,19.44,10.6,Silt
35.1200_-0.2000,35.12,-0.2,18.99,55.32,343.2,7.5,8.7,4.35,18.48,9.2,Silt
35.1200_-0.1200,35.12,-0.12,19.21,55.29,362.7,7.7,8.7,4.35,18.16,8.8,Clay
35.1200_-0.0400,35.12,-0.04,19.18,55.66,503.6,0.0,0.0,0.0,0.0,0.0,Unknown
35.1200_0.0400,35.12,0.04,19.18,55.66,503.6,7.5,9.1,4.55,18.8,12.3,Silt
35.1200_0.1200,35.12,0.12,18.88,54.69,544.0,7.6,8.5,4.25,17.2,10.4,Silt
35.1200_0.2000,35.12,0.2,17.5,54.81,585.5,7.7,9.1,4.55,17.28,10.3,Clay
35.1200_0.2800,35.12,0.28,18.19,54.97,585.5,7.7,9.4,4.7,15.2,12.1,Clay
35.1200_0.3600,35.12,0.36,17.43,55.18,584.9,7.6,9.3,4.65,15.76,10.7,Clay
35.1200_0.4400,35.12,0.44,17.47,54.65,475.9,7.6,9.3,4.65,15.84,9.2,Clay
35.1200_0.5200,35.12,0.52,17.48,54.65,475.9,7.7,10.0,5.0,15.68,11.3,Clay
35.1200_0.6000,35.12,0.6,18.82,53.64,372.6,7.7,8.4,4.2,16.16,8.8,Clay
35.1200_0.6800,35.12,0.68,18.37,53.06,402.8,7.7,8.9,4.45,15.84,9.9,Clay
35.1200_0.7600,35.12,0.76,17.94,53.48,541.6,7.7,9.1,4.55,15.52,8.8,Clay
35.1200_0.8400,35.12,0.84,17.94,53.48,541.6,7.7,8.9,4.45,14.32,9.9,Clay
35.1200_0.9200,35.12,0.92,18.15,55.33,588.1,7.7,8.1,4.05,15.76,9.6,Clay
35.1200_1.0000,35.12,1.0,16.42,55.24,596.8,7.7,10.4,5.2,16.0,10.9,Clay
35.1200_1.0800,35.12,1.08,15.75,55.0,589.9,7.6,10.2,5.1,15.52,13.8,Clay
35.1200_1.1600,35.12,1.16,16.06,55.06,589.9,7.6,9.7,4.85,15.84,11.1,Clay
35.1200_1.2400,35.12,1.24,15.74,55.58,606.1,7.5,9.1,4.55,15.2,10.9,Clay
35.1200_1.3200,35.12,1.32,15.57,55.82,591.3,7.5,9.2,4.6,15.76,8.3,Clay
35.1200_1.4000,35.12,1.4,15.57,55.82,591.3,7.5,8.8,4.4,14.48,9.8,Clay
35.1200_1.4800,35.12,1.48,15.43,55.41,573.2,7.7,9.1,4.55,15.28,11.2,Clay
35.1200_1.5600,35.12,1.56,15.88,55.59,587.7,7.5,9.6,4.8,15.76,8.0,Clay
35.1200_1.6400,35.12,1.64,15.14,55.43,587.7,7.5,9.3,4.65,15.04,11.3,Clay
35.1200_1.7200,35.12,1.72,14.91,54.59,574.7,7.5,9.3,4.65,14.0,8.9,Clay
35.1200_1.8000,35.12,1.8,14.7,52.83,530.4,7.5,10.1,5.05,15.52,19.4,Clay
35.1200_1.8800,35.12,1.88,15.4,52.93,530.4,7.6,9.7,4.85,14.88,10.4,Clay
35.1200_1.9600,35.12,1.96,17.2,52.07,448.3,7.7,7.7,3.85,13.84,8.6,Silt
35.1200_2.0400,35.12,2.04,17.26,51.48,338.4,7.8,8.2,4.1,13.68,7.7,Clay
35.1200_2.1200,35.12,2.12,17.26,51.48,338.4,7.8,7.5,3.75,13.92,9.3,Clay
35.1200_2.2000,35.12,2.2,17.3,52.38,372.6,7.8,7.8,3.9,13.52,8.0,Clay
35.1200_2.2800,35.12,2.28,17.16,53.06,402.1,7.9,7.5,3.75,13.2,8.6,Silt
35.1200_2.3600,35.12,2.36,17.47,52.99,330.5,7.9,6.8,3.4,12.24,8.2,Clay
35.1200_2.4400,35.12,2.44,17.47,52.99,330.5,7.9,7.9,3.95,11.84,8.1,Clay
35.1200_2.5200,35.12,2.52,17.68,52.74,299.7,7.9,7.5,3.75,11.92,11.0,Silt
35.1200_2.6000,35.12,2.6,17.56,52.6,389.3,7.9,7.4,3.7,12.64,9.1,Silt
35.1200_2.6800,35.12,2.68,17.56,52.6,389.3,7.9,10.2,5.1,12.32,8.2,Silt
35.1200_2.7600,35.12,2.76,17.32,52.81,424.8,7.9,7.7,3.85,12.24,8.7,Silt
35.1200_2.8400,35.12,2.84,17.19,52.79,378.9,7.9,9.7,4.85,12.8,9.9,Silt
35.1200_2.9200,35.12,2.92,17.19,52.79,378.9,7.7,8.9,4.45,15.2,9.1,Silt
35.1200_3.0000,35.12,3.0,16.98,52.21,372.8,7.7,8.3,4.15,12.8,8.3,Clay
35.1200_3.0800,35.12,3.08,17.01,51.96,335.0,7.7,10.1,5.05,15.52,7.9,Clay
35.1200_3.1600,35.12,3.16,17.43,51.74,335.1,7.8,8.8,4.4,14.88,8.9,Clay
35.1200_3.2400,35.12,3.24,17.43,51.74,335.1,7.9,8.6,4.3,12.16,8.4,Clay
35.1200_3.3200,35.12,3.32,17.86,51.28,333.2,8.0,8.0,4.0,10.64,9.2,Clay
35.1200_3.4000,35.12,3.4,17.69,51.54,369.9,8.1,6.9,3.45,8.88,19.9,Clay
35.1200_3.4800,35.12,3.48,17.69,51.54,369.9,8.0,11.4,5.7,8.4,9.6,Clay
35.1200_3.5600,35.12,3.56,17.33,51.85,427.0,8.0,7.9,3.95,10.8,10.1,Clay
35.1200_3.6400,35.12,3.64,17.04,52.81,431.0,8.0,9.3,4.65,11.36,10.2,Clay
35.1200_3.7200,35.12,3.72,17.04,52.81,431.0,7.9,10.1,5.05,14.24,10.1,Clay
35.1200_3.8000,35.12,3.8,17.01,53.07,390.7,7.9,8.6,4.3,12.56,9.0,Silt
35.1200_3.8800,35.12,3.88,17.15,52.17,352.4,8.0,7.3,3.65,9.2,9.8,Clay
35.1200_3.9600,35.12,3.96,17.29,51.4,347.5,8.0,7.9,3.95,11.36,9.1,Clay
35.1200_4.0400,35.12,4.04,17.29,51.4,347.5,8.0,8.2,4.1,10.72,9.4,Silt
35.1200_4.1200,35.12,4.12,18.3,51.28,397.0,8.0,7.8,3.9,8.4,8.6,Clay
35.1200_4.2000,35.12,4.2,17.57,50.74,429.7,8.0,9.5,4.75,10.24,10.8,Clay
35.1200_4.2800,35.12,4.28,18.6,50.99,429.7,8.0,7.4,3.7,9.04,9.3,Loamy
35.1200_4.3600,35.12,4.36,18.56,50.75,439.7,8.0,7.0,3.5,8.96,8.9,Clay
35.1200_4.4400,35.12,4.44,18.3,49.62,381.4,8.1,7.6,3.8,10.32,9.3,Clay
35.1200_4.5200,35.12,4.52,18.3,49.62,381.4,8.1,6.4,3.2,8.48,8.9,Clay
35.1200_4.6000,35.12,4.6,19.0,49.16,378.7,8.0,6.1,3.05,9.52,9.4,Sandy
35.1200_4.6800,35.12,4.68,19.33,48.81,340.7,8.1,5.1,2.55,9.2,7.0,Silt
35.1200_4.7600,35.12,4.76,19.15,49.7,343.5,8.1,5.1,2.55,9.12,7.8,Silt
35.1200_4.8400,35.12,4.84,19.15,49.7,343.5,8.1,6.0,3.0,9.12,8.1,Loamy
35.1200_4.9200,35.12,4.92,18.98,49.81,345.9,8.1,7.4,3.7,8.88,9.0,Clay
35.1200_5.0000,35.12,5.0,19.1,50.12,321.4,8.1,6.3,3.15,8.4,7.5,Clay
35.1200_5.0800,35.12,5.08,19.1,50.12,321.4,8.1,5.4,2.7,9.68,8.8,Clay
35.1200_5.1600,35.12,5.16,19.64,49.08,279.3,8.1,6.0,3.0,9.12,6.3,Clay
35.1200_5.2400,35.12,5.24,19.24,48.05,287.7,8.1,9.2,4.6,8.8,8.1,Clay
35.1200_5.3200,35.12,5.32,19.89,48.2,287.7,8.1,5.0,2.5,8.96,7.2,Clay
35.1200_5.4000,35.12,5.4,20.03,47.37,320.7,8.1,6.7,3.35,8.56,8.8,Clay
35.1200_5.4800,35.12,5.48,18.89,47.57,294.9,8.1,8.8,4.4,8.32,8.9,Clay
35.1200_5.5600,35.12,5.56,19.23,49.68,349.1,8.1,9.2,4.6,9.28,8.0,Clay
35.1200_5.6400,35.12,5.64,20.46,46.6,238.8,8.2,5.8,2.9,9.44,7.9,Clay
35.1200_5.7200,35.12,5.72,19.51,46.29,263.9,8.0,6.5,3.25,9.68,7.7,Clay
35.1200_5.8000,35.12,5.8,18.8,46.13,263.9,7.9,9.1,4.55,9.04,10.1,Clay
35.1200_5.8800,35.12,5.88,17.63,49.61,380.9,7.9,11.3,5.65,9.2,12.6,Clay
35.1200_5.9600,35.12,5.96,16.83,52.83,454.0,7.9,10.2,5.1,9.68,11.3,Clay
35.1200_6.0400,35.12,6.04,11.77,56.39,486.7,7.6,12.7,6.35,13.2,33.6,Clay
35.1200_6.1200,35.12,6.12,14.48,54.76,376.8,7.9,10.7,5.35,12.32,9.8,Clay
35.1200_6.2000,35.12,6.2,16.43,55.97,389.6,7.9,8.3,4.15,8.8,11.4,Clay
35.1200_6.2800,35.12,6.28,16.29,57.84,415.8,8.0,8.4,4.2,9.6,13.3,Clay
35.1200_6.3600,35.12,6.36,12.71,58.13,448.9,7.7,9.3,4.65,12.4,15.3,Clay
35.1200_6.4400,35.12,6.44,13.58,58.32,448.9,7.6,8.3,4.15,13.04,13.1,Clay
35.1200_6.5200,35.12,6.52,14.52,58.27,464.7,7.9,9.6,4.8,12.4,10.1,Clay
35.1200_6.6000,35.12,6.6,14.37,57.29,470.5,7.9,10.6,5.3,12.56,10.5,Clay
35.1200_6.6800,35.12,6.68,13.04,58.83,499.3,7.5,10.9,5.45,14.88,28.2,Clay
35.1200_6.7600,35.12,6.76,15.24,57.71,402.4,7.7,9.8,4.9,12.0,12.7,Clay
35.1200_6.8400,35.12,6.84,15.7,57.16,298.8,8.0,6.8,3.4,9.44,9.1,Clay
35.1200_6.9200,35.12,6.92,16.76,57.39,298.8,8.0,9.7,4.85,8.8,11.1,Clay
35.1200_7.0000,35.12,7.0,16.27,56.98,274.6,8.0,6.8,3.4,9.36,8.8,Clay
35.1200_7.0800,35.12,7.08,13.47,58.02,295.4,7.9,9.5,4.75,12.72,11.3,Clay
35.1200_7.1600,35.12,7.16,14.65,58.27,295.4,7.9,10.3,5.15,14.08,9.0,Clay
35.1200_7.2400,35.12,7.24,13.22,59.5,369.2,7.8,9.6,4.8,12.56,9.4,Clay
35.1200_7.3200,35.12,7.32,15.02,60.02,353.9,7.9,8.4,4.2,11.2,8.4,Clay
35.1200_7.4000,35.12,7.4,14.46,59.67,326.5,7.9,9.0,4.5,10.56,8.4,Clay
35.1200_7.4800,35.12,7.48,14.46,59.67,326.5,7.9,13.2,6.6,11.04,9.5,Clay
35.1200_7.5600,35.12,7.56,14.85,59.33,299.7,7.9,8.8,4.4,11.28,8.5,Clay
35.1200_7.6400,35.12,7.64,15.17,58.81,306.0,7.9,9.6,4.8,11.2,11.7,Clay
35.1200_7.7200,35.12,7.72,15.17,58.81,306.0,7.9,9.8,4.9,11.04,11.6,Clay
35.1200_7.8000,35.12,7.8,15.17,57.8,293.0,7.9,11.9,5.95,12.32,7.8,Clay
35.1200_7.8800,35.12,7.88,14.71,58.37,313.3,7.8,10.1,5.05,12.0,10.1,Clay
35.1200_7.9600,35.12,7.96,14.71,58.37,313.3,7.8,9.3,4.65,14.16,9.2,Clay
35.1200_8.0400,35.12,8.04,13.68,58.41,341.1,7.7,11.3,5.65,14.56,12.1,Clay
35.1200_8.1200,35.12,8.12,15.03,58.48,290.4,7.9,10.6,5.3,13.76,8.8,Clay
35.1200_8.2000,35.12,8.2,15.37,57.71,268.7,7.9,9.3,4.65,11.6,9.3,Clay
35.1200_8.2800,35.12,8.28,15.37,57.71,268.7,7.9,10.0,5.0,12.88,9.2,Clay
35.1200_8.3600,35.12,8.36,15.34,57.31,286.6,7.7,13.1,6.55,15.12,10.3,Clay
35.1200_8.4400,35.12,8.44,14.94,56.92,345.0,7.6,10.4,5.2,15.36,10.4,Clay
35.1200_8.5200,35.12,8.52,15.62,57.05,345.0,7.8,15.0,7.5,12.56,10.3,Clay
35.1200_8.6000,35.12,8.6,16.25,56.64,339.0,7.9,11.6,5.8,13.52,8.5,Clay
35.1200_8.6800,35.12,8.68,16.57,56.97,333.1,7.9,9.8,4.9,10.48,9.8,Sandy
35.2000_-2.2000,35.2,-2.2,18.97,81.08,446.3,0.0,0.0,0.0,0.0,0.0,Unknown
35.2000_-2.1200,35.2,-2.12,19.1,80.81,456.1,0.0,0.0,0.0,0.0,0.0,Unknown
35.2000_-2.0400,35.2,-2.04,19.1,80.81,456.1,0.0,0.0,0.0,0.0,0.0,Unknown
35.2000_-1.9600,35.2,-1.96,19.75,76.67,545.6,0.0,0.0,0.0,0.0,0.0,Unknown
35.2000_-1.8800,35.2,-1.88,19.75,76.67,545.6,0.0,0.0,0.0,0.0,0.0,Unknown
35.2000_-1.8000,35.2,-1.8,19.75,76.67,545.6,0.0,0.0,0.0,0.0,0.0,Unknown
35.2000_-1.7200,35.2,-1.72,20.47,68.11,575.4,0.0,0.0,0.0,0.0,0.0,Unknown
35.2000_-1.6400,35.2,-1.64,18.51,70.52,581.2,7.7,10.7,5.35,14.56,26.2,Clay
35.2000_-1.5600,35.2,-1.56,18.51,70.52,581.2,7.9,10.0,5.0,15.92,12.7,Clay
35.2000_-1.4800,35.2,-1.48,18.23,71.46,523.2,7.8,10.0,5.0,16.64,10.8,Clay
35.2000_-1.4000,35.2,-1.4,19.37,69.66,535.7,7.8,10.2,5.1,18.32,9.9,Clay
35.2000_-1.3200,35.2,-1.32,18.21,65.82,532.1,7.7,9.1,4.55,18.64,10.5,Clay
35.2000_-1.2400,35.2,-1.24,18.21,65.82,532.1,7.8,9.3,4.65,19.12,10.9,Clay
35.2000_-1.1600,35.2,-1.16,18.1,63.63,502.3,7.8,9.3,4.65,18.24,11.4,Clay
35.2000_-1.0800,35.2,-1.08,18.13,62.14,454.2,7.7,10.0,5.0,18.72,12.6,Clay
35.2000_-1.0000,35.2,-1.0,18.13,62.14,454.2,7.9,9.0,4.5,18.32,10.0,Clay
35.2000_-0.9200,35.2,-0.92,18.11,60.88,440.4,7.7,9.4,4.7,20.24,9.4,Clay
35.2000_-0.8400,35.2,-0.84,17.98,60.57,446.4,7.6,9.0,4.5,17.76,10.1,Clay
35.2000_-0.7600,35.2,-0.76,17.98,60.57,446.4,7.7,9.6,4.8,18.96,10.7,Silt
35.2000_-0.6800,35.2,-0.68,18.42,59.36,367.1,7.7,9.0,4.5,19.04,9.6,Silt
35.2000_-0.6000,35.2,-0.6,18.9,57.36,316.2,7.7,8.8,4.4,16.16,10.2,Silt
35.2000_-0.5200,35.2,-0.52,18.9,57.36,316.2,7.6,9.3,4.65,18.4,9.9,Silt
35.2000_-0.4400,35.2,-0.44,18.69,57.5,350.6,7.1,9.6,4.8,17.12,12.5,Clay
35.2000_-0.3600,35.2,-0.36,18.41,58.24,394.4,7.6,9.3,4.65,15.36,9.9,Clay
35.2000_-0.2800,35.2,-0.28,18.74,57.0,351.3,7.5,8.6,4.3,16.08,9.4,Clay
35.2000_-0.2000,35.2,-0.2,18.74,57.0,351.3,7.5,10.2,5.1,17.76,10.6,Silt
35.2000_-0.1200,35.2,-0.12,18.98,57.11,368.1,7.6,10.7,5.35,19.44,8.2,Silt
35.2000_-0.0400,35.2,-0.04,19.19,56.73,445.7,7.5,10.3,5.15,18.8,9.1,Clay
35.2000_0.0400,35.2,0.04,19.19,56.73,445.7,7.4,12.8,6.4,19.2,9.5,Silt
35.2000_0.1200,35.2,0.12,19.11,55.0,536.9,7.3,8.8,4.4,19.04,11.3,Silt
35.2000_0.2000,35.2,0.2,19.28,54.49,591.0,7.4,9.0,4.5,16.64,10.8,Silt
35.2000_0.2800,35.2,0.28,17.9,55.31,601.5,7.8,10.0,5.0,16.48,12.2,Clay
35.2000_0.3600,35.2,0.36,17.5,55.22,601.5,7.8,8.5,4.25,15.12,10.3,Clay
35.2000_0.4400,35.2,0.44,15.38,54.78,463.1,7.6,10.7,5.35,15.04,13.6,Clay
35.2000_0.5200,35.2,0.52,17.87,54.95,378.2,7.7,9.2,4.6,15.2,9.0,Silt
35.2000_0.6000,35.2,0.6,18.95,55.17,378.2,7.6,8.7,4.35,16.4,8.5,Silt
35.2000_0.6800,35.2,0.68,18.85,54.63,429.2,7.7,9.1,4.55,17.6,9.8,Clay
35.2000_0.7600,35.2,0.76,16.65,54.28,570.0,7.6,10.0,5.0,15.28,12.8,Silt
35.2000_0.8400,35.2,0.84,18.48,54.65,570.0,7.7,9.5,4.75,16.48,9.2,Silt
35.2000_0.9200,35.2,0.92,17.11,55.02,601.4,7.6,9.5,4.75,15.2,10.8,Silt
35.2000_1.0000,35.2,1.0,16.75,55.53,616.0,7.5,10.3,5.15,15.84,11.8,Clay
35.2000_1.0800,35.2,1.08,17.48,55.34,620.1,7.7,9.6,4.8,16.32,12.9,Clay
35.2000_1.1600,35.2,1.16,16.6,54.51,599.4,7.6,10.6,5.3,16.4,11.9,Clay
35.2000_1.2400,35.2,1.24,16.27,55.15,611.2,7.5,9.8,4.9,15.52,9.7,Clay
35.2000_1.3200,35.2,1.32,16.27,55.15,611.2,7.6,9.8,4.9,15.04,8.8,Clay
35.2000_1.4000,35.2,1.4,15.99,55.38,594.6,7.5,9.0,4.5,14.4,11.1,Clay
35.2000_1.4800,35.2,1.48,16.08,54.59,581.7,7.6,9.2,4.6,14.08,10.3,Clay
35.2000_1.5600,35.2,1.56,15.9,54.11,563.9,7.5,8.2,4.1,13.92,8.5,Clay
35.2000_1.6400,35.2,1.64,16.44,54.25,506.3,7.6,13.3,6.65,14.56,9.3,Clay
35.2000_1.7200,35.2,1.72,16.65,53.68,559.3,7.6,8.3,4.15,13.84,9.9,Clay
35.2000_1.8000,35.2,1.8,16.17,52.18,527.3,7.6,8.6,4.3,15.04,10.1,Clay
35.2000_1.8800,35.2,1.88,16.17,52.18,527.3,7.6,9.2,4.6,15.2,9.7,Clay
35.2000_1.9600,35.2,1.96,17.0,51.77,433.0,7.7,8.5,4.25,14.4,9.6,Clay
35.2000_2.0400,35.2,2.04,17.54,51.95,360.4,7.8,7.7,3.85,13.68,8.1,Clay
35.2000_2.1200,35.2,2.12,17.54,51.95,360.4,7.8,7.0,3.5,14.16,7.5,Silt
35.2000_2.2000,35.2,2.2,17.4,53.18,366.9,7.8,7.9,3.95,13.52,7.9,Silt
35.2000_2.2800,35.2,2.28,17.29,53.37,413.1,7.8,8.0,4.0,13.76,8.6,Clay
35.2000_2.3600,35.2,2.36,17.55,53.25,348.6,7.9,8.4,4.2,13.68,8.2,Clay
35.2000_2.4400,35.2,2.44,17.55,53.25,348.6,8.0,7.4,3.7,11.92,7.9,Clay
35.2000_2.5200,35.2,2.52,17.71,52.7,303.3,7.9,8.2,4.1,12.56,8.0,Clay
35.2000_2.6000,35.2,2.6,17.6,52.86,331.3,7.9,10.0,5.0,12.8,7.6,Silt
35.2000_2.6800,35.2,2.68,17.6,52.86,331.3,7.9,8.5,4.25,11.92,7.6,Clay
35.2000_2.7600,35.2,2.76,17.48,52.83,357.8,7.9,7.7,3.85,12.4,8.7,Silt
35.2000_2.8400,35.2,2.84,17.38,52.76,355.7,7.9,7.8,3.9,12.56,8.4,Silt
35.2000_2.9200,35.2,2.92,17.38,52.76,355.7,7.9,7.7,3.85,11.92,8.8,Silt
35.2000_3.0000,35.2,3.0,17.17,52.76,352.9,7.8,7.2,3.6,11.84,8.1,Clay
35.2000_3.0800,35.2,3.08,16.94,52.99,380.6,7.8,7.4,3.7,12.72,9.6,Clay
35.2000_3.1600,35.2,3.16,17.08,52.68,344.7,7.7,8.0,4.0,14.08,9.9,Silt
35.2000_3.2400,35.2,3.24,17.08,52.68,344.7,7.9,7.8,3.9,12.8,8.7,Clay
35.2000_3.3200,35.2,3.32,17.48,52.3,331.3,8.0,7.7,3.85,11.04,7.9,Clay
35.2000_3.4000,35.2,3.4,17.97,52.58,341.6,8.0,7.2,3.6,10.72,8.6,Clay
35.2000_3.4800,35.2,3.48,17.97,52.58,341.6,8.1,9.6,4.8,9.28,28.2,Silt
35.2000_3.5600,35.2,3.56,17.9,51.69,338.3,8.1,8.4,4.2,9.28,26.7,Silt
35.2000_3.6400,35.2,3.64,17.66,51.99,370.7,8.1,7.1,3.55,9.68,8.7,Clay
35.2000_3.7200,35.2,3.72,17.66,51.99,370.7,8.1,7.3,3.65,9.36,8.2,Clay
35.2000_3.8000,35.2,3.8,17.33,52.91,376.2,8.0,8.5,4.25,9.28,10.3,Clay
35.2000_3.8800,35.2,3.88,17.88,53.08,351.9,8.0,6.8,3.4,10.64,9.4,Clay
35.2000_3.9600,35.2,3.96,18.39,51.42,360.0,8.1,6.6,3.3,9.76,9.1,Clay
35.2000_4.0400,35.2,4.04,18.69,51.48,360.0,8.1,6.6,3.3,9.28,8.4,Clay
35.2000_4.1200,35.2,4.12,18.62,49.86,362.2,8.0,9.8,4.9,8.64,12.0,Clay
35.2000_4.2000,35.2,4.2,19.2,47.38,355.8,8.0,8.9,4.45,8.16,11.4,Clay
35.2000_4.2800,35.2,4.28,19.88,47.53,355.8,8.0,5.5,2.75,9.12,8.2,Clay
35.2000_4.3600,35.2,4.36,19.31,47.99,380.1,8.1,7.2,3.6,8.56,8.3,Clay
35.2000_4.4400,35.2,4.44,19.85,48.6,391.5,8.1,5.5,2.75,8.96,8.6,Clay
35.2000_4.5200,35.2,4.52,19.19,48.47,391.5,8.1,6.6,3.3,9.12,8.2,Clay
35.2000_4.6000,35.2,4.6,19.34,48.64,379.3,8.0,5.3,2.65,10.24,7.6,Clay
35.2000_4.6800,35.2,4.68,19.54,48.9,333.5,8.0,8.0,4.0,9.92,7.8,Clay
35.2000_4.7600,35.2,4.76,19.54,48.9,333.5,8.0,6.1,3.05,9.84,7.8,Silt
35.2000_4.8400,35.2,4.84,19.45,49.45,330.6,8.1,5.9,2.95,9.44,7.8,Clay
35.2000_4.9200,35.2,4.92,19.37,49.53,332.3,8.1,5.7,2.85,10.4,6.9,Clay
35.2000_5.0000,35.2,5.0,19.45,49.84,325.2,8.1,6.9,3.45,9.6,8.3,Clay
35.2000_5.0800,35.2,5.08,19.45,49.84,325.2,8.1,4.7,2.35,9.2,6.0,Silt
35.2000_5.1600,35.2,5.16,19.81,49.7,282.1,8.1,5.3,2.65,9.6,5.5,Silt
35.2000_5.2400,35.2,5.24,19.76,48.65,328.6,8.1,4.7,2.35,10.08,5.2,Silt
35.2000_5.3200,35.2,5.32,19.76,48.65,328.6,8.2,4.8,2.4,8.96,7.3,Clay
35.2000_5.4000,35.2,5.4,19.3,49.02,331.3,8.1,5.9,2.95,9.68,7.8,Clay
35.2000_5.4800,35.2,5.48,19.02,49.63,349.1,8.1,5.1,2.55,10.08,7.5,Silt
35.2000_5.5600,35.2,5.56,19.02,49.63,349.1,8.0,5.1,2.55,9.52,8.1,Clay
35.2000_5.6400,35.2,5.64,18.89,50.09,303.9,8.0,6.2,3.1,9.84,8.8,Clay
35.2000_5.7200,35.2,5.72,19.3,49.15,301.6,7.9,7.1,3.55,9.92,8.3,Clay
35.2000_5.8000,35.2,5.8,16.2,53.14,461.2,7.8,10.8,5.4,10.32,12.9,Clay
35.2000_5.8800,35.2,5.88,13.4,52.54,461.2,7.6,10.1,5.05,12.8,13.8,Clay
35.2000_5.9600,35.2,5.96,11.43,54.49,509.0,7.6,12.1,6.05,13.12,15.3,Clay
35.2000_6.0400,35.2,6.04,14.97,57.05,486.7,7.8,10.0,5.0,12.4,12.1,Clay
35.2000_6.1200,35.2,6.12,14.19,56.91,486.7,7.7,11.0,5.5,12.56,12.9,Clay
35.2000_6.2000,35.2,6.2,12.74,59.38,487.3,7.4,9.0,4.5,13.52,12.3,Clay
35.2000_6.2800,35.2,6.28,15.46,57.98,352.3,7.8,10.5,5.25,12.4,13.1,Clay
35.2000_6.3600,35.2,6.36,11.13,59.75,439.1,7.5,12.5,6.25,13.12,35.6,Clay
35.2000_6.4400,35.2,6.44,11.78,60.99,425.1,7.5,12.9,6.45,12.4,28.8,Clay
35.2000_6.5200,35.2,6.52,12.77,59.23,473.6,7.7,9.2,4.6,13.76,13.9,Clay
35.2000_6.6000,35.2,6.6,12.0,61.48,513.4,7.4,13.0,6.5,14.32,33.0,Clay
35.2000_6.6800,35.2,6.68,11.55,61.51,544.9,7.5,13.7,6.85,15.36,35.2,Clay
35.2000_6.7600,35.2,6.76,14.96,57.46,415.5,7.8,10.7,5.35,12.4,11.2,Clay
35.2000_6.8400,35.2,6.84,15.2,57.49,415.5,7.9,10.6,5.3,12.4,10.1,Clay
35.2000_6.9200,35.2,6.92,15.93,56.67,324.5,7.9,7.3,3.65,10.32,9.1,Clay
35.2000_7.0000,35.2,7.0,15.59,59.26,295.0,7.9,8.6,4.3,10.32,8.7,Clay
35.2000_7.0800,35.2,7.08,15.74,59.3,295.0,8.0,8.2,4.1,9.68,9.3,Clay
35.2000_7.1600,35.2,7.16,13.32,59.0,315.3,7.8,11.2,5.6,12.4,13.3,Clay
35.2000_7.2400,35.2,7.24,13.99,60.37,359.2,7.8,10.3,5.15,13.92,11.0,Clay
35.2000_7.3200,35.2,7.32,12.48,59.95,335.8,7.6,9.9,4.95,14.4,15.3,Clay
35.2000_7.4000,35.2,7.4,14.11,60.26,335.8,7.8,9.0,4.5,13.84,8.3,Clay
35.2000_7.4800,35.2,7.48,14.45,59.19,351.3,7.8,9.6,4.8,11.92,7.9,Clay
35.2000_7.5600,35.2,7.56,14.73,59.85,326.0,7.8,9.4,4.7,13.12,9.7,Clay
35.2000_7.6400,35.2,7.64,13.83,58.77,289.2,7.9,9.4,4.7,10.4,9.6,Clay
35.2000_7.7200,35.2,7.72,14.93,59.02,289.2,7.8,10.6,5.3,13.84,9.4,Clay
35.2000_7.8000,35.2,7.8,14.78,58.38,293.2,7.9,9.8,4.9,14.16,8.9,Clay
35.2000_7.8800,35.2,7.88,14.31,59.02,310.2,7.9,11.1,5.55,14.88,9.0,Clay
35.2000_7.9600,35.2,7.96,14.31,59.02,310.2,7.8,11.0,5.5,12.64,8.5,Clay
35.2000_8.0400,35.2,8.04,14.33,59.32,330.9,7.8,17.0,8.5,14.56,8.3,Clay
35.2000_8.1200,35.2,8.12,14.77,58.39,277.3,7.8,11.4,5.7,13.92,9.3,Clay
35.2000_8.2000,35.2,8.2,14.77,58.39,277.3,7.9,11.2,5.6,14.16,9.2,Clay
35.2000_8.2800,35.2,8.28,14.97,58.09,279.2,7.8,12.0,6.0,15.84,12.1,Clay
35.2000_8.3600,35.2,8.36,14.81,58.53,382.2,7.7,13.1,6.55,15.28,13.0,Clay
35.2000_8.4400,35.2,8.44,15.34,58.17,436.1,7.6,10.0,5.0,14.48,9.3,Clay
35.2000_8.5200,35.2,8.52,15.34,58.17,436.1,7.7,13.9,6.95,16.4,12.7,Clay
35.2000_8.6000,35.2,8.6,16.22,56.86,346.0,7.8,11.0,5.5,15.2,12.7,Clay
35.2000_8.6800,35.2,8.68,13.49,56.33,346.0,7.5,15.9,7.95,15.28,32.1,Clay
35.2800_-2.2000,35.28,-2.2,19.22,80.77,465.2,0.0,0.0,0.0,0.0,0.0,Unknown
35.2800_-2.1200,35.28,-2.12,19.31,80.38,460.9,0.0,0.0,0.0,0.0,0.0,Unknown
35.2800_-2.0400,35.28,-2.04,19.31,80.38,460.9,0.0,0.0,0.0,0.0,0.0,Unknown
35.2800_-1.9600,35.28,-1.96,19.46,80.2,496.1,0.0,0.0,0.0,0.0,0.0,Unknown
35.2800_-1.8800,35.28,-1.88,19.55,79.54,569.6,0.0,0.0,0.0,0.0,0.0,Unknown
35.2800_-1.8000,35.28,-1.8,19.55,79.54,569.6,0.0,0.0,0.0,0.0,0.0,Unknown
35.2800_-1.7200,35.28,-1.72,19.91,70.78,581.2,0.0,0.0,0.0,0.0,0.0,Unknown
35.2800_-1.6400,35.28,-1.64,19.91,70.78,581.2,0.0,0.0,0.0,0.0,0.0,Unknown
35.2800_-1.5600,35.28,-1.56,19.57,72.18,545.6,0.0,0.0,0.0,0.0,0.0,Unknown
35.2800_-1.4800,35.28,-1.48,19.4,72.16,545.6,7.9,9.7,4.85,15.52,9.8,Clay
35.2800_-1.4000,35.28,-1.4,18.57,69.88,559.1,7.7,9.4,4.7,15.12,11.1,Clay
35.2800_-1.3200,35.28,-1.32,18.58,66.81,594.7,7.8,11.4,5.7,19.2,10.3,Clay
35.2800_-1.2400,35.28,-1.24,18.58,66.81,594.7,7.9,9.2,4.6,18.8,9.0,Clay
35.2800_-1.1600,35.28,-1.16,18.66,63.63,544.9,7.8,9.3,4.65,20.32,10.0,Clay
35.2800_-1.0800,35.28,-1.08,19.1,62.42,493.5,7.8,9.2,4.6,20.08,9.1,Silt
35.2800_-1.0000,35.28,-1.0,19.4,62.48,493.5,7.8,8.5,4.25,19.76,10.4,Clay
35.2800_-0.9200,35.28,-0.92,19.2,60.53,457.1,7.7,9.3,4.65,19.6,10.8,Clay
35.2800_-0.8400,35.28,-0.84,18.21,61.04,478.7,7.9,9.8,4.9,16.88,14.5,Silt
35.2800_-0.7600,35.28,-0.76,17.48,60.89,478.7,7.9,10.4,5.2,15.68,12.5,Silt
35.2800_-0.6800,35.28,-0.68,18.07,61.63,447.3,7.7,9.4,4.7,19.36,9.1,Clay
35.2800_-0.6000,35.28,-0.6,18.35,61.06,393.0,7.8,8.6,4.3,18.24,9.6,Clay
35.2800_-0.5200,35.28,-0.52,18.35,61.06,393.0,7.6,10.5,5.25,19.6,9.7,Silt
35.2800_-0.4400,35.28,-0.44,18.36,59.95,369.6,7.6,9.2,4.6,18.8,9.3,Clay
35.2800_-0.3600,35.28,-0.36,18.23,60.02,368.5,7.5,9.1,4.55,18.72,9.4,Silt
35.2800_-0.2800,35.28,-0.28,18.43,59.07,355.8,7.0,10.0,5.0,16.08,11.2,Clay
35.2800_-0.2000,35.28,-0.2,16.83,58.72,355.8,7.8,10.4,5.2,16.64,11.7,Clay
35.2800_-0.1200,35.28,-0.12,18.53,59.9,354.8,7.6,11.0,5.5,18.88,9.0,Clay
35.2800_-0.0400,35.28,-0.04,18.84,59.3,379.3,7.7,9.0,4.5,19.52,8.4,Silt
35.2800_0.0400,35.28,0.04,18.84,59.3,379.3,7.5,8.9,4.45,19.12,9.6,Silt
35.2800_0.1200,35.28,0.12,19.05,56.11,466.3,7.4,9.4,4.7,19.2,9.4,Silt
35.2800_0.2000,35.28,0.2,19.25,55.23,493.4,7.4,9.1,4.55,16.88,11.6,Silt
35.2800_0.2800,35.28,0.28,18.39,54.28,528.4,7.8,8.4,4.2,16.0,10.4,Silt
35.2800_0.3600,35.28,0.36,18.06,54.22,528.4,7.6,9.7,4.85,15.76,12.4,Silt
35.2800_0.4400,35.28,0.44,17.83,54.37,449.5,7.5,9.7,4.85,15.76,10.1,Clay
35.2800_0.5200,35.28,0.52,18.03,55.27,402.9,7.6,9.2,4.6,14.96,11.1,Clay
35.2800_0.6000,35.28,0.6,19.1,54.02,434.1,7.5,8.9,4.45,17.12,9.6,Clay
35.2800_0.6800,35.28,0.68,19.36,53.61,546.4,7.6,9.2,4.6,16.96,10.6,Clay
35.2800_0.7600,35.28,0.76,17.13,54.08,612.7,7.7,10.6,5.3,14.96,11.6,Clay
35.2800_0.8400,35.28,0.84,19.01,54.39,608.4,7.8,8.6,4.3,15.52,9.6,Clay
35.2800_0.9200,35.28,0.92,17.61,54.52,632.7,7.7,9.2,4.6,16.08,10.5,Silt
35.2800_1.0000,35.28,1.0,16.25,55.1,620.1,7.2,10.6,5.3,14.0,13.5,Clay
35.2800_1.0800,35.28,1.08,17.26,55.31,620.1,7.8,10.2,5.1,14.96,12.4,Clay
35.2800_1.1600,35.28,1.16,18.34,55.78,644.8,7.7,9.6,4.8,16.0,12.2,Clay
35.2800_1.2400,35.28,1.24,16.5,55.56,679.1,7.6,9.0,4.5,14.24,11.2,Clay
35.2800_1.3200,35.28,1.32,16.5,55.56,679.1,7.6,9.4,4.7,15.76,9.3,Clay
35.2800_1.4000,35.28,1.4,16.07,56.16,641.5,7.4,11.2,5.6,15.52,9.5,Clay
35.2800_1.4800,35.28,1.48,16.17,55.49,540.6,7.5,10.5,5.25,13.68,8.9,Clay
35.2800_1.5600,35.28,1.56,16.45,54.25,506.3,7.5,9.8,4.9,15.6,8.9,Silt
35.2800_1.6400,35.28,1.64,16.45,54.25,506.3,7.7,8.7,4.35,13.84,8.7,Silt
35.2800_1.7200,35.28,1.72,16.5,53.37,490.7,7.7,8.9,4.45,13.44,8.8,Clay
35.2800_1.8000,35.28,1.8,16.75,52.97,496.5,7.6,8.7,4.35,13.28,9.0,Clay
35.2800_1.8800,35.28,1.88,17.04,54.02,433.6,7.6,8.8,4.4,15.44,9.6,Clay
35.2800_1.9600,35.28,1.96,17.29,52.76,417.8,7.6,8.8,4.4,15.12,9.9,Silt
35.2800_2.0400,35.28,2.04,17.63,52.73,364.4,7.6,9.2,4.6,13.52,9.4,Silt
35.2800_2.1200,35.28,2.12,17.63,52.73,364.4,7.8,9.2,4.6,13.28,7.6,Clay
35.2800_2.2000,35.28,2.2,17.45,52.61,365.1,7.8,8.4,4.2,13.92,7.4,Silt
35.2800_2.2800,35.28,2.28,17.48,52.22,380.3,7.8,7.7,3.85,15.28,8.7,Clay
35.2800_2.3600,35.28,2.36,17.72,53.22,368.1,7.7,7.8,3.9,13.28,8.4,Clay
35.2800_2.4400,35.28,2.44,17.72,53.22,368.1,7.8,7.9,3.95,12.64,7.5,Clay
35.2800_2.5200,35.28,2.52,17.77,52.87,316.0,7.8,8.0,4.0,13.2,9.4,Clay
35.2800_2.6000,35.28,2.6,17.55,53.52,308.1,7.9,9.3,4.65,13.36,7.5,Clay
35.2800_2.6800,35.28,2.68,17.55,53.52,308.1,7.9,7.6,3.8,12.32,7.3,Clay
35.2800_2.7600,35.28,2.76,17.58,53.1,318.1,7.9,7.6,3.8,12.48,7.2,Silt
35.2800_2.8400,35.28,2.84,17.74,52.32,319.3,7.9,7.3,3.65,12.32,7.9,Silt
35.2800_2.9200,35.28,2.92,17.74,52.32,319.3,7.9,8.7,4.35,12.88,8.7,Silt
35.2800_3.0000,35.28,3.0,17.75,51.8,337.5,7.9,7.5,3.75,12.0,8.0,Silt
35.2800_3.0800,35.28,3.08,17.5,52.22,363.8,8.0,7.3,3.65,11.12,7.4,Silt
35.2800_3.1600,35.28,3.16,17.5,52.22,363.8,7.9,9.3,4.65,12.0,8.3,Clay
35.2800_3.2400,35.28,3.24,17.14,53.21,377.3,7.9,7.8,3.9,12.08,7.8,Clay
35.2800_3.3200,35.28,3.32,17.04,53.45,388.1,7.8,7.9,3.95,14.56,8.4,Clay
35.2800_3.4000,35.28,3.4,14.23,51.66,414.2,7.6,11.8,5.9,13.2,15.2,Clay
35.2800_3.4800,35.28,3.48,17.45,53.04,361.0,7.9,7.8,3.9,10.32,10.3,Clay
35.2800_3.5600,35.28,3.56,17.94,53.19,345.8,8.1,8.6,4.3,9.28,24.6,Clay
35.2800_3.6400,35.28,3.64,17.95,52.27,386.4,8.0,8.9,4.45,8.48,29.3,Clay
35.2800_3.7200,35.28,3.72,17.95,52.27,386.4,8.1,11.1,5.55,9.04,10.1,Silt
35.2800_3.8000,35.28,3.8,17.36,53.1,366.4,8.0,7.5,3.75,10.88,10.2,Clay
35.2800_3.8800,35.28,3.88,17.08,53.39,400.9,7.9,8.2,4.1,12.64,10.9,Clay
35.2800_3.9600,35.28,3.96,17.08,53.39,400.9,7.9,7.2,3.6,9.84,9.5,Clay
35.2800_4.0400,35.28,4.04,18.32,52.47,382.4,8.1,6.5,3.25,9.28,8.2,Clay
35.2800_4.1200,35.28,4.12,18.27,50.02,350.8,8.1,6.2,3.1,9.44,8.2,Clay
35.2800_4.2000,35.28,4.2,19.69,48.25,298.8,8.1,6.5,3.25,9.28,7.8,Clay
35.2800_4.2800,35.28,4.28,19.69,48.25,298.8,7.9,8.5,4.25,10.16,10.7,Clay
35.2800_4.3600,35.28,4.36,19.88,48.28,340.5,7.9,8.1,4.05,9.76,11.8,Clay
35.2800_4.4400,35.28,4.44,19.65,48.48,373.3,8.0,6.6,3.3,9.68,8.7,Clay
35.2800_4.5200,35.28,4.52,19.65,48.48,373.3,8.1,6.6,3.3,10.48,7.3,Clay
35.2800_4.6000,35.28,4.6,19.7,48.57,376.1,8.1,9.1,4.55,8.64,9.0,Clay
35.2800_4.6800,35.28,4.68,19.75,49.16,374.1,8.1,8.8,4.4,9.84,10.4,Clay
35.2800_4.7600,35.28,4.76,19.75,49.16,374.1,8.0,5.7,2.85,11.28,7.3,Clay
35.2800_4.8400,35.28,4.84,19.83,49.32,340.9,8.1,5.7,2.85,10.8,7.0,Clay
35.2800_4.9200,35.28,4.92,19.82,49.48,331.8,8.1,5.7,2.85,10.56,6.1,Clay
35.2800_5.0000,35.28,5.0,20.02,49.22,311.1,8.1,5.7,2.85,10.24,6.5,Clay
35.2800_5.0800,35.28,5.08,20.02,49.22,311.1,8.1,5.0,2.5,10.4,6.6,Clay
35.2800_5.1600,35.28,5.16,20.0,49.93,296.5,8.0,5.4,2.7,11.2,4.9,Silt
35.2800_5.2400,35.28,5.24,19.79,48.85,320.1,8.0,5.2,2.6,10.96,6.1,Silt
35.2800_5.3200,35.28,5.32,19.79,48.85,320.1,8.1,7.6,3.8,12.08,6.7,Clay
35.2800_5.4000,35.28,5.4,19.71,50.01,327.2,8.1,4.6,2.3,9.52,6.6,Clay
35.2800_5.4800,35.28,5.48,18.31,51.32,390.4,8.0,7.9,3.95,10.4,9.2,Clay
35.2800_5.5600,35.28,5.56,16.89,51.83,367.2,7.9,9.2,4.6,10.0,10.5,Clay
35.2800_5.6400,35.28,5.64,15.75,52.95,380.8,7.9,8.1,4.05,12.08,11.0,Clay
35.2800_5.7200,35.28,5.72,17.12,53.34,349.7,7.8,10.7,5.35,9.04,11.7,Clay
35.2800_5.8000,35.28,5.8,18.17,53.6,349.7,7.9,7.1,3.55,10.64,8.3,Clay
35.2800_5.8800,35.28,5.88,17.11,55.28,340.3,7.9,9.6,4.8,9.44,10.3,Clay
35.2800_5.9600,35.28,5.96,14.85,55.8,465.2,7.7,9.0,4.5,13.28,13.9,Clay
35.2800_6.0400,35.28,6.04,12.05,56.36,513.4,7.5,11.8,5.9,12.64,15.0,Clay
35.2800_6.1200,35.28,6.12,13.46,56.68,513.4,7.7,10.3,5.15,12.16,10.7,Clay
35.2800_6.2000,35.28,6.2,10.93,61.06,629.1,7.6,12.1,6.05,11.68,27.2,Clay
35.2800_6.2800,35.28,6.28,10.83,62.95,580.4,7.5,12.7,6.35,13.44,31.5,Clay
35.2800_6.3600,35.28,6.36,12.51,60.02,439.1,7.6,10.5,5.25,13.68,15.6,Clay
35.2800_6.4400,35.28,6.44,12.4,61.11,425.1,7.6,10.5,5.25,13.36,15.1,Clay
35.2800_6.5200,35.28,6.52,13.39,61.72,513.4,7.6,10.4,5.2,13.6,14.1,Clay
35.2800_6.6000,35.28,6.6,9.42,60.94,513.4,7.4,14.7,7.35,12.72,31.2,Clay
35.2800_6.6800,35.28,6.68,13.61,61.95,544.9,7.2,12.4,6.2,13.36,20.4,Clay
35.2800_6.7600,35.28,6.76,15.06,60.31,473.4,7.9,10.0,5.0,13.36,10.8,Clay
35.2800_6.8400,35.28,6.84,13.78,60.08,473.4,7.8,11.1,5.55,12.72,17.1,Clay
35.2800_6.9200,35.28,6.92,13.7,60.87,563.8,7.8,13.1,6.55,12.48,15.1,Clay
35.2800_7.0000,35.28,7.0,14.42,59.36,382.1,7.8,9.2,4.6,13.68,8.0,Clay
35.2800_7.0800,35.28,7.08,13.97,61.35,387.8,7.9,8.6,4.3,11.52,9.3,Clay
35.2800_7.1600,35.28,7.16,14.67,61.47,387.8,7.9,8.7,4.35,12.08,8.5,Clay
35.2800_7.2400,35.28,7.24,13.93,61.12,378.6,7.8,8.6,4.3,12.72,10.1,Clay
35.2800_7.3200,35.28,7.32,14.15,60.55,356.3,7.8,10.4,5.2,13.52,9.9,Clay
35.2800_7.4000,35.28,7.4,13.46,60.42,356.3,7.7,11.2,5.6,14.8,10.0,Clay
35.2800_7.4800,35.28,7.48,14.34,60.28,363.4,7.9,10.6,5.3,13.44,8.1,Clay
35.2800_7.5600,35.28,7.56,14.6,60.21,326.8,7.8,12.3,6.15,15.36,8.7,Clay
35.2800_7.6400,35.28,7.64,14.6,60.21,326.8,7.8,11.5,5.75,15.68,8.2,Clay
35.2800_7.7200,35.28,7.72,14.65,59.18,313.9,7.8,11.4,5.7,15.2,9.5,Silt
35.2800_7.8000,35.28,7.8,14.36,59.07,314.3,7.8,9.8,4.9,14.64,8.9,Clay
35.2800_7.8800,35.28,7.88,13.28,59.87,359.5,7.6,10.6,5.3,13.76,13.1,Clay
35.2800_7.9600,35.28,7.96,13.98,59.98,359.5,7.7,14.3,7.15,13.84,10.0,Clay
35.2800_8.0400,35.28,8.04,14.06,60.53,384.5,7.8,15.4,7.7,14.96,8.8,Clay
35.2800_8.1200,35.28,8.12,14.62,58.93,332.5,7.9,12.9,6.45,14.48,8.0,Clay
35.2800_8.2000,35.28,8.2,14.62,58.93,332.5,7.7,11.5,5.75,13.84,9.7,Clay
35.2800_8.2800,35.28,8.28,14.86,58.46,304.8,7.9,10.8,5.4,14.08,9.6,Clay
35.2800_8.3600,35.28,8.36,15.06,58.41,392.8,7.8,12.3,6.15,15.36,10.3,Clay
35.2800_8.4400,35.28,8.44,15.87,58.41,395.4,7.8,10.3,5.15,15.12,11.1,Clay
35.2800_8.5200,35.28,8.52,16.42,56.9,336.7,7.9,10.6,5.3,13.84,10.6,Clay
35.2800_8.6000,35.28,8.6,16.54,56.47,306.0,7.9,10.5,5.25,12.96,8.7,Clay
35.2800_8.6800,35.28,8.68,17.51,57.2,288.7,7.9,11.1,5.55,12.08,11.0,Clay
35.3600_-2.2000,35.36,-2.2,19.51,80.98,383.6,0.0,0.0,0.0,0.0,0.0,Unknown
35.3600_-2.1200,35.36,-2.12,19.55,80.47,376.7,0.0,0.0,0.0,0.0,0.0,Unknown
35.3600_-2.0400,35.36,-2.04,19.49,80.11,443.3,0.0,0.0,0.0,0.0,0.0,Unknown
35.3600_-1.9600,35.36,-1.96,19.43,80.24,478.1,0.0,0.0,0.0,0.0,0.0,Unknown
35.3600_-1.8800,35.36,-1.88,19.4,80.58,435.9,0.0,0.0,0.0,0.0,0.0,Unknown
35.3600_-1.8000,35.36,-1.8,19.48,80.15,490.7,0.0,0.0,0.0,0.0,0.0,Unknown
35.3600_-1.7200,35.36,-1.72,19.55,79.72,562.0,0.0,0.0,0.0,0.0,0.0,Unknown
35.3600_-1.6400,35.36,-1.64,19.56,79.85,530.8,0.0,0.0,0.0,0.0,0.0,Unknown
35.3600_-1.5600,35.36,-1.56,19.57,72.18,545.6,0.0,0.0,0.0,0.0,0.0,Unknown
35.3600_-1.4800,35.36,-1.48,19.57,72.18,545.6,0.0,0.0,0.0,0.0,0.0,Unknown
35.3600_-1.4000,35.36,-1.4,20.05,68.47,674.6,0.0,0.0,0.0,0.0,0.0,Unknown
35.3600_-1.3200,35.36,-1.32,20.05,68.47,674.6,0.0,0.0,0.0,0.0,0.0,Unknown
35.3600_-1.2400,35.36,-1.24,19.16,68.3,674.6,7.8,9.4,4.7,16.24,9.6,Clay
35.3600_-1.1600,35.36,-1.16,19.46,64.14,581.7,7.8,10.0,5.0,18.88,8.2,Clay
35.3600_-1.0800,35.36,-1.08,19.94,64.66,496.4,7.9,8.8,4.4,19.92,11.0,Clay
35.3600_-1.0000,35.36,-1.0,19.78,64.6,496.4,7.8,9.4,4.7,18.8,11.7,Clay
35.3600_-0.9200,35.36,-0.92,19.48,60.58,457.1,7.6,9.2,4.6,19.76,10.6,Clay
35.3600_-0.8400,35.36,-0.84,19.91,60.54,484.5,7.8,9.0,4.5,19.36,11.1,Clay
35.3600_-0.7600,35.36,-0.76,19.35,60.45,484.5,7.7,9.7,4.85,20.08,12.8,Clay
35.3600_-0.6800,35.36,-0.68,17.45,61.93,470.9,7.1,10.6,5.3,15.6,11.2,Clay
35.3600_-0.6000,35.36,-0.6,16.34,62.79,462.8,7.9,9.7,4.85,15.28,11.0,Clay
35.3600_-0.5200,35.36,-0.52,17.98,63.09,462.8,7.8,10.7,5.35,17.92,8.6,Silt
35.3600_-0.4400,35.36,-0.44,18.06,61.77,434.2,7.5,8.8,4.4,16.72,9.7,Silt
35.3600_-0.3600,35.36,-0.36,18.15,61.0,383.9,7.4,10.7,5.35,18.48,10.8,Clay
35.3600_-0.2800,35.36,-0.28,19.58,61.07,377.7,7.5,9.3,4.65,18.08,10.9,Clay
35.3600_-0.2000,35.36,-0.2,18.21,61.28,368.5,7.7,8.8,4.4,19.76,10.6,Silt
35.3600_-0.1200,35.36,-0.12,17.39,60.79,414.5,7.6,9.8,4.9,17.12,10.8,Silt
35.3600_-0.0400,35.36,-0.04,19.88,61.85,464.9,7.7,9.6,4.8,18.88,9.7,Clay
35.3600_0.0400,35.36,0.04,17.28,60.42,439.0,7.6,9.6,4.8,17.52,9.9,Clay
35.3600_0.1200,35.36,0.12,18.68,58.52,451.1,7.4,8.9,4.45,19.6,8.7,Silt
35.3600_0.2000,35.36,0.2,18.82,55.13,493.4,7.5,9.1,4.55,19.12,9.0,Silt
35.3600_0.2800,35.36,0.28,18.82,55.13,493.4,7.6,7.9,3.95,18.56,11.0,Silt
35.3600_0.3600,35.36,0.36,19.33,55.4,411.8,7.5,8.5,4.25,17.28,9.8,Silt
35.3600_0.4400,35.36,0.44,19.3,53.38,350.0,7.5,9.2,4.6,18.24,10.1,Silt
35.3600_0.5200,35.36,0.52,18.8,53.96,434.1,7.4,9.0,4.5,16.08,9.9,Silt
35.3600_0.6000,35.36,0.6,18.8,53.96,434.1,7.5,8.7,4.35,16.56,11.1,Silt
35.3600_0.6800,35.36,0.68,20.12,53.04,543.0,7.7,8.7,4.35,18.16,9.3,Clay
35.3600_0.7600,35.36,0.76,18.79,54.37,608.4,7.6,10.2,5.1,16.0,10.3,Silt
35.3600_0.8400,35.36,0.84,18.96,54.39,608.4,7.6,10.0,5.0,15.28,11.2,Silt
35.3600_0.9200,35.36,0.92,19.13,54.1,614.2,7.6,9.3,4.65,17.28,10.5,Clay
35.3600_1.0000,35.36,1.0,18.82,55.31,615.3,7.7,9.0,4.5,16.32,9.2,Clay
35.3600_1.0800,35.36,1.08,18.21,55.18,615.3,7.7,9.5,4.75,14.64,8.4,Clay
35.3600_1.1600,35.36,1.16,16.4,55.41,644.8,7.5,10.2,5.1,15.12,11.9,Silt
35.3600_1.2400,35.36,1.24,16.68,55.89,724.5,7.7,10.6,5.3,14.96,10.7,Clay
35.3600_1.3200,35.36,1.32,16.25,56.64,727.2,0.0,0.0,0.0,0.0,0.0,Unknown
35.3600_1.4000,35.36,1.4,16.55,56.04,724.2,7.5,9.3,4.65,16.0,9.6,Silt
35.3600_1.4800,35.36,1.48,16.19,55.99,601.4,7.6,8.9,4.45,14.88,9.6,Silt
35.3600_1.5600,35.36,1.56,16.61,54.93,507.5,7.6,9.4,4.7,14.96,8.5,Silt
35.3600_1.6400,35.36,1.64,16.7,55.46,539.0,7.6,8.9,4.45,14.96,8.1,Silt
35.3600_1.7200,35.36,1.72,16.81,54.2,456.0,7.6,8.2,4.1,14.08,8.2,Silt
35.3600_1.8000,35.36,1.8,17.0,54.01,433.6,7.7,9.6,4.8,13.04,8.2,Silt
35.3600_1.8800,35.36,1.88,16.94,54.71,466.1,7.7,8.5,4.25,13.6,9.3,Silt
35.3600_1.9600,35.36,1.96,17.3,53.84,448.8,7.6,8.6,4.3,16.48,8.1,Silt
35.3600_2.0400,35.36,2.04,17.56,53.76,360.7,7.7,8.3,4.15,14.8,9.5,Clay
35.3600_2.1200,35.36,2.12,17.38,54.12,397.5,7.7,8.3,4.15,14.32,8.4,Silt
35.3600_2.2000,35.36,2.2,17.63,52.98,376.4,7.8,8.4,4.2,13.6,8.2,Clay
35.3600_2.2800,35.36,2.28,17.79,53.08,336.4,7.9,9.1,4.55,14.08,7.6,Clay
35.3600_2.3600,35.36,2.36,17.92,52.61,340.3,7.8,8.7,4.35,14.48,7.5,Clay
35.3600_2.4400,35.36,2.44,18.14,52.94,335.4,7.8,8.5,4.25,14.16,7.0,Clay
35.3600_2.5200,35.36,2.52,17.86,53.34,371.0,7.8,7.4,3.7,13.04,7.3,Clay
35.3600_2.6000,35.36,2.6,17.56,53.88,315.5,7.9,7.7,3.85,13.52,7.2,Clay
35.3600_2.6800,35.36,2.68,17.71,53.99,346.7,7.8,8.0,4.0,13.12,7.9,Clay
35.3600_2.7600,35.36,2.76,17.62,53.66,322.0,8.0,7.0,3.5,12.56,7.5,Silt
35.3600_2.8400,35.36,2.84,17.89,52.72,324.6,7.9,7.9,3.95,13.2,9.5,Silt
35.3600_2.9200,35.36,2.92,17.96,53.43,371.9,7.9,7.6,3.8,11.68,8.2,Silt
35.3600_3.0000,35.36,3.0,18.01,52.62,361.7,7.9,6.7,3.35,12.32,9.1,Clay
35.3600_3.0800,35.36,3.08,18.1,51.56,316.4,7.9,8.3,4.15,13.04,9.6,Silt
35.3600_3.1600,35.36,3.16,18.19,52.45,319.1,7.9,11.0,5.5,12.0,7.9,Silt
35.3600_3.2400,35.36,3.24,17.96,52.34,373.6,8.0,8.7,4.35,11.76,8.3,Clay
35.3600_3.3200,35.36,3.32,17.05,52.57,414.1,8.0,8.1,4.05,11.84,8.4,Silt
35.3600_3.4000,35.36,3.4,17.06,52.28,414.2,7.9,8.2,4.1,13.92,10.1,Silt
35.3600_3.4800,35.36,3.48,16.93,52.86,432.0,7.8,9.3,4.65,14.64,9.3,Clay
35.3600_3.5600,35.36,3.56,17.41,52.83,358.7,7.9,8.7,4.35,13.84,8.3,Silt
35.3600_3.6400,35.36,3.64,17.71,53.08,356.4,8.0,8.3,4.15,10.16,8.6,Clay
35.3600_3.7200,35.36,3.72,17.45,53.49,364.0,7.9,7.9,3.95,9.92,8.9,Clay
35.3600_3.8000,35.36,3.8,17.41,53.23,354.2,7.9,8.1,4.05,10.32,8.9,Clay
35.3600_3.8800,35.36,3.88,17.14,53.35,407.3,7.9,8.0,4.0,9.76,8.7,Clay
35.3600_3.9600,35.36,3.96,17.57,52.89,418.7,8.0,7.6,3.8,10.16,7.8,Clay
35.3600_4.0400,35.36,4.04,16.82,52.33,406.4,8.0,9.3,4.65,11.12,12.4,Clay
35.3600_4.1200,35.36,4.12,18.84,50.42,366.8,8.1,7.3,3.65,8.08,10.1,Clay
35.3600_4.2000,35.36,4.2,19.54,49.85,315.9,8.1,6.4,3.2,8.88,7.3,Silt
35.3600_4.2800,35.36,4.28,19.95,49.44,294.7,8.0,7.9,3.95,10.64,8.6,Clay
35.3600_4.3600,35.36,4.36,20.02,49.25,321.6,7.9,7.7,3.85,11.52,6.9,Clay
35.3600_4.4400,35.36,4.44,19.94,49.4,359.6,8.0,6.8,3.4,11.84,5.6,Clay
35.3600_4.5200,35.36,4.52,20.33,49.77,351.9,7.9,6.6,3.3,12.08,12.1,Clay
35.3600_4.6000,35.36,4.6,20.01,49.52,370.2,7.9,6.7,3.35,11.6,9.3,Clay
35.3600_4.6800,35.36,4.68,20.03,49.48,351.6,8.0,6.6,3.3,12.08,12.4,Clay
35.3600_4.7600,35.36,4.76,20.31,50.2,326.9,8.0,6.1,3.05,10.72,6.1,Silt
35.3600_4.8400,35.36,4.84,20.08,49.67,340.8,8.1,5.7,2.85,9.92,6.2,Silt
35.3600_4.9200,35.36,4.92,20.0,50.35,317.8,8.0,7.5,3.75,11.28,24.2,Clay
35.3600_5.0000,35.36,5.0,19.86,51.6,321.0,8.1,7.5,3.75,8.72,18.7,Clay
35.3600_5.0800,35.36,5.08,19.84,50.94,329.3,8.0,5.8,2.9,10.48,6.9,Silt
35.3600_5.1600,35.36,5.16,20.02,50.43,298.0,8.0,6.8,3.4,11.68,7.6,Clay
35.3600_5.2400,35.36,5.24,19.82,48.95,300.2,8.0,4.8,2.4,9.92,5.8,Silt
35.3600_5.3200,35.36,5.32,19.82,49.37,317.1,8.0,6.3,3.15,12.8,6.6,Silt
35.3600_5.4000,35.36,5.4,19.14,50.42,326.7,8.1,6.2,3.1,9.2,6.3,Clay
35.3600_5.4800,35.36,5.48,19.15,50.42,326.7,8.1,5.3,2.65,9.36,6.0,Clay
35.3600_5.5600,35.36,5.56,18.36,51.52,318.9,8.0,6.0,3.0,10.08,7.3,Clay
35.3600_5.6400,35.36,5.64,17.18,53.25,380.8,8.0,6.1,3.05,12.0,6.6,Clay
35.3600_5.7200,35.36,5.72,16.5,54.04,336.3,7.9,7.4,3.7,12.16,7.0,Clay
35.3600_5.8000,35.36,5.8,15.56,54.49,427.6,7.9,8.1,4.05,11.04,9.9,Clay
35.3600_5.8800,35.36,5.88,15.46,55.25,396.5,8.0,7.6,3.8,10.72,8.5,Sandy
35.3600_5.9600,35.36,5.96,15.74,54.81,353.0,8.0,9.5,4.75,11.6,8.8,Clay
35.3600_6.0400,35.36,6.04,15.18,54.67,353.0,8.0,8.6,4.3,11.12,10.1,Clay
35.3600_6.1200,35.36,6.12,11.94,57.03,521.7,7.5,12.2,6.1,11.68,29.9,Clay
35.3600_6.2000,35.36,6.2,11.25,61.13,629.1,7.4,13.4,6.7,11.84,29.5,Clay
35.3600_6.2800,35.36,6.28,9.58,62.7,580.4,7.1,17.8,8.9,10.96,38.3,Clay
35.3600_6.3600,35.36,6.36,11.48,62.54,602.0,7.4,12.3,6.15,13.12,27.2,Clay
35.3600_6.4400,35.36,6.44,11.89,62.12,500.2,7.6,13.0,6.5,13.36,30.2,Clay
35.3600_6.5200,35.36,6.52,12.18,60.88,537.6,7.5,11.3,5.65,14.24,14.8,Clay
35.3600_6.6000,35.36,6.6,13.64,58.92,518.2,7.2,15.9,7.95,14.08,32.9,Clay
35.3600_6.6800,35.36,6.68,12.26,61.57,582.6,7.5,14.7,7.35,13.92,33.4,Clay
35.3600_6.7600,35.36,6.76,14.34,60.61,641.2,7.7,10.6,5.3,13.76,12.8,Clay
35.3600_6.8400,35.36,6.84,12.14,60.52,566.9,7.0,12.4,6.2,14.72,28.1,Clay
35.3600_6.9200,35.36,6.92,13.33,60.5,669.0,7.2,14.7,7.35,13.92,31.7,Clay
35.3600_7.0000,35.36,7.0,10.66,61.22,505.0,7.2,19.5,9.75,13.44,31.9,Clay
35.3600_7.0800,35.36,7.08,13.65,60.35,607.5,7.8,14.5,7.25,13.28,10.3,Clay
35.3600_7.1600,35.36,7.16,14.32,60.15,472.0,7.8,10.1,5.05,12.64,7.9,Clay
35.3600_7.2400,35.36,7.24,14.99,59.77,438.8,7.8,9.3,4.65,13.2,8.4,Clay
35.3600_7.3200,35.36,7.32,14.99,60.19,446.8,7.9,9.3,4.65,14.32,8.1,Clay
35.3600_7.4000,35.36,7.4,14.67,60.15,446.8,7.9,10.5,5.25,14.0,8.2,Clay
35.3600_7.4800,35.36,7.48,14.5,60.37,371.8,7.9,10.4,5.2,14.32,8.6,Clay
35.3600_7.5600,35.36,7.56,14.55,60.44,363.4,7.8,13.3,6.65,14.48,8.9,Clay
35.3600_7.6400,35.36,7.64,14.57,60.66,406.8,7.7,10.5,5.25,13.6,9.8,Clay
35.3600_7.7200,35.36,7.72,14.21,60.34,428.1,7.9,10.6,5.3,15.52,10.9,Clay
35.3600_7.8000,35.36,7.8,14.02,60.17,395.0,7.8,14.2,7.1,14.32,10.0,Clay
35.3600_7.8800,35.36,7.88,14.24,60.2,455.1,7.8,13.6,6.8,13.68,10.1,Clay
35.3600_7.9600,35.36,7.96,13.61,60.73,431.6,7.6,11.8,5.9,14.88,11.7,Clay
35.3600_8.0400,35.36,8.04,13.22,59.27,411.5,7.6,13.0,6.5,14.48,16.5,Clay
35.3600_8.1200,35.36,8.12,14.79,59.09,347.2,7.7,15.6,7.8,15.6,14.8,Clay
35.3600_8.2000,35.36,8.2,15.97,59.26,371.1,8.0,13.6,6.8,15.28,10.5,Clay
35.3600_8.2800,35.36,8.28,15.17,58.3,327.2,7.5,13.6,6.8,15.92,14.2,Clay
35.3600_8.3600,35.36,8.36,15.73,58.39,395.4,7.7,11.5,5.75,14.24,13.6,Clay
35.3600_8.4400,35.36,8.44,16.1,57.89,335.9,7.7,10.7,5.35,14.48,10.5,Silt
35.3600_8.5200,35.36,8.52,16.97,57.23,288.5,7.9,9.5,4.75,12.72,8.7,Clay
35.3600_8.6000,35.36,8.6,16.63,56.64,263.5,7.9,11.6,5.8,12.56,9.0,Clay
35.3600_8.6800,35.36,8.68,17.06,56.72,263.5,7.8,9.3,4.65,11.44,9.1,Clay
35.4400_-2.2000,35.44,-2.2,19.47,81.3,348.9,0.0,0.0,0.0,0.0,0.0,Unknown
35.4400_-2.1200,35.44,-2.12,19.52,81.09,358.8,0.0,0.0,0.0,0.0,0.0,Unknown
35.4400_-2.0400,35.44,-2.04,19.52,81.09,358.8,0.0,0.0,0.0,0.0,0.0,Unknown
35.4400_-1.9600,35.44,-1.96,19.47,80.93,376.6,0.0,0.0,0.0,0.0,0.0,Unknown
35.4400_-1.8800,35.44,-1.88,19.45,80.75,375.4,0.0,0.0,0.0,0.0,0.0,Unknown
35.4400_-1.8000,35.44,-1.8,19.45,80.75,375.4,0.0,0.0,0.0,0.0,0.0,Unknown
35.4400_-1.7200,35.44,-1.72,19.53,80.23,422.5,0.0,0.0,0.0,0.0,0.0,Unknown
35.4400_-1.6400,35.44,-1.64,19.51,80.09,450.6,0.0,0.0,0.0,0.0,0.0,Unknown
35.4400_-1.5600,35.44,-1.56,19.51,80.09,450.6,0.0,0.0,0.0,0.0,0.0,Unknown
35.4400_-1.4800,35.44,-1.48,19.41,80.37,512.3,0.0,0.0,0.0,0.0,0.0,Unknown
35.4400_-1.4000,35.44,-1.4,19.35,80.0,678.7,0.0,0.0,0.0,0.0,0.0,Unknown
35.4400_-1.3200,35.44,-1.32,20.1,69.13,568.7,0.0,0.0,0.0,0.0,0.0,Unknown
35.4400_-1.2400,35.44,-1.24,20.1,69.13,568.7,0.0,0.0,0.0,0.0,0.0,Unknown
35.4400_-1.1600,35.44,-1.16,19.52,69.02,568.7,7.9,10.6,5.3,17.6,9.7,Clay
35.4400_-1.0800,35.44,-1.08,19.94,65.94,472.0,7.8,8.9,4.45,17.6,8.2,Clay
35.4400_-1.0000,35.44,-1.0,19.94,65.94,472.0,7.8,9.3,4.65,20.48,8.7,Clay
35.4400_-0.9200,35.44,-0.92,20.35,64.68,391.2,7.8,9.2,4.6,18.32,8.8,Clay
35.4400_-0.8400,35.44,-0.84,20.35,63.42,432.4,7.8,9.1,4.55,20.64,9.9,Clay
35.4400_-0.7600,35.44,-0.76,20.35,63.42,432.4,7.8,9.3,4.65,20.4,9.4,Silt
35.4400_-0.6800,35.44,-0.68,19.81,62.52,507.7,7.9,9.1,4.55,19.84,11.0,Clay
35.4400_-0.6000,35.44,-0.6,18.63,62.82,489.4,7.8,9.9,4.95,17.04,12.7,Clay
35.4400_-0.5200,35.44,-0.52,19.21,62.69,502.7,7.9,9.3,4.65,18.16,11.2,Clay
35.4400_-0.4400,35.44,-0.44,18.88,62.16,472.9,7.7,8.9,4.45,18.32,10.9,Clay
35.4400_-0.3600,35.44,-0.36,18.99,61.12,379.6,7.6,9.5,4.75,20.0,12.7,Silt
35.4400_-0.2800,35.44,-0.28,18.0,60.78,377.7,7.7,10.2,5.1,18.24,13.9,Silt
35.4400_-0.2000,35.44,-0.2,18.31,60.84,377.7,7.6,9.4,4.7,17.52,10.6,Clay
35.4400_-0.1200,35.44,-0.12,18.06,62.15,397.2,7.5,10.1,5.05,19.04,11.6,Clay
35.4400_-0.0400,35.44,-0.04,20.3,61.79,491.5,7.6,9.8,4.9,17.44,10.6,Silt
35.4400_0.0400,35.44,0.04,19.72,61.7,491.5,7.6,9.4,4.7,19.28,9.6,Silt
35.4400_0.1200,35.44,0.12,16.77,59.99,602.2,7.6,8.9,4.45,16.96,12.0,Silt
35.4400_0.2000,35.44,0.2,17.1,58.01,590.9,7.6,10.2,5.1,17.92,11.0,Silt
35.4400_0.2800,35.44,0.28,18.21,58.24,590.9,7.6,9.7,4.85,17.92,10.6,Clay
35.4400_0.3600,35.44,0.36,18.52,56.11,451.4,7.4,8.9,4.45,17.44,10.1,Silt
35.4400_0.4400,35.44,0.44,19.34,54.19,361.4,7.5,10.5,5.25,18.08,8.9,Silt
35.4400_0.5200,35.44,0.52,19.97,54.22,390.1,7.6,9.0,4.5,17.6,8.3,Clay
35.4400_0.6000,35.44,0.6,19.97,54.22,390.1,7.6,8.8,4.4,18.88,8.9,Silt
35.4400_0.6800,35.44,0.68,20.06,54.27,555.1,7.8,8.4,4.2,20.24,9.1,Silt
35.4400_0.7600,35.44,0.76,20.31,54.31,555.1,7.6,8.5,4.25,19.28,8.9,Silt
35.4400_0.8400,35.44,0.84,20.57,54.0,617.0,7.8,9.2,4.6,18.72,10.1,Silt
35.4400_0.9200,35.44,0.92,18.87,54.94,626.7,7.8,9.9,4.95,14.8,9.7,Clay
35.4400_1.0000,35.44,1.0,18.21,55.44,614.1,7.6,9.3,4.65,15.28,11.3,Clay
35.4400_1.0800,35.44,1.08,18.21,55.44,614.1,7.5,8.2,4.1,15.2,11.1,Silt
35.4400_1.1600,35.44,1.16,18.06,54.4,600.1,7.6,9.1,4.55,15.04,9.3,Silt
35.4400_1.2400,35.44,1.24,17.73,54.98,649.5,7.5,8.3,4.15,14.88,9.5,Silt
35.4400_1.3200,35.44,1.32,16.25,55.96,724.2,7.6,10.7,5.35,14.96,11.0,Silt
35.4400_1.4000,35.44,1.4,17.24,55.46,709.6,7.7,9.5,4.75,14.48,11.6,Silt
35.4400_1.4800,35.44,1.48,16.91,55.67,648.0,7.6,10.4,5.2,15.6,9.4,Clay
35.4400_1.5600,35.44,1.56,16.77,56.04,572.6,7.7,8.8,4.4,15.92,9.7,Silt
35.4400_1.6400,35.44,1.64,16.77,56.04,572.6,7.5,9.3,4.65,15.84,10.0,Clay
35.4400_1.7200,35.44,1.72,16.68,56.32,505.9,7.6,8.5,4.25,15.04,8.8,Silt
35.4400_1.8000,35.44,1.8,16.77,55.81,466.1,7.6,7.7,3.85,15.44,9.4,Silt
35.4400_1.8800,35.44,1.88,16.77,55.81,466.1,7.9,8.1,4.05,14.56,6.5,Clay
35.4400_1.9600,35.44,1.96,16.98,55.15,460.2,7.8,11.2,5.6,14.72,9.1,Clay
35.4400_2.0400,35.44,2.04,17.15,55.05,433.3,7.8,8.9,4.45,15.92,8.2,Clay
35.4400_2.1200,35.44,2.12,17.15,55.05,433.3,7.8,8.1,4.05,13.36,8.1,Clay
35.4400_2.2000,35.44,2.2,17.39,54.83,402.8,7.7,7.5,3.75,13.6,7.2,Clay
35.4400_2.2800,35.44,2.28,17.74,54.14,362.6,7.7,8.7,4.35,13.76,7.7,Clay
35.4400_2.3600,35.44,2.36,17.74,54.14,362.6,7.8,10.4,5.2,13.84,7.6,Clay
35.4400_2.4400,35.44,2.44,17.95,53.9,333.7,7.8,9.7,4.85,14.24,7.1,Clay
35.4400_2.5200,35.44,2.52,17.97,53.86,362.3,7.8,7.0,3.5,15.2,7.2,Clay
35.4400_2.6000,35.44,2.6,17.99,53.83,392.7,7.8,7.4,3.7,14.64,6.9,Clay
35.4400_2.6800,35.44,2.68,17.99,53.83,392.7,7.9,7.4,3.7,15.36,6.6,Clay
35.4400_2.7600,35.44,2.76,18.05,53.6,411.0,7.9,8.3,4.15,14.4,7.3,Clay
35.4400_2.8400,35.44,2.84,18.11,53.76,428.8,8.0,7.2,3.6,14.16,7.1,Silt
35.4400_2.9200,35.44,2.92,18.11,53.76,428.8,8.0,6.6,3.3,12.0,7.6,Silt
35.4400_3.0000,35.44,3.0,17.86,54.6,417.2,7.9,7.5,3.75,13.28,7.2,Silt
35.4400_3.0800,35.44,3.08,17.82,54.24,396.4,7.9,7.9,3.95,13.92,7.5,Clay
35.4400_3.1600,35.44,3.16,17.82,54.24,396.4,8.0,7.8,3.9,13.44,7.8,Silt
35.4400_3.2400,35.44,3.24,17.82,53.58,361.4,8.0,7.6,3.8,13.28,7.9,Clay
35.4400_3.3200,35.44,3.32,17.62,53.4,392.9,8.0,8.9,4.45,11.68,8.4,Clay
35.4400_3.4000,35.44,3.4,17.62,53.4,392.9,7.9,8.8,4.4,10.64,8.9,Clay
35.4400_3.4800,35.44,3.48,17.35,53.26,404.9,7.9,8.0,4.0,11.68,9.1,Clay
35.4400_3.5600,35.44,3.56,17.28,53.83,417.0,7.9,7.9,3.95,11.92,8.8,Clay
35.4400_3.6400,35.44,3.64,17.67,53.46,406.4,7.9,7.5,3.75,11.36,8.1,Clay
35.4400_3.7200,35.44,3.72,17.67,53.46,406.4,8.0,7.5,3.75,10.8,9.2,Clay
35.4400_3.8000,35.44,3.8,17.92,53.07,367.0,8.0,7.6,3.8,10.4,9.1,Clay
35.4400_3.8800,35.44,3.88,18.02,52.8,399.0,8.0,7.3,3.65,9.68,10.0,Clay
35.4400_3.9600,35.44,3.96,18.02,52.8,399.0,8.0,7.2,3.6,9.84,8.4,Silt
35.4400_4.0400,35.44,4.04,18.46,51.9,424.5,8.1,7.1,3.55,8.8,8.7,Clay
35.4400_4.1200,35.44,4.12,19.26,50.53,353.7,8.1,5.0,2.5,10.32,7.7,Loamy
35.4400_4.2000,35.44,4.2,19.26,50.53,353.7,8.1,6.8,3.4,9.84,12.0,Silt
35.4400_4.2800,35.44,4.28,20.11,49.56,295.3,8.1,8.0,4.0,14.16,6.4,Silt
35.4400_4.3600,35.44,4.36,20.22,50.1,320.9,8.0,7.3,3.65,12.88,5.6,Silt
35.4400_4.4400,35.44,4.44,20.22,50.1,320.9,7.8,8.7,4.35,12.48,7.8,Silt
35.4400_4.5200,35.44,4.52,20.23,50.28,338.0,7.8,6.7,3.35,12.96,5.3,Silt
35.4400_4.6000,35.44,4.6,20.25,50.52,343.0,8.0,7.9,3.95,10.96,22.2,Silt
35.4400_4.6800,35.44,4.68,20.16,51.0,337.5,7.9,9.4,4.7,14.08,18.8,Silt
35.4400_4.7600,35.44,4.76,20.16,51.0,337.5,8.0,11.0,5.5,14.4,19.2,Clay
35.4400_4.8400,35.44,4.84,19.93,51.37,357.8,0.0,0.0,0.0,0.0,0.0,Unknown
35.4400_4.9200,35.44,4.92,19.63,51.55,348.9,8.0,6.6,3.3,10.16,12.6,Silt
35.4400_5.0000,35.44,5.0,19.63,51.55,348.9,8.1,4.9,2.45,9.84,5.7,Clay
35.4400_5.0800,35.44,5.08,19.62,50.67,324.4,8.1,5.3,2.65,13.2,5.5,Silt
35.4400_5.1600,35.44,5.16,19.63,50.02,349.2,8.1,4.7,2.35,10.0,6.9,Clay
35.4400_5.2400,35.44,5.24,19.63,50.02,349.2,8.1,4.5,2.25,9.76,5.0,Clay
35.4400_5.3200,35.44,5.32,19.52,50.46,329.0,8.1,4.9,2.45,9.52,5.2,Sandy
35.4400_5.4000,35.44,5.4,19.28,50.73,311.9,8.1,5.1,2.55,10.08,6.4,Clay
35.4400_5.4800,35.44,5.48,19.28,50.73,311.9,8.0,5.5,2.75,9.68,5.5,Clay
35.4400_5.5600,35.44,5.56,18.41,50.54,328.1,7.9,7.0,3.5,9.6,9.9,Clay
35.4400_5.6400,35.44,5.64,16.48,53.26,387.9,7.9,9.4,4.7,13.04,9.6,Clay
35.4400_5.7200,35.44,5.72,14.55,56.38,478.9,7.7,8.9,4.45,12.96,10.8,Clay
35.4400_5.8000,35.44,5.8,14.55,56.38,478.9,7.6,9.1,4.55,13.2,10.3,Clay
35.4400_5.8800,35.44,5.88,14.08,59.53,457.8,7.6,10.2,5.1,14.08,11.9,Clay
35.4400_5.9600,35.44,5.96,15.68,54.8,353.0,7.9,10.2,5.1,13.12,7.7,Clay
35.4400_6.0400,35.44,6.04,13.3,60.1,446.1,7.6,8.8,4.4,13.28,11.5,Clay
35.4400_6.1200,35.44,6.12,12.81,60.0,446.1,7.5,9.7,4.85,12.88,13.5,Clay
35.4400_6.2000,35.44,6.2,11.9,62.47,563.3,7.4,12.9,6.45,12.64,33.9,Clay
35.4400_6.2800,35.44,6.28,11.45,62.4,563.3,7.5,11.3,5.65,14.08,13.8,Clay
35.4400_6.3600,35.44,6.36,13.14,60.82,543.9,7.5,10.9,5.45,14.32,12.8,Clay
35.4400_6.4400,35.44,6.44,14.39,56.79,474.2,7.6,10.3,5.15,14.24,10.9,Clay
35.4400_6.5200,35.44,6.52,15.25,55.79,517.8,7.8,9.3,4.65,14.08,9.7,Clay
35.4400_6.6000,35.44,6.6,15.25,55.79,517.8,7.8,9.2,4.6,13.6,9.6,Clay
35.4400_6.6800,35.44,6.68,15.49,56.66,560.4,7.8,8.4,4.2,12.8,12.6,Clay
35.4400_6.7600,35.44,6.76,14.01,60.52,641.2,7.8,12.0,6.0,14.32,14.1,Clay
35.4400_6.8400,35.44,6.84,14.29,57.36,630.5,6.9,12.6,6.3,14.48,16.2,Clay
35.4400_6.9200,35.44,6.92,15.75,57.59,674.3,7.9,11.2,5.6,12.96,11.1,Silt
35.4400_7.0000,35.44,7.0,15.02,58.24,616.7,7.9,12.7,6.35,12.88,12.7,Silt
35.4400_7.0800,35.44,7.08,15.02,58.24,616.7,7.8,10.2,5.1,14.0,13.5,Silt
35.4400_7.1600,35.44,7.16,15.41,58.14,537.4,7.8,11.5,5.75,13.04,11.6,Clay
35.4400_7.2400,35.44,7.24,15.24,58.69,472.5,7.9,9.9,4.95,13.36,10.0,Clay
35.4400_7.3200,35.44,7.32,14.4,60.1,446.8,7.7,10.5,5.25,14.88,8.8,Clay
35.4400_7.4000,35.44,7.4,15.02,60.01,464.2,7.8,10.7,5.35,14.56,8.2,Clay
35.4400_7.4800,35.44,7.48,15.06,59.66,429.4,7.9,9.7,4.85,14.56,8.4,Clay
35.4400_7.5600,35.44,7.56,14.87,59.8,439.3,7.9,9.8,4.9,13.04,9.7,Clay
35.4400_7.6400,35.44,7.64,14.87,59.8,439.3,7.7,10.8,5.4,14.0,8.7,Clay
35.4400_7.7200,35.44,7.72,14.55,60.44,485.3,7.8,10.3,5.15,15.52,9.1,Clay
35.4400_7.8000,35.44,7.8,14.04,60.15,455.1,7.7,11.3,5.65,14.72,11.1,Clay
35.4400_7.8800,35.44,7.88,16.13,59.65,466.7,7.8,10.8,5.4,13.2,9.0,Clay
35.4400_7.9600,35.44,7.96,15.8,57.41,399.4,7.9,12.1,6.05,13.76,9.3,Clay
35.4400_8.0400,35.44,8.04,16.83,58.26,397.4,7.9,10.2,5.1,14.8,8.7,Clay
35.4400_8.1200,35.44,8.12,16.7,58.23,397.4,7.9,15.9,7.95,16.56,9.6,Silt
35.4400_8.2000,35.44,8.2,15.29,59.4,388.9,7.8,12.1,6.05,13.84,10.3,Clay
35.4400_8.2800,35.44,8.28,15.31,59.36,380.5,7.9,12.9,6.45,13.68,10.8,Clay
35.4400_8.3600,35.44,8.36,15.31,59.36,380.5,7.6,13.2,6.6,13.04,11.1,Clay
35.4400_8.4400,35.44,8.44,15.92,58.64,358.5,7.8,10.5,5.25,14.96,8.0,Clay
35.4400_8.5200,35.44,8.52,16.19,58.75,340.3,7.8,11.7,5.85,14.96,10.4,Clay
35.4400_8.6000,35.44,8.6,15.51,60.43,362.3,7.7,12.2,6.1,15.12,14.4,Clay
35.4400_8.6800,35.44,8.68,15.51,60.43,362.3,7.7,12.3,6.15,15.44,11.3,Clay
35.5200_-2.2000,35.52,-2.2,19.47,81.3,323.6,0.0,0.0,0.0,0.0,0.0,Unknown
35.5200_-2.1200,35.52,-2.12,19.52,81.27,322.7,0.0,0.0,0.0,0.0,0.0,Unknown
35.5200_-2.0400,35.52,-2.04,19.52,81.27,322.7,0.0,0.0,0.0,0.0,0.0,Unknown
35.5200_-1.9600,35.52,-1.96,19.55,81.08,349.3,0.0,0.0,0.0,0.0,0.0,Unknown
35.5200_-1.8800,35.52,-1.88,19.56,80.96,399.3,0.0,0.0,0.0,0.0,0.0,Unknown
35.5200_-1.8000,35.52,-1.8,19.56,80.96,399.3,0.0,0.0,0.0,0.0,0.0,Unknown
35.5200_-1.7200,35.52,-1.72,19.55,80.66,394.4,0.0,0.0,0.0,0.0,0.0,Unknown
35.5200_-1.6400,35.52,-1.64,19.46,80.54,414.3,0.0,0.0,0.0,0.0,0.0,Unknown
35.5200_-1.5600,35.52,-1.56,19.46,80.53,414.3,0.0,0.0,0.0,0.0,0.0,Unknown
35.5200_-1.4800,35.52,-1.48,19.39,80.64,447.1,0.0,0.0,0.0,0.0,0.0,Unknown
35.5200_-1.4000,35.52,-1.4,19.35,80.47,521.8,0.0,0.0,0.0,0.0,0.0,Unknown
35.5200_-1.3200,35.52,-1.32,19.8,72.12,578.9,0.0,0.0,0.0,0.0,0.0,Unknown
35.5200_-1.2400,35.52,-1.24,19.8,72.12,578.9,0.0,0.0,0.0,0.0,0.0,Unknown
35.5200_-1.1600,35.52,-1.16,18.4,71.89,578.9,7.8,8.7,4.35,15.92,10.3,Clay
35.5200_-1.0800,35.52,-1.08,19.25,68.37,475.2,7.1,9.8,4.9,18.0,9.4,Clay
35.5200_-1.0000,35.52,-1.0,19.25,68.37,475.2,7.8,9.1,4.55,20.0,8.7,Clay
35.5200_-0.9200,35.52,-0.92,19.73,66.12,419.4,0.0,0.0,0.0,0.0,0.0,Unknown
35.5200_-0.8400,35.52,-0.84,19.93,65.57,373.5,0.0,0.0,0.0,0.0,0.0,Unknown
35.5200_-0.7600,35.52,-0.76,19.93,65.57,373.5,8.0,10.1,5.05,19.2,12.3,Silt
35.5200_-0.6800,35.52,-0.68,19.96,65.84,410.6,8.0,9.3,4.65,19.36,14.3,Clay
35.5200_-0.6000,35.52,-0.6,19.66,64.12,473.4,7.9,8.9,4.45,19.36,7.8,Silt
35.5200_-0.5200,35.52,-0.52,19.66,64.12,473.4,7.9,8.6,4.3,21.36,9.3,Silt
35.5200_-0.4400,35.52,-0.44,19.52,62.87,497.1,7.7,8.9,4.45,20.16,12.0,Clay
35.5200_-0.3600,35.52,-0.36,19.47,62.67,404.3,7.6,9.1,4.55,20.88,10.3,Silt
35.5200_-0.2800,35.52,-0.28,19.82,61.66,354.0,7.6,9.3,4.65,17.92,13.2,Silt
35.5200_-0.2000,35.52,-0.2,20.58,61.81,354.0,7.7,9.7,4.85,15.84,9.0,Clay
35.5200_-0.1200,35.52,-0.12,19.98,61.16,367.4,7.6,9.7,4.85,17.76,10.0,Silt
35.5200_-0.0400,35.52,-0.04,18.22,61.36,491.5,7.6,9.9,4.95,18.72,14.6,Clay
35.5200_0.0400,35.52,0.04,19.9,60.78,421.2,7.7,9.9,4.95,17.36,15.1,Silt
35.5200_0.1200,35.52,0.12,19.43,58.9,597.8,7.3,10.1,5.05,15.6,12.0,Silt
35.5200_0.2000,35.52,0.2,18.72,57.43,586.9,7.4,11.5,5.75,17.84,12.4,Silt
35.5200_0.2800,35.52,0.28,17.42,57.13,586.9,7.5,10.5,5.25,18.24,11.3,Silt
35.5200_0.3600,35.52,0.36,17.5,56.29,502.9,7.6,9.9,4.95,18.0,15.2,Silt
35.5200_0.4400,35.52,0.44,19.52,55.33,380.9,7.7,10.5,5.25,19.52,10.5,Silt
35.5200_0.5200,35.52,0.52,20.17,56.09,399.0,7.6,9.1,4.55,19.04,7.5,Silt
35.5200_0.6000,35.52,0.6,20.17,56.09,399.0,7.9,8.9,4.45,19.04,7.6,Silt
35.5200_0.6800,35.52,0.68,19.89,57.27,590.5,7.7,9.0,4.5,17.52,9.4,Clay
35.5200_0.7600,35.52,0.76,19.34,54.33,680.7,7.7,9.6,4.8,17.04,10.8,Clay
35.5200_0.8400,35.52,0.84,18.15,54.07,680.7,7.6,9.2,4.6,15.12,11.6,Silt
35.5200_0.9200,35.52,0.92,18.46,55.78,626.2,7.6,9.4,4.7,16.16,10.8,Silt
35.5200_1.0000,35.52,1.0,18.19,55.55,604.0,7.5,9.9,4.95,14.88,10.6,Silt
35.5200_1.0800,35.52,1.08,18.19,55.55,604.0,7.6,9.7,4.85,14.24,10.6,Clay
35.5200_1.1600,35.52,1.16,18.37,54.83,560.0,7.7,10.0,5.0,15.84,10.2,Clay
35.5200_1.2400,35.52,1.24,18.25,54.92,596.1,7.6,10.3,5.15,15.52,9.5,Silt
35.5200_1.3200,35.52,1.32,18.92,55.07,596.1,7.8,9.1,4.55,15.44,10.3,Clay
35.5200_1.4000,35.52,1.4,17.78,55.79,668.3,7.6,9.6,4.8,14.48,10.1,Silt
35.5200_1.4800,35.52,1.48,17.32,56.17,663.4,7.6,9.2,4.6,14.32,13.3,Clay
35.5200_1.5600,35.52,1.56,16.89,56.93,621.2,7.6,9.2,4.6,14.4,9.1,Clay
35.5200_1.6400,35.52,1.64,16.89,56.93,621.2,7.6,9.5,4.75,14.48,9.8,Clay
35.5200_1.7200,35.52,1.72,16.57,57.36,609.8,7.5,8.2,4.1,15.04,8.5,Clay
35.5200_1.8000,35.52,1.8,16.63,56.96,511.9,7.7,8.8,4.4,14.72,10.2,Clay
35.5200_1.8800,35.52,1.88,16.63,56.96,511.9,7.7,9.0,4.5,15.44,7.9,Clay
35.5200_1.9600,35.52,1.96,16.92,56.2,452.3,7.8,8.9,4.45,14.72,7.9,Clay
35.5200_2.0400,35.52,2.04,17.16,55.57,414.0,7.8,8.7,4.35,14.48,7.9,Clay
35.5200_2.1200,35.52,2.12,17.16,55.57,414.0,7.7,8.2,4.1,14.08,7.9,Clay
35.5200_2.2000,35.52,2.2,17.28,54.74,407.8,7.8,7.8,3.9,14.0,7.7,Clay
35.5200_2.2800,35.52,2.28,17.41,54.94,429.7,7.8,12.4,6.2,13.68,7.6,Clay
35.5200_2.3600,35.52,2.36,17.41,54.94,429.7,7.8,7.5,3.75,14.0,7.9,Clay
35.5200_2.4400,35.52,2.44,17.66,54.84,413.1,7.7,8.1,4.05,13.84,7.1,Clay
35.5200_2.5200,35.52,2.52,17.88,54.7,448.4,7.9,10.1,5.05,15.12,7.1,Clay
35.5200_2.6000,35.52,2.6,18.05,54.54,432.0,7.8,9.0,4.5,14.72,6.9,Clay
35.5200_2.6800,35.52,2.68,18.05,54.54,432.0,7.8,10.2,5.1,16.0,6.8,Clay
35.5200_2.7600,35.52,2.76,18.19,54.13,417.3,7.9,8.1,4.05,15.12,6.8,Clay
35.5200_2.8400,35.52,2.84,18.27,53.99,397.1,7.8,7.7,3.85,14.56,7.2,Clay
35.5200_2.9200,35.52,2.92,18.27,53.99,397.1,7.9,7.7,3.85,14.32,7.1,Silt
35.5200_3.0000,35.52,3.0,17.8,54.26,407.8,7.9,7.8,3.9,13.84,7.1,Clay
35.5200_3.0800,35.52,3.08,17.6,55.33,413.0,8.0,7.9,3.95,14.96,7.0,Clay
35.5200_3.1600,35.52,3.16,17.6,55.33,413.0,8.0,7.6,3.8,13.6,7.4,Clay
35.5200_3.2400,35.52,3.24,17.55,55.4,408.3,7.9,7.9,3.95,12.96,7.4,Clay
35.5200_3.3200,35.52,3.32,17.71,54.51,351.1,7.8,8.8,4.4,13.04,10.8,Clay
35.5200_3.4000,35.52,3.4,17.71,54.51,351.1,7.9,11.2,5.6,13.04,8.6,Clay
35.5200_3.4800,35.52,3.48,17.69,53.96,377.8,7.9,8.9,4.45,12.0,8.6,Clay
35.5200_3.5600,35.52,3.56,17.66,54.06,398.2,7.9,7.7,3.85,12.0,8.4,Silt
35.5200_3.6400,35.52,3.64,17.93,53.72,413.7,7.9,9.0,4.5,11.44,7.8,Clay
35.5200_3.7200,35.52,3.72,17.93,53.72,413.7,8.0,8.6,4.3,11.6,9.8,Silt
35.5200_3.8000,35.52,3.8,18.18,53.58,385.4,8.0,7.2,3.6,11.28,7.8,Clay
35.5200_3.8800,35.52,3.88,18.36,53.22,418.5,7.9,8.1,4.05,10.72,9.8,Silt
35.5200_3.9600,35.52,3.96,18.36,53.22,418.5,8.0,7.1,3.55,10.4,9.0,Silt
35.5200_4.0400,35.52,4.04,18.77,52.19,418.9,8.1,6.3,3.15,11.44,9.2,Silt
35.5200_4.1200,35.52,4.12,19.39,51.1,371.6,8.0,5.6,2.8,11.44,8.3,Clay
35.5200_4.2000,35.52,4.2,19.39,51.1,371.6,8.0,5.5,2.75,11.12,8.2,Silt
35.5200_4.2800,35.52,4.28,19.96,50.42,334.6,8.0,6.0,3.0,10.72,7.7,Silt
35.5200_4.3600,35.52,4.36,19.99,50.81,347.0,7.9,6.7,3.35,12.48,5.3,Clay
35.5200_4.4400,35.52,4.44,19.99,50.81,347.0,7.9,8.2,4.1,12.88,5.4,Clay
35.5200_4.5200,35.52,4.52,19.98,50.73,365.0,7.8,7.6,3.8,12.0,7.0,Clay
35.5200_4.6000,35.52,4.6,20.0,50.89,367.3,7.9,6.6,3.3,11.28,10.4,Silt
35.5200_4.6800,35.52,4.68,19.99,51.04,344.1,8.0,5.7,2.85,10.72,6.4,Silt
35.5200_4.7600,35.52,4.76,19.99,51.04,344.1,8.0,6.7,3.35,11.6,5.2,Clay
35.5200_4.8400,35.52,4.84,19.92,50.83,368.0,8.0,6.4,3.2,12.16,13.3,Clay
35.5200_4.9200,35.52,4.92,19.78,50.49,381.5,8.0,4.5,2.25,9.6,5.6,Clay
35.5200_5.0000,35.52,5.0,19.78,50.49,381.5,8.1,5.4,2.7,10.8,7.0,Clay
35.5200_5.0800,35.52,5.08,19.62,50.3,384.5,8.1,4.5,2.25,9.12,6.0,Loamy
35.5200_5.1600,35.52,5.16,19.19,50.4,335.5,8.1,5.3,2.65,9.28,6.1,Clay
35.5200_5.2400,35.52,5.24,19.19,50.4,335.5,8.1,8.6,4.3,8.96,6.1,Clay
35.5200_5.3200,35.52,5.32,18.68,51.31,372.6,8.1,5.4,2.7,9.12,7.5,Clay
35.5200_5.4000,35.52,5.4,17.29,51.61,368.6,8.0,7.3,3.65,8.96,9.5,Clay
35.5200_5.4800,35.52,5.48,18.43,51.87,368.6,8.1,5.8,2.9,9.52,6.1,Clay
35.5200_5.5600,35.52,5.56,17.83,53.0,327.8,8.0,7.1,3.55,10.56,7.1,Clay
35.5200_5.6400,35.52,5.64,16.09,53.81,365.7,7.8,8.8,4.4,12.56,10.6,Clay
35.5200_5.7200,35.52,5.72,12.69,57.49,522.2,7.5,10.4,5.2,13.04,18.7,Clay
35.5200_5.8000,35.52,5.8,11.87,57.36,522.2,7.6,12.9,6.45,12.8,32.6,Clay
35.5200_5.8800,35.52,5.88,11.97,59.42,535.3,7.7,12.5,6.25,12.24,13.9,Clay
35.5200_5.9600,35.52,5.96,13.1,61.6,457.0,7.5,11.5,5.75,12.56,17.9,Clay
35.5200_6.0400,35.52,6.04,13.8,61.75,457.0,7.6,11.4,5.7,14.8,15.1,Clay
35.5200_6.1200,35.52,6.12,14.97,59.6,448.3,7.9,9.5,4.75,14.8,9.2,Clay
35.5200_6.2000,35.52,6.2,14.86,59.34,515.2,7.8,9.4,4.7,12.96,12.0,Clay
35.5200_6.2800,35.52,6.28,13.9,59.13,515.2,7.8,9.1,4.55,14.4,9.6,Clay
35.5200_6.3600,35.52,6.36,14.38,58.93,501.1,7.7,9.8,4.9,13.52,9.4,Clay
35.5200_6.4400,35.52,6.44,14.91,58.59,471.8,7.8,9.0,4.5,13.12,8.6,Clay
35.5200_6.5200,35.52,6.52,14.91,58.59,471.8,8.0,8.8,4.4,15.2,32.5,Silt
35.5200_6.6000,35.52,6.6,15.81,56.39,465.7,7.8,9.4,4.7,12.8,9.2,Clay
35.5200_6.6800,35.52,6.68,16.36,55.86,486.7,7.8,9.4,4.7,13.92,8.4,Clay
35.5200_6.7600,35.52,6.76,16.5,55.6,513.4,7.8,8.5,4.25,12.64,8.9,Clay
35.5200_6.8400,35.52,6.84,16.5,55.6,513.4,7.9,8.5,4.25,13.68,8.9,Clay
35.5200_6.9200,35.52,6.92,16.31,55.62,545.4,7.9,8.2,4.1,13.68,7.8,Clay
35.5200_7.0000,35.52,7.0,16.37,56.36,520.6,7.8,11.8,5.9,13.68,8.0,Clay
35.5200_7.0800,35.52,7.08,16.37,56.36,520.6,7.9,9.1,4.55,13.44,9.3,Silt
35.5200_7.1600,35.52,7.16,16.17,57.81,504.3,7.9,9.2,4.6,12.56,8.1,Clay
35.5200_7.2400,35.52,7.24,15.71,58.63,486.7,7.9,9.1,4.55,13.36,8.8,Clay
35.5200_7.3200,35.52,7.32,15.71,58.63,486.7,7.8,9.7,4.85,13.04,8.6,Clay
35.5200_7.4000,35.52,7.4,15.22,60.39,484.4,7.8,10.7,5.35,13.68,9.6,Clay
35.5200_7.4800,35.52,7.48,15.35,60.05,424.4,7.7,10.5,5.25,14.16,9.8,Clay
35.5200_7.5600,35.52,7.56,15.35,60.05,424.4,7.8,11.8,5.9,13.12,9.8,Clay
35.5200_7.6400,35.52,7.64,15.21,60.26,447.3,7.9,11.8,5.9,13.84,7.5,Clay
35.5200_7.7200,35.52,7.72,13.81,59.36,490.9,7.6,10.2,5.1,14.56,14.4,Clay
35.5200_7.8000,35.52,7.8,15.76,58.51,499.2,7.7,12.5,6.25,14.32,9.9,Clay
35.5200_7.8800,35.52,7.88,15.76,58.51,499.2,7.9,10.1,5.05,14.32,7.8,Clay
35.5200_7.9600,35.52,7.96,16.37,57.56,424.3,7.9,10.1,5.05,14.4,8.3,Clay
35.5200_8.0400,35.52,8.04,16.75,59.03,377.0,7.9,10.9,5.45,16.0,9.7,Clay
35.5200_8.1200,35.52,8.12,13.84,58.46,377.0,7.7,16.7,8.35,14.64,14.6,Clay
35.5200_8.2000,35.52,8.2,13.89,60.58,422.8,7.6,15.1,7.55,15.12,13.8,Clay
35.5200_8.2800,35.52,8.28,14.95,60.59,466.8,7.8,22.2,11.1,16.32,9.7,Clay
35.5200_8.3600,35.52,8.36,14.95,60.59,466.8,7.8,13.8,6.9,14.96,10.8,Clay
35.5200_8.4400,35.52,8.44,15.69,59.16,442.0,7.6,11.7,5.85,15.84,9.6,Clay
35.5200_8.5200,35.52,8.52,16.06,58.98,402.8,7.7,9.4,4.7,15.04,10.1,Silt
35.5200_8.6000,35.52,8.6,16.06,58.98,402.8,7.8,11.9,5.95,14.8,10.4,Clay
35.5200_8.6800,35.52,8.68,14.35,59.7,447.7,7.7,12.4,6.2,15.84,12.7,Clay
35.6000_-2.2000,35.6,-2.2,19.5,81.25,323.3,0.0,0.0,0.0,0.0,0.0,Unknown
35.6000_-2.1200,35.6,-2.12,19.55,81.15,347.1,0.0,0.0,0.0,0.0,0.0,Unknown
35.6000_-2.0400,35.6,-2.04,19.55,81.15,347.1,0.0,0.0,0.0,0.0,0.0,Unknown
35.6000_-1.9600,35.6,-1.96,19.6,81.0,339.3,0.0,0.0,0.0,0.0,0.0,Unknown
35.6000_-1.8800,35.6,-1.88,19.62,81.07,358.5,0.0,0.0,0.0,0.0,0.0,Unknown
35.6000_-1.8000,35.6,-1.8,19.62,81.07,358.5,0.0,0.0,0.0,0.0,0.0,Unknown
35.6000_-1.7200,35.6,-1.72,19.59,81.01,393.7,0.0,0.0,0.0,0.0,0.0,Unknown
35.6000_-1.6400,35.6,-1.64,19.51,80.93,404.3,0.0,0.0,0.0,0.0,0.0,Unknown
35.6000_-1.5600,35.6,-1.56,19.48,80.84,421.8,0.0,0.0,0.0,0.0,0.0,Unknown
35.6000_-1.4800,35.6,-1.48,19.48,80.84,421.8,0.0,0.0,0.0,0.0,0.0,Unknown
35.6000_-1.4000,35.6,-1.4,19.48,80.79,468.0,0.0,0.0,0.0,0.0,0.0,Unknown
35.6000_-1.3200,35.6,-1.32,19.8,72.12,578.9,0.0,0.0,0.0,0.0,0.0,Unknown
35.6000_-1.2400,35.6,-1.24,19.8,72.12,578.9,0.0,0.0,0.0,0.0,0.0,Unknown
35.6000_-1.1600,35.6,-1.16,19.8,72.12,578.9,0.0,0.0,0.0,0.0,0.0,Unknown
35.6000_-1.0800,35.6,-1.08,18.87,70.66,542.3,7.5,9.6,4.8,18.48,9.5,Clay
35.6000_-1.0000,35.6,-1.0,18.87,70.66,542.3,7.8,9.6,4.8,19.36,8.9,Clay
35.6000_-0.9200,35.6,-0.92,18.79,68.75,477.6,7.9,9.1,4.55,19.92,11.3,Clay
35.6000_-0.8400,35.6,-0.84,18.99,68.33,433.5,7.8,9.3,4.65,18.4,10.6,Clay
35.6000_-0.7600,35.6,-0.76,18.99,68.33,433.5,7.8,9.1,4.55,19.44,11.7,Silt
35.6000_-0.6800,35.6,-0.68,19.4,68.15,379.5,7.8,10.3,5.15,19.2,32.6,Silt
35.6000_-0.6000,35.6,-0.6,19.75,66.17,399.6,7.9,9.8,4.9,18.64,30.1,Clay
35.6000_-0.5200,35.6,-0.52,19.74,64.87,446.4,7.7,9.5,4.75,20.88,9.5,Silt
35.6000_-0.4400,35.6,-0.44,19.74,64.87,446.4,0.0,0.0,0.0,0.0,0.0,Unknown
35.6000_-0.3600,35.6,-0.36,18.83,63.68,397.7,7.5,9.2,4.6,17.68,10.1,Clay
35.6000_-0.2800,35.6,-0.28,19.98,64.01,400.8,7.6,8.7,4.35,21.6,10.2,Silt
35.6000_-0.2000,35.6,-0.2,19.98,64.01,400.8,7.7,9.4,4.7,19.52,9.3,Silt
35.6000_-0.1200,35.6,-0.12,20.25,63.64,384.7,7.9,9.8,4.9,19.52,9.7,Silt
35.6000_-0.0400,35.6,-0.04,20.55,62.1,489.4,7.6,8.8,4.4,17.68,10.9,Silt
35.6000_0.0400,35.6,0.04,20.55,62.1,489.4,7.8,8.8,4.4,16.72,8.3,Clay
35.6000_0.1200,35.6,0.12,20.44,58.5,544.7,7.8,10.3,5.15,17.76,8.4,Silt
35.6000_0.2000,35.6,0.2,20.75,57.16,517.7,7.7,9.1,4.55,21.04,10.9,Silt
35.6000_0.2800,35.6,0.28,18.67,57.41,586.9,7.6,9.6,4.8,18.72,9.9,Silt
35.6000_0.3600,35.6,0.36,19.41,56.48,447.1,7.7,10.6,5.3,20.0,10.7,Silt
35.6000_0.4400,35.6,0.44,19.97,55.81,382.7,7.6,9.5,4.75,20.88,9.1,Silt
35.6000_0.5200,35.6,0.52,20.82,57.05,394.1,7.7,9.3,4.65,19.6,8.2,Silt
35.6000_0.6000,35.6,0.6,20.45,56.98,394.1,7.7,9.0,4.5,17.44,8.1,Silt
35.6000_0.6800,35.6,0.68,20.11,54.63,618.0,7.7,9.3,4.65,19.44,9.0,Silt
35.6000_0.7600,35.6,0.76,19.88,54.56,618.0,7.7,9.2,4.6,19.28,9.7,Silt
35.6000_0.8400,35.6,0.84,19.13,54.52,728.8,7.7,9.3,4.65,18.8,10.1,Clay
35.6000_0.9200,35.6,0.92,18.43,55.72,639.3,7.7,8.9,4.45,18.16,9.4,Silt
35.6000_1.0000,35.6,1.0,18.59,54.75,544.0,7.6,9.5,4.75,16.08,10.5,Silt
35.6000_1.0800,35.6,1.08,17.49,54.55,544.0,7.6,10.6,5.3,16.32,9.7,Silt
35.6000_1.1600,35.6,1.16,18.62,56.3,541.8,7.5,10.0,5.0,16.32,11.3,Silt
35.6000_1.2400,35.6,1.24,19.37,55.51,662.7,7.7,9.0,4.5,17.04,9.4,Silt
35.6000_1.3200,35.6,1.32,19.13,55.47,662.7,7.6,9.1,4.55,16.4,11.1,Silt
35.6000_1.4000,35.6,1.4,18.76,55.91,707.2,7.7,9.5,4.75,16.0,9.6,Silt
35.6000_1.4800,35.6,1.48,18.31,56.48,627.1,7.7,8.8,4.4,15.92,8.8,Clay
35.6000_1.5600,35.6,1.56,17.39,56.29,627.1,7.7,9.1,4.55,15.68,11.5,Clay
35.6000_1.6400,35.6,1.64,16.98,57.42,604.3,7.7,9.0,4.5,14.4,8.5,Clay
35.6000_1.7200,35.6,1.72,15.93,57.47,594.9,7.6,8.7,4.35,15.36,11.7,Clay
35.6000_1.8000,35.6,1.8,16.67,57.22,555.3,0.0,0.0,0.0,0.0,0.0,Unknown
35.6000_1.8800,35.6,1.88,16.67,57.22,555.3,7.7,9.9,4.95,14.88,9.2,Silt
35.6000_1.9600,35.6,1.96,16.92,56.39,469.0,7.7,10.0,5.0,14.56,9.0,Clay
35.6000_2.0400,35.6,2.04,17.26,55.28,452.7,7.7,9.5,4.75,14.56,8.4,Clay
35.6000_2.1200,35.6,2.12,17.26,55.28,452.7,7.8,9.0,4.5,13.52,7.1,Clay
35.6000_2.2000,35.6,2.2,17.34,55.34,437.4,7.7,7.8,3.9,13.12,8.0,Clay
35.6000_2.2800,35.6,2.28,17.41,55.31,489.7,7.6,8.0,4.0,14.32,10.3,Clay
35.6000_2.3600,35.6,2.36,17.41,55.31,489.7,7.7,8.7,4.35,13.68,8.5,Clay
35.6000_2.4400,35.6,2.44,17.63,55.0,496.5,7.8,7.5,3.75,14.24,7.7,Clay
35.6000_2.5200,35.6,2.52,17.84,55.12,468.6,7.7,8.4,4.2,14.64,7.3,Clay
35.6000_2.6000,35.6,2.6,17.84,55.12,468.6,7.8,8.4,4.2,15.92,7.5,Silt
35.6000_2.6800,35.6,2.68,17.95,55.92,451.0,7.8,15.6,7.8,15.2,6.5,Clay
35.6000_2.7600,35.6,2.76,18.1,55.36,387.2,7.9,9.2,4.6,15.2,6.6,Silt
35.6000_2.8400,35.6,2.84,18.28,54.58,365.2,7.8,10.5,5.25,15.76,22.5,Silt
35.6000_2.9200,35.6,2.92,18.28,54.58,365.2,7.9,8.1,4.05,15.12,8.2,Clay
35.6000_3.0000,35.6,3.0,18.06,54.68,369.1,7.9,8.3,4.15,15.6,7.9,Clay
35.6000_3.0800,35.6,3.08,17.67,55.55,401.4,7.9,8.8,4.4,14.4,7.7,Clay
35.6000_3.1600,35.6,3.16,17.67,55.55,401.4,7.9,7.9,3.95,14.08,6.8,Clay
35.6000_3.2400,35.6,3.24,17.58,56.25,400.1,7.8,8.4,4.2,13.36,7.6,Clay
35.6000_3.3200,35.6,3.32,17.7,55.64,364.9,7.8,8.3,4.15,13.52,7.3,Clay
35.6000_3.4000,35.6,3.4,17.7,55.64,364.9,7.8,9.0,4.5,12.56,12.3,Clay
35.6000_3.4800,35.6,3.48,17.75,55.17,336.9,7.9,7.3,3.65,12.24,7.7,Clay
35.6000_3.5600,35.6,3.56,17.75,55.12,379.9,7.9,7.5,3.75,12.4,7.5,Silt
35.6000_3.6400,35.6,3.64,17.75,55.12,379.9,8.0,7.9,3.95,11.36,8.2,Clay
35.6000_3.7200,35.6,3.72,18.0,54.55,412.9,7.9,7.5,3.75,10.88,8.8,Clay
35.6000_3.8000,35.6,3.8,18.24,54.43,425.8,8.0,8.5,4.25,11.76,7.8,Silt
35.6000_3.8800,35.6,3.88,18.41,54.03,465.9,8.0,8.4,4.2,11.52,8.1,Silt
35.6000_3.9600,35.6,3.96,17.63,53.86,465.9,8.0,7.7,3.85,11.36,8.7,Silt
35.6000_4.0400,35.6,4.04,18.72,53.45,424.3,8.1,6.6,3.3,11.2,8.4,Silt
35.6000_4.1200,35.6,4.12,19.21,52.59,426.8,8.0,6.6,3.3,11.28,8.8,Clay
35.6000_4.2000,35.6,4.2,19.21,52.59,426.8,8.0,5.6,2.8,10.64,9.2,Silt
35.6000_4.2800,35.6,4.28,19.69,51.68,385.2,8.0,5.6,2.8,11.92,6.7,Silt
35.6000_4.3600,35.6,4.36,19.76,51.58,388.6,8.0,5.7,2.85,11.44,5.7,Silt
35.6000_4.4400,35.6,4.44,19.76,51.58,388.6,7.9,5.9,2.95,11.28,6.0,Clay
35.6000_4.5200,35.6,4.52,19.88,50.53,348.3,8.0,6.0,3.0,10.32,6.6,Silt
35.6000_4.6000,35.6,4.6,20.0,50.47,356.3,8.0,4.6,2.3,10.0,5.9,Silt
35.6000_4.6800,35.6,4.68,20.0,50.47,356.3,8.0,4.6,2.3,9.04,5.9,Clay
35.6000_4.7600,35.6,4.76,20.07,49.87,353.6,8.0,4.2,2.1,9.28,6.9,Clay
35.6000_4.8400,35.6,4.84,19.92,49.86,382.8,8.0,6.1,3.05,8.8,6.2,Clay
35.6000_4.9200,35.6,4.92,19.78,50.28,408.2,8.1,5.5,2.75,9.92,6.2,Clay
35.6000_5.0000,35.6,5.0,19.78,50.28,408.2,8.0,5.5,2.75,10.08,7.2,Clay
35.6000_5.0800,35.6,5.08,19.36,50.55,399.7,8.0,7.0,3.5,9.92,6.9,Clay
35.6000_5.1600,35.6,5.16,18.26,52.32,388.1,8.0,6.6,3.3,8.64,7.6,Loamy
35.6000_5.2400,35.6,5.24,18.26,52.32,388.1,8.1,6.3,3.15,8.8,9.1,Clay
35.6000_5.3200,35.6,5.32,17.1,54.2,419.3,8.0,6.1,3.05,10.8,9.0,Clay
35.6000_5.4000,35.6,5.4,16.67,55.54,425.3,8.0,7.0,3.5,9.6,8.3,Clay
35.6000_5.4800,35.6,5.48,16.67,55.54,425.3,8.0,7.5,3.75,9.44,8.3,Clay
35.6000_5.5600,35.6,5.56,16.5,56.99,388.5,8.0,7.5,3.75,9.84,7.7,Clay
35.6000_5.6400,35.6,5.64,17.15,56.56,368.0,8.0,8.9,4.45,13.2,8.8,Clay
35.6000_5.7200,35.6,5.72,15.65,56.24,368.0,7.7,10.1,5.05,12.24,8.7,Clay
35.6000_5.8000,35.6,5.8,15.35,57.89,431.0,7.7,10.8,5.4,14.16,11.8,Clay
35.6000_5.8800,35.6,5.88,11.53,59.96,564.3,7.4,13.2,6.6,12.8,31.9,Clay
35.6000_5.9600,35.6,5.96,13.84,60.54,583.5,7.7,11.3,5.65,13.68,14.4,Clay
35.6000_6.0400,35.6,6.04,13.12,60.44,583.5,6.8,16.9,8.45,13.68,22.7,Clay
35.6000_6.1200,35.6,6.12,14.05,60.31,536.6,7.2,12.8,6.4,12.72,14.6,Clay
35.6000_6.2000,35.6,6.2,14.79,59.53,511.8,7.9,10.6,5.3,13.2,11.6,Clay
35.6000_6.2800,35.6,6.28,14.79,59.53,511.8,7.7,11.1,5.55,14.4,14.3,Clay
35.6000_6.3600,35.6,6.36,13.04,58.4,485.7,7.6,10.1,5.05,14.88,15.2,Clay
35.6000_6.4400,35.6,6.44,11.86,59.36,468.8,7.6,11.9,5.95,14.88,19.9,Clay
35.6000_6.5200,35.6,6.52,14.89,59.99,468.8,7.9,9.7,4.85,13.36,7.7,Silt
35.6000_6.6000,35.6,6.6,15.52,58.41,470.9,7.9,10.1,5.05,12.16,7.7,Clay
35.6000_6.6800,35.6,6.68,16.36,56.96,444.8,7.9,8.4,4.2,12.0,8.0,Clay
35.6000_6.7600,35.6,6.76,16.36,56.96,444.8,7.9,10.3,5.15,13.44,8.4,Clay
35.6000_6.8400,35.6,6.84,16.75,56.61,410.7,7.9,11.4,5.7,13.52,8.2,Clay
35.6000_6.9200,35.6,6.92,16.78,56.78,425.9,7.7,11.9,5.95,13.36,8.0,Clay
35.6000_7.0000,35.6,7.0,16.8,57.14,437.0,7.8,11.0,5.5,13.76,7.1,Clay
35.6000_7.0800,35.6,7.08,16.8,57.14,437.0,7.9,10.1,5.05,12.96,8.3,Silt
35.6000_7.1600,35.6,7.16,16.61,57.78,460.5,8.0,11.5,5.75,12.56,7.8,Clay
35.6000_7.2400,35.6,7.24,16.01,58.58,474.4,7.9,11.9,5.95,12.4,7.9,Silt
35.6000_7.3200,35.6,7.32,16.01,58.58,474.4,7.8,10.2,5.1,14.32,8.9,Clay
35.6000_7.4000,35.6,7.4,15.4,60.44,471.0,7.9,9.5,4.75,13.6,9.7,Clay
35.6000_7.4800,35.6,7.48,15.42,60.7,463.6,7.9,11.4,5.7,13.76,8.5,Clay
35.6000_7.5600,35.6,7.56,15.42,60.7,463.6,7.8,10.5,5.25,13.92,10.2,Clay
35.6000_7.6400,35.6,7.64,15.61,59.35,480.5,7.9,11.4,5.7,13.84,9.5,Silt
35.6000_7.7200,35.6,7.72,15.85,58.22,509.1,7.9,10.7,5.35,12.72,7.7,Clay
35.6000_7.8000,35.6,7.8,15.85,58.22,509.1,7.8,9.9,4.95,13.2,9.2,Clay
35.6000_7.8800,35.6,7.88,16.18,58.51,497.6,7.9,13.0,6.5,12.88,8.7,Clay
35.6000_7.9600,35.6,7.96,16.35,58.45,436.7,7.9,10.7,5.35,14.48,8.9,Clay
35.6000_8.0400,35.6,8.04,16.85,58.55,436.7,7.9,10.7,5.35,15.52,8.3,Clay
35.6000_8.1200,35.6,8.12,14.65,60.01,450.7,7.7,12.5,6.25,14.96,12.7,Clay
35.6000_8.2000,35.6,8.2,14.96,61.29,485.1,7.7,17.2,8.6,14.96,11.2,Clay
35.6000_8.2800,35.6,8.28,15.19,60.35,512.9,7.6,12.7,6.35,15.52,11.6,Clay
35.6000_8.3600,35.6,8.36,15.19,60.35,512.9,7.6,9.8,4.9,15.2,10.4,Clay
35.6000_8.4400,35.6,8.44,16.03,58.88,421.0,7.7,10.9,5.45,15.28,10.0,Clay
35.6000_8.5200,35.6,8.52,16.67,57.73,403.4,7.9,11.5,5.75,13.76,9.5,Clay
35.6000_8.6000,35.6,8.6,16.67,57.73,403.4,7.8,11.6,5.8,14.32,10.7,Clay
35.6000_8.6800,35.6,8.68,16.49,58.07,428.4,7.7,11.9,5.95,15.52,11.0,Clay
35.6800_-2.2000,35.68,-2.2,19.5,81.44,332.5,0.0,0.0,0.0,0.0,0.0,Unknown
35.6800_-2.1200,35.68,-2.12,19.54,81.24,361.6,0.0,0.0,0.0,0.0,0.0,Unknown
35.6800_-2.0400,35.68,-2.04,19.54,81.24,361.6,0.0,0.0,0.0,0.0,0.0,Unknown
35.6800_-1.9600,35.68,-1.96,19.54,81.09,362.9,0.0,0.0,0.0,0.0,0.0,Unknown
35.6800_-1.8800,35.68,-1.88,19.56,81.16,328.6,0.0,0.0,0.0,0.0,0.0,Unknown
35.6800_-1.8000,35.68,-1.8,19.56,81.16,328.6,0.0,0.0,0.0,0.0,0.0,Unknown
35.6800_-1.7200,35.68,-1.72,19.58,81.23,386.6,0.0,0.0,0.0,0.0,0.0,Unknown
35.6800_-1.6400,35.68,-1.64,19.57,81.09,440.9,0.0,0.0,0.0,0.0,0.0,Unknown
35.6800_-1.5600,35.68,-1.56,19.57,80.9,407.9,0.0,0.0,0.0,0.0,0.0,Unknown
35.6800_-1.4800,35.68,-1.48,19.57,80.91,408.0,0.0,0.0,0.0,0.0,0.0,Unknown
35.6800_-1.4000,35.68,-1.4,19.57,80.9,400.8,0.0,0.0,0.0,0.0,0.0,Unknown
35.6800_-1.3200,35.68,-1.32,19.47,81.14,465.1,0.0,0.0,0.0,0.0,0.0,Unknown
35.6800_-1.2400,35.68,-1.24,19.47,81.14,465.1,0.0,0.0,0.0,0.0,0.0,Unknown
35.6800_-1.1600,35.68,-1.16,20.08,70.87,542.3,0.0,0.0,0.0,0.0,0.0,Unknown
35.6800_-1.0800,35.68,-1.08,20.08,70.87,542.3,0.0,0.0,0.0,0.0,0.0,Unknown
35.6800_-1.0000,35.68,-1.0,20.08,70.87,542.3,0.0,0.0,0.0,0.0,0.0,Unknown
35.6800_-0.9200,35.68,-0.92,18.69,70.99,494.9,7.3,9.9,4.95,18.32,9.9,Silt
35.6800_-0.8400,35.68,-0.84,18.51,70.83,464.1,6.9,10.8,5.4,15.68,21.9,Silt
35.6800_-0.7600,35.68,-0.76,17.27,70.61,464.1,7.9,8.9,4.45,16.48,11.7,Clay
35.6800_-0.6800,35.68,-0.68,18.99,70.36,395.6,0.0,0.0,0.0,0.0,0.0,Unknown
35.6800_-0.6000,35.68,-0.6,19.39,68.98,422.3,0.0,0.0,0.0,0.0,0.0,Unknown
35.6800_-0.5200,35.68,-0.52,19.45,67.31,402.1,7.9,9.8,4.9,19.12,8.5,Silt
35.6800_-0.4400,35.68,-0.44,19.45,67.31,402.1,7.7,9.8,4.9,19.52,9.3,Clay
35.6800_-0.3600,35.68,-0.36,19.59,66.68,388.3,7.7,9.7,4.85,19.84,9.2,Silt
35.6800_-0.2800,35.68,-0.28,19.06,66.61,378.9,7.8,9.4,4.7,17.92,9.3,Silt
35.6800_-0.2000,35.68,-0.2,19.74,66.76,378.9,7.6,8.6,4.3,19.6,9.4,Silt
35.6800_-0.1200,35.68,-0.12,19.9,67.1,393.2,7.9,10.8,5.4,21.2,14.6,Clay
35.6800_-0.0400,35.68,-0.04,20.38,66.57,454.7,7.7,9.8,4.9,17.84,17.6,Silt
35.6800_0.0400,35.68,0.04,20.38,66.57,454.7,7.9,11.4,5.7,20.72,8.5,Clay
35.6800_0.1200,35.68,0.12,20.7,61.41,527.1,7.8,12.3,6.15,20.88,9.4,Silt
35.6800_0.2000,35.68,0.2,21.08,59.11,508.1,7.8,9.1,4.55,20.4,7.7,Silt
35.6800_0.2800,35.68,0.28,20.38,58.96,508.1,7.6,8.5,4.25,20.72,9.7,Silt
35.6800_0.3600,35.68,0.36,20.06,57.8,446.3,7.5,9.6,4.8,20.72,12.0,Clay
35.6800_0.4400,35.68,0.44,20.42,56.64,381.5,7.6,11.4,5.7,19.04,8.2,Silt
35.6800_0.5200,35.68,0.52,20.42,56.64,381.5,7.8,8.6,4.3,21.04,9.2,Silt
35.6800_0.6000,35.68,0.6,20.73,56.56,381.3,7.8,9.0,4.5,21.92,10.0,Silt
35.6800_0.6800,35.68,0.68,20.35,53.98,563.3,7.6,10.3,5.15,20.24,11.0,Silt
35.6800_0.7600,35.68,0.76,19.47,53.96,700.6,6.8,10.0,5.0,19.04,11.6,Silt
35.6800_0.8400,35.68,0.84,19.47,53.96,700.6,7.6,9.5,4.75,18.48,10.8,Silt
35.6800_0.9200,35.68,0.92,19.9,54.13,584.4,7.6,8.7,4.35,18.0,9.2,Silt
35.6800_1.0000,35.68,1.0,19.25,55.24,515.5,7.7,9.1,4.55,16.64,10.5,Silt
35.6800_1.0800,35.68,1.08,19.25,55.24,515.5,7.7,9.2,4.6,18.16,11.0,Silt
35.6800_1.1600,35.68,1.16,19.84,56.8,574.4,7.6,8.9,4.45,19.04,10.4,Silt
35.6800_1.2400,35.68,1.24,19.32,57.19,797.7,6.9,9.3,4.65,15.6,12.4,Silt
35.6800_1.3200,35.68,1.32,18.25,56.97,797.7,7.6,9.8,4.9,15.68,14.3,Silt
35.6800_1.4000,35.68,1.4,17.53,57.67,752.6,7.5,9.7,4.85,16.16,11.9,Silt
35.6800_1.4800,35.68,1.48,17.14,57.08,655.0,7.5,10.3,5.15,14.96,13.8,Silt
35.6800_1.5600,35.68,1.56,17.14,57.08,655.0,7.7,9.1,4.55,15.52,9.9,Clay
35.6800_1.6400,35.68,1.64,17.01,57.13,574.6,7.7,8.4,4.2,14.72,8.2,Silt
35.6800_1.7200,35.68,1.72,16.83,56.89,598.7,7.7,9.7,4.85,14.56,10.4,Clay
35.6800_1.8000,35.68,1.8,16.52,57.41,604.1,7.5,9.4,4.7,14.64,11.6,Clay
35.6800_1.8800,35.68,1.88,15.55,57.21,604.1,7.3,10.0,5.0,14.32,10.8,Silt
35.6800_1.9600,35.68,1.96,15.87,55.96,519.7,7.3,9.6,4.8,14.8,9.5,Clay
35.6800_2.0400,35.68,2.04,17.02,54.53,461.7,7.6,9.9,4.95,16.0,8.7,Silt
35.6800_2.1200,35.68,2.12,17.02,54.53,461.7,7.6,10.3,5.15,14.48,9.0,Clay
35.6800_2.2000,35.68,2.2,17.24,54.93,438.7,7.6,10.1,5.05,14.08,8.9,Clay
35.6800_2.2800,35.68,2.28,16.12,54.37,450.9,7.7,9.1,4.55,13.76,12.1,Clay
35.6800_2.3600,35.68,2.36,16.73,54.51,450.9,7.7,8.8,4.4,13.28,9.2,Clay
35.6800_2.4400,35.68,2.44,17.64,54.17,449.3,7.7,7.5,3.75,14.0,7.7,Clay
35.6800_2.5200,35.68,2.52,17.82,54.7,446.0,7.6,9.1,4.55,13.92,8.1,Clay
35.6800_2.6000,35.68,2.6,17.82,54.7,446.0,7.7,7.4,3.7,14.24,7.3,Silt
35.6800_2.6800,35.68,2.68,17.79,56.42,442.4,7.7,8.9,4.45,14.48,7.5,Clay
35.6800_2.7600,35.68,2.76,17.86,55.59,415.9,7.7,8.3,4.15,15.2,7.2,Silt
35.6800_2.8400,35.68,2.84,18.09,55.18,409.8,7.8,8.4,4.2,14.24,16.0,Clay
35.6800_2.9200,35.68,2.92,18.09,55.18,409.8,7.8,9.5,4.75,14.72,7.4,Clay
35.6800_3.0000,35.68,3.0,18.13,53.72,365.7,7.7,9.2,4.6,14.16,7.2,Clay
35.6800_3.0800,35.68,3.08,17.76,54.45,362.4,7.7,9.2,4.6,14.96,7.2,Silt
35.6800_3.1600,35.68,3.16,17.76,54.45,362.4,7.8,9.0,4.5,14.4,7.2,Clay
35.6800_3.2400,35.68,3.24,17.54,54.82,382.9,7.8,8.4,4.2,13.36,7.5,Clay
35.6800_3.3200,35.68,3.32,17.67,55.61,360.2,7.7,8.8,4.4,13.52,8.1,Clay
35.6800_3.4000,35.68,3.4,17.67,55.61,360.2,7.9,9.2,4.6,14.4,8.0,Clay
35.6800_3.4800,35.68,3.48,17.71,55.86,338.2,7.9,9.3,4.65,12.96,7.0,Silt
35.6800_3.5600,35.68,3.56,17.78,55.98,338.9,7.9,8.8,4.4,13.12,7.3,Silt
35.6800_3.6400,35.68,3.64,17.78,55.98,338.9,7.9,8.6,4.3,12.88,6.8,Silt
35.6800_3.7200,35.68,3.72,18.05,55.24,382.3,7.9,7.0,3.5,12.48,7.5,Silt
35.6800_3.8000,35.68,3.8,18.34,55.04,400.3,7.9,7.4,3.7,12.24,6.8,Silt
35.6800_3.8800,35.68,3.88,18.34,55.04,400.3,8.0,7.0,3.5,11.76,7.4,Silt
35.6800_3.9600,35.68,3.96,18.53,54.51,444.3,8.0,6.9,3.45,10.8,7.9,Silt
35.6800_4.0400,35.68,4.04,18.78,53.9,417.2,8.0,6.2,3.1,11.92,7.7,Silt
35.6800_4.1200,35.68,4.12,19.2,52.77,423.1,8.0,6.4,3.2,12.88,6.6,Silt
35.6800_4.2000,35.68,4.2,19.2,52.77,423.1,8.0,6.3,3.15,12.32,8.6,Silt
35.6800_4.2800,35.68,4.28,19.5,52.05,356.9,8.0,5.9,2.95,12.56,7.4,Silt
35.6800_4.3600,35.68,4.36,19.77,51.42,379.6,8.0,5.6,2.8,11.76,6.6,Silt
35.6800_4.4400,35.68,4.44,19.77,51.42,379.6,8.0,6.7,3.35,10.4,9.1,Silt
35.6800_4.5200,35.68,4.52,20.13,49.17,362.2,8.1,6.9,3.45,11.12,6.6,Silt
35.6800_4.6000,35.68,4.6,19.97,48.61,335.8,8.1,6.0,3.0,10.72,5.7,Silt
35.6800_4.6800,35.68,4.68,19.97,48.61,335.8,8.0,4.9,2.45,9.76,5.5,Clay
35.6800_4.7600,35.68,4.76,19.69,49.49,403.5,8.0,5.6,2.8,9.44,7.0,Clay
35.6800_4.8400,35.68,4.84,19.14,50.1,469.3,8.1,6.1,3.05,8.72,8.6,Clay
35.6800_4.9200,35.68,4.92,19.14,50.1,469.3,8.1,6.9,3.45,8.4,7.0,Clay
35.6800_5.0000,35.68,5.0,18.52,50.26,432.6,8.0,7.1,3.55,9.28,9.7,Clay
35.6800_5.0800,35.68,5.08,17.86,53.26,419.1,8.0,6.1,3.05,8.4,8.0,Clay
35.6800_5.1600,35.68,5.16,16.57,55.22,474.2,7.9,8.6,4.3,10.32,9.8,Clay
35.6800_5.2400,35.68,5.24,14.75,60.09,515.5,7.8,10.6,5.3,11.36,14.2,Clay
35.6800_5.3200,35.68,5.32,15.36,57.42,500.2,7.9,9.6,4.8,11.36,10.9,Clay
35.6800_5.4000,35.68,5.4,15.72,58.94,508.8,7.8,10.3,5.15,14.8,8.6,Clay
35.6800_5.4800,35.68,5.48,12.63,58.33,508.8,7.7,12.3,6.15,13.44,16.5,Clay
35.6800_5.5600,35.68,5.56,13.66,58.37,444.6,7.6,13.0,6.5,13.6,17.5,Clay
35.6800_5.6400,35.68,5.64,15.9,59.21,389.1,7.8,10.8,5.4,13.28,9.3,Clay
35.6800_5.7200,35.68,5.72,15.13,59.08,389.1,7.8,10.3,5.15,15.68,9.0,Silt
35.6800_5.8000,35.68,5.8,16.07,59.11,423.8,7.9,9.4,4.7,13.44,7.4,Clay
35.6800_5.8800,35.68,5.88,15.86,59.52,458.3,7.9,9.6,4.8,15.36,9.6,Clay
35.6800_5.9600,35.68,5.96,15.67,59.48,458.3,7.8,10.2,5.1,12.48,8.9,Clay
35.6800_6.0400,35.68,6.04,13.07,59.49,582.8,7.7,12.2,6.1,13.92,20.2,Clay
35.6800_6.1200,35.68,6.12,15.0,59.05,553.0,7.7,10.8,5.4,14.4,20.0,Clay
35.6800_6.2000,35.68,6.2,16.27,57.7,502.3,7.9,9.7,4.85,13.04,11.4,Clay
35.6800_6.2800,35.68,6.28,15.57,57.59,502.3,7.9,11.6,5.8,13.84,10.8,Clay
35.6800_6.3600,35.68,6.36,16.2,60.14,463.5,7.9,10.9,5.45,13.36,9.2,Clay
35.6800_6.4400,35.68,6.44,15.09,60.22,482.4,7.9,10.2,5.1,14.32,13.4,Clay
35.6800_6.5200,35.68,6.52,15.91,60.39,482.4,7.9,10.0,5.0,14.48,12.5,Clay
35.6800_6.6000,35.68,6.6,15.67,57.95,483.5,7.9,9.0,4.5,13.52,10.1,Clay
35.6800_6.6800,35.68,6.68,16.26,57.39,450.6,7.9,10.4,5.2,15.2,10.7,Clay
35.6800_6.7600,35.68,6.76,16.26,57.39,450.6,7.9,8.8,4.4,13.12,10.5,Clay
35.6800_6.8400,35.68,6.84,14.76,57.47,454.3,7.8,12.1,6.05,12.88,12.7,Clay
35.6800_6.9200,35.68,6.92,16.58,57.47,456.0,7.9,9.8,4.9,12.8,8.2,Clay
35.6800_7.0000,35.68,7.0,16.58,57.47,456.0,7.9,9.7,4.85,13.2,7.1,Clay
35.6800_7.0800,35.68,7.08,16.39,59.58,426.4,7.9,8.8,4.4,12.72,0.0,Clay
35.6800_7.1600,35.68,7.16,16.21,60.17,406.6,7.8,9.1,4.55,11.28,0.0,Clay
35.6800_7.2400,35.68,7.24,16.11,58.93,447.0,7.9,11.8,5.9,12.16,8.0,Clay
35.6800_7.3200,35.68,7.32,16.11,58.93,447.0,7.9,13.2,6.6,13.84,7.9,Clay
35.6800_7.4000,35.68,7.4,15.45,60.5,498.2,7.8,10.9,5.45,14.88,8.3,Silt
35.6800_7.4800,35.68,7.48,15.33,61.16,476.6,7.9,9.1,4.55,14.0,7.9,Clay
35.6800_7.5600,35.68,7.56,15.33,61.16,476.6,7.9,9.1,4.55,14.24,8.8,Clay
35.6800_7.6400,35.68,7.64,15.8,59.65,467.2,7.8,8.9,4.45,13.92,8.7,Silt
35.6800_7.7200,35.68,7.72,16.38,57.82,466.3,7.7,12.8,6.4,14.48,8.4,Clay
35.6800_7.8000,35.68,7.8,16.38,57.82,466.3,7.9,10.8,5.4,13.52,7.5,Clay
35.6800_7.8800,35.68,7.88,16.51,57.94,493.2,7.8,14.2,7.1,14.96,8.5,Clay
35.6800_7.9600,35.68,7.96,17.24,58.7,480.7,7.9,10.1,5.05,15.6,10.2,Silt
35.6800_8.0400,35.68,8.04,16.4,58.52,480.7,7.9,11.5,5.75,15.28,11.0,Clay
35.6800_8.1200,35.68,8.12,15.15,59.98,499.8,7.5,10.9,5.45,16.72,13.4,Clay
35.6800_8.2000,35.68,8.2,16.78,59.89,552.9,7.7,11.2,5.6,14.32,9.9,Clay
35.6800_8.2800,35.68,8.28,15.74,59.69,552.9,7.9,10.5,5.25,14.32,9.5,Clay
35.6800_8.3600,35.68,8.36,16.07,59.31,536.9,7.8,10.1,5.05,14.8,11.9,Clay
35.6800_8.4400,35.68,8.44,16.85,58.02,451.4,7.8,12.3,6.15,14.96,8.6,Clay
35.6800_8.5200,35.68,8.52,17.39,56.96,402.7,7.8,11.9,5.95,14.96,8.4,Clay
35.6800_8.6000,35.68,8.6,17.39,56.96,402.7,7.9,9.9,4.95,14.32,8.9,Clay
35.6800_8.6800,35.68,8.68,17.1,57.7,413.2,7.8,12.0,6.0,15.52,10.2,Silt
35.7600_-2.2000,35.76,-2.2,19.52,81.67,342.0,0.0,0.0,0.0,0.0,0.0,Unknown
35.7600_-2.1200,35.76,-2.12,19.52,81.58,325.0,0.0,0.0,0.0,0.0,0.0,Unknown
35.7600_-2.0400,35.76,-2.04,19.52,81.58,325.0,0.0,0.0,0.0,0.0,0.0,Unknown
35.7600_-1.9600,35.76,-1.96,19.49,81.43,337.6,0.0,0.0,0.0,0.0,0.0,Unknown
35.7600_-1.8800,35.76,-1.88,19.5,81.38,354.6,0.0,0.0,0.0,0.0,0.0,Unknown
35.7600_-1.8000,35.76,-1.8,19.5,81.38,354.6,0.0,0.0,0.0,0.0,0.0,Unknown
35.7600_-1.7200,35.76,-1.72,19.54,81.4,398.3,0.0,0.0,0.0,0.0,0.0,Unknown
35.7600_-1.6400,35.76,-1.64,19.57,81.27,408.0,0.0,0.0,0.0,0.0,0.0,Unknown
35.7600_-1.5600,35.76,-1.56,19.58,81.02,400.0,0.0,0.0,0.0,0.0,0.0,Unknown
35.7600_-1.4800,35.76,-1.48,19.58,81.02,400.0,0.0,0.0,0.0,0.0,0.0,Unknown
35.7600_-1.4000,35.76,-1.4,19.54,80.99,388.0,0.0,0.0,0.0,0.0,0.0,Unknown
35.7600_-1.3200,35.76,-1.32,19.5,81.25,412.2,0.0,0.0,0.0,0.0,0.0,Unknown
35.7600_-1.2400,35.76,-1.24,19.5,81.25,412.2,0.0,0.0,0.0,0.0,0.0,Unknown
35.7600_-1.1600,35.76,-1.16,19.51,81.2,432.7,0.0,0.0,0.0,0.0,0.0,Unknown
35.7600_-1.0800,35.76,-1.08,20.14,71.27,494.9,0.0,0.0,0.0,0.0,0.0,Unknown
35.7600_-1.0000,35.76,-1.0,20.14,71.27,494.9,0.0,0.0,0.0,0.0,0.0,Unknown
35.7600_-0.9200,35.76,-0.92,20.14,71.27,494.9,0.0,0.0,0.0,0.0,0.0,Unknown
35.7600_-0.8400,35.76,-0.84,19.88,72.53,449.5,0.0,0.0,0.0,0.0,0.0,Unknown
35.7600_-0.7600,35.76,-0.76,19.88,72.53,449.5,0.0,0.0,0.0,0.0,0.0,Unknown
35.7600_-0.6800,35.76,-0.68,19.91,70.51,395.6,0.0,0.0,0.0,0.0,0.0,Unknown
35.7600_-0.6000,35.76,-0.6,18.82,78.07,410.6,0.0,0.0,0.0,0.0,0.0,Unknown
35.7600_-0.5200,35.76,-0.52,18.21,69.85,457.2,7.8,9.7,4.85,16.56,12.6,Silt
35.7600_-0.4400,35.76,-0.44,19.06,70.02,457.2,7.7,9.6,4.8,18.48,8.4,Silt
35.7600_-0.3600,35.76,-0.36,19.32,68.36,396.7,0.0,0.0,0.0,0.0,0.0,Unknown
35.7600_-0.2800,35.76,-0.28,19.42,69.38,366.8,7.7,8.7,4.35,19.76,7.8,Silt
35.7600_-0.2000,35.76,-0.2,19.42,69.38,366.8,7.7,10.3,5.15,18.88,8.8,Clay
35.7600_-0.1200,35.76,-0.12,19.29,70.7,411.4,7.9,14.6,7.3,23.52,52.0,Silt
35.7600_-0.0400,35.76,-0.04,19.68,68.43,511.0,7.8,9.4,4.7,18.4,8.0,Silt
35.7600_0.0400,35.76,0.04,19.68,68.43,511.0,7.8,9.5,4.75,16.48,8.5,Silt
35.7600_0.1200,35.76,0.12,20.2,64.89,565.5,7.9,9.0,4.5,18.88,7.1,Silt
35.7600_0.2000,35.76,0.2,20.13,62.78,532.4,7.8,9.4,4.7,17.44,8.7,Silt
35.7600_0.2800,35.76,0.28,20.13,62.78,532.4,7.7,8.9,4.45,19.36,7.6,Silt
35.7600_0.3600,35.76,0.36,19.97,61.59,421.9,7.7,9.0,4.5,19.04,9.2,Silt
35.7600_0.4400,35.76,0.44,20.4,59.85,381.6,7.8,8.7,4.35,18.48,8.5,Silt
35.7600_0.5200,35.76,0.52,20.4,59.85,381.6,7.8,8.4,4.2,18.8,8.5,Silt
35.7600_0.6000,35.76,0.6,20.91,57.92,414.6,7.8,8.5,4.25,19.2,8.1,Silt
35.7600_0.6800,35.76,0.68,20.65,54.76,514.9,7.7,8.2,4.1,18.96,11.7,Silt
35.7600_0.7600,35.76,0.76,20.63,54.76,514.9,7.6,8.8,4.4,20.16,10.2,Silt
35.7600_0.8400,35.76,0.84,20.13,53.7,614.3,7.6,8.4,4.2,17.44,10.1,Clay
35.7600_0.9200,35.76,0.92,20.84,53.64,542.2,7.7,9.5,4.75,18.16,8.5,Silt
35.7600_1.0000,35.76,1.0,19.82,56.4,507.5,7.7,9.0,4.5,18.16,10.3,Clay
35.7600_1.0800,35.76,1.08,19.82,56.4,507.5,7.7,9.4,4.7,18.32,9.7,Silt
35.7600_1.1600,35.76,1.16,20.13,56.43,693.0,7.7,8.5,4.25,18.96,11.5,Silt
35.7600_1.2400,35.76,1.24,18.23,56.61,853.4,7.2,10.1,5.05,15.6,13.2,Silt
35.7600_1.3200,35.76,1.32,16.81,57.45,826.9,7.0,10.4,5.2,13.6,13.7,Clay
35.7600_1.4000,35.76,1.4,17.26,57.54,826.9,7.4,10.1,5.05,14.96,12.0,Silt
35.7600_1.4800,35.76,1.48,16.86,58.16,710.6,7.0,10.3,5.15,13.76,15.1,Silt
35.7600_1.5600,35.76,1.56,18.33,58.46,710.6,7.7,8.5,4.25,15.92,10.8,Silt
35.7600_1.6400,35.76,1.64,16.9,57.56,588.6,7.6,9.9,4.95,15.28,12.7,Silt
35.7600_1.7200,35.76,1.72,16.1,56.65,628.4,7.5,10.9,5.45,13.28,12.4,Silt
35.7600_1.8000,35.76,1.8,17.5,56.91,628.4,7.7,10.4,5.2,15.12,8.7,Clay
35.7600_1.8800,35.76,1.88,17.14,56.83,641.9,7.5,10.7,5.35,15.28,9.5,Clay
35.7600_1.9600,35.76,1.96,15.89,57.46,640.7,7.3,11.2,5.6,14.8,13.2,Clay
35.7600_2.0400,35.76,2.04,16.77,56.42,536.1,7.4,10.5,5.25,13.76,10.2,Clay
35.7600_2.1200,35.76,2.12,16.1,56.29,536.1,7.4,9.2,4.6,13.68,8.8,Clay
35.7600_2.2000,35.76,2.2,16.46,55.53,471.3,7.5,9.0,4.5,14.0,11.3,Clay
35.7600_2.2800,35.76,2.28,16.76,54.68,452.3,7.5,9.7,4.85,14.24,9.0,Clay
35.7600_2.3600,35.76,2.36,16.76,54.68,452.3,7.5,9.9,4.95,13.36,8.7,Clay
35.7600_2.4400,35.76,2.44,17.12,54.2,423.8,7.5,9.5,4.75,13.68,8.6,Clay
35.7600_2.5200,35.76,2.52,17.49,54.73,442.9,7.6,8.7,4.35,12.88,7.8,Clay
35.7600_2.6000,35.76,2.6,17.49,54.73,442.9,7.7,9.9,4.95,13.44,7.4,Clay
35.7600_2.6800,35.76,2.68,17.52,57.38,420.6,7.8,8.1,4.05,13.84,7.3,Clay
35.7600_2.7600,35.76,2.76,17.55,57.44,435.0,7.7,7.3,3.65,14.8,7.9,Silt
35.7600_2.8400,35.76,2.84,17.55,57.44,435.0,7.7,8.2,4.1,14.32,7.6,Clay
35.7600_2.9200,35.76,2.92,17.66,55.75,435.2,7.8,7.8,3.9,13.92,8.1,Clay
35.7600_3.0000,35.76,3.0,17.62,54.56,441.1,7.8,8.9,4.45,13.44,7.6,Clay
35.7600_3.0800,35.76,3.08,17.29,55.14,428.4,7.7,8.7,4.35,14.32,10.0,Clay
35.7600_3.1600,35.76,3.16,17.29,55.14,428.4,7.8,9.0,4.5,13.28,7.6,Clay
35.7600_3.2400,35.76,3.24,17.21,55.34,404.8,7.8,7.7,3.85,14.08,7.9,Clay
35.7600_3.3200,35.76,3.32,17.4,55.39,401.7,7.7,8.5,4.25,13.28,9.8,Clay
35.7600_3.4000,35.76,3.4,17.4,55.39,401.7,7.7,9.6,4.8,13.76,7.5,Clay
35.7600_3.4800,35.76,3.48,17.62,55.59,401.1,7.9,8.6,4.3,12.88,7.9,Clay
35.7600_3.5600,35.76,3.56,17.83,55.87,375.4,7.9,7.6,3.8,12.88,10.2,Clay
35.7600_3.6400,35.76,3.64,17.83,55.87,375.4,7.9,7.6,3.8,14.56,7.1,Clay
35.7600_3.7200,35.76,3.72,18.14,55.21,395.0,7.9,7.3,3.65,13.68,7.1,Silt
35.7600_3.8000,35.76,3.8,18.33,54.86,406.4,7.9,7.5,3.75,12.8,8.8,Silt
35.7600_3.8800,35.76,3.88,18.33,54.86,406.4,7.9,6.9,3.45,12.16,7.5,Silt
35.7600_3.9600,35.76,3.96,18.59,54.2,460.0,8.0,7.8,3.9,13.2,7.1,Silt
35.7600_4.0400,35.76,4.04,18.89,53.23,403.4,7.9,6.4,3.2,13.84,7.0,Silt
35.7600_4.1200,35.76,4.12,19.18,52.01,428.3,8.0,6.5,3.25,13.04,7.6,Silt
35.7600_4.2000,35.76,4.2,19.18,52.01,428.3,8.0,7.3,3.65,12.8,7.6,Silt
35.7600_4.2800,35.76,4.28,19.25,51.66,393.7,8.0,6.2,3.1,11.2,7.0,Silt
35.7600_4.3600,35.76,4.36,19.46,51.4,414.6,8.0,6.5,3.25,11.52,6.5,Silt
35.7600_4.4400,35.76,4.44,19.46,51.4,414.6,8.1,5.6,2.8,8.96,7.6,Silt
35.7600_4.5200,35.76,4.52,19.84,49.58,391.0,8.1,5.6,2.8,8.8,5.8,Clay
35.7600_4.6000,35.76,4.6,19.19,48.75,377.4,8.1,5.4,2.7,8.48,6.2,Clay
35.7600_4.6800,35.76,4.68,19.19,48.75,377.4,8.0,5.1,2.55,8.88,7.5,Clay
35.7600_4.7600,35.76,4.76,17.95,50.45,425.9,8.0,6.8,3.4,8.4,9.0,Clay
35.7600_4.8400,35.76,4.84,16.65,53.08,510.1,8.0,8.1,4.05,8.48,9.4,Silt
35.7600_4.9200,35.76,4.92,16.65,53.08,510.1,7.8,9.3,4.65,8.96,10.1,Clay
35.7600_5.0000,35.76,5.0,15.98,55.39,514.7,7.9,9.0,4.5,11.2,9.0,Clay
35.7600_5.0800,35.76,5.08,11.23,60.73,581.9,7.5,13.1,6.55,13.44,18.9,Clay
35.7600_5.1600,35.76,5.16,15.46,58.19,536.3,7.9,10.7,5.35,12.8,14.8,Clay
35.7600_5.2400,35.76,5.24,14.72,60.08,515.5,7.6,11.3,5.65,13.12,11.6,Clay
35.7600_5.3200,35.76,5.32,14.22,60.65,534.0,7.8,13.0,6.5,13.36,14.7,Clay
35.7600_5.4000,35.76,5.4,11.62,59.72,558.2,7.5,13.4,6.7,14.4,32.3,Clay
35.7600_5.4800,35.76,5.48,14.21,60.23,558.2,7.6,10.4,5.2,14.16,16.5,Clay
35.7600_5.5600,35.76,5.56,15.31,60.02,488.3,7.8,9.0,4.5,12.72,7.7,Clay
35.7600_5.6400,35.76,5.64,13.2,59.94,423.5,7.7,11.9,5.95,13.44,17.3,Clay
35.7600_5.7200,35.76,5.72,13.28,59.97,423.5,7.7,11.7,5.85,12.72,16.6,Clay
35.7600_5.8000,35.76,5.8,13.98,59.37,403.3,7.7,10.3,5.15,14.08,15.8,Clay
35.7600_5.8800,35.76,5.88,15.23,59.38,458.3,7.8,13.8,6.9,15.04,9.0,Silt
35.7600_5.9600,35.76,5.96,15.23,59.38,458.3,7.8,10.1,5.05,14.56,8.3,Clay
35.7600_6.0400,35.76,6.04,15.26,59.66,524.7,7.7,13.1,6.55,14.08,10.6,Silt
35.7600_6.1200,35.76,6.12,15.8,57.78,510.3,7.8,8.3,4.15,15.12,9.3,Silt
35.7600_6.2000,35.76,6.2,16.21,59.6,386.5,7.9,9.2,4.6,12.96,8.8,Clay
35.7600_6.2800,35.76,6.28,16.11,57.68,428.1,7.9,11.5,5.75,14.48,7.7,Silt
35.7600_6.3600,35.76,6.36,15.87,58.52,438.4,7.9,9.1,4.55,12.32,7.4,Silt
35.7600_6.4400,35.76,6.44,15.88,58.08,471.5,7.9,9.4,4.7,14.16,8.0,Clay
35.7600_6.5200,35.76,6.52,15.88,58.08,471.5,7.9,12.6,6.3,14.56,8.6,Clay
35.7600_6.6000,35.76,6.6,16.24,57.24,490.3,7.8,9.4,4.7,12.72,8.1,Clay
35.7600_6.6800,35.76,6.68,16.49,56.92,465.9,7.9,11.5,5.75,13.36,7.5,Clay
35.7600_6.7600,35.76,6.76,16.49,56.92,465.9,7.9,11.5,5.75,13.6,7.3,Silt
35.7600_6.8400,35.76,6.84,16.3,58.95,457.8,7.8,8.8,4.4,13.68,25.3,Silt
35.7600_6.9200,35.76,6.92,16.15,59.33,453.5,7.9,13.3,6.65,13.36,28.0,Silt
35.7600_7.0000,35.76,7.0,16.15,59.33,453.5,7.9,12.6,6.3,12.16,29.3,Clay
35.7600_7.0800,35.76,7.08,14.29,59.16,426.4,7.7,11.9,5.95,13.52,11.2,Clay
35.7600_7.1600,35.76,7.16,16.25,60.18,406.6,7.9,11.1,5.55,14.16,7.8,Silt
35.7600_7.2400,35.76,7.24,16.25,60.18,406.6,7.8,9.3,4.65,13.36,7.4,Clay
35.7600_7.3200,35.76,7.32,15.93,59.65,461.3,7.9,9.2,4.6,13.12,8.5,Silt
35.7600_7.4000,35.76,7.4,15.14,61.53,550.2,7.8,9.3,4.65,14.0,9.1,Silt
35.7600_7.4800,35.76,7.48,14.5,61.62,538.5,7.8,10.5,5.25,16.0,12.9,Clay
35.7600_7.5600,35.76,7.56,13.98,61.52,538.5,7.4,10.2,5.1,15.36,13.1,Clay
35.7600_7.6400,35.76,7.64,15.85,60.53,505.1,7.8,10.8,5.4,14.88,8.7,Clay
35.7600_7.7200,35.76,7.72,16.79,58.25,469.8,7.9,11.5,5.75,16.08,7.8,Clay
35.7600_7.8000,35.76,7.8,16.79,58.25,469.8,7.8,12.3,6.15,12.96,7.3,Clay
35.7600_7.8800,35.76,7.88,17.0,57.85,493.8,7.9,12.9,6.45,14.32,7.3,Clay
35.7600_7.9600,35.76,7.96,16.92,57.85,520.8,7.8,10.4,5.2,16.0,9.9,Clay
35.7600_8.0400,35.76,8.04,14.79,57.44,520.8,7.8,15.9,7.95,16.16,14.6,Clay
35.7600_8.1200,35.76,8.12,17.78,58.66,561.1,7.9,11.6,5.8,16.08,10.8,Clay
35.7600_8.2000,35.76,8.2,17.15,56.9,562.5,7.7,11.7,5.85,15.76,9.3,Silt
35.7600_8.2800,35.76,8.28,17.86,57.05,562.5,7.7,10.7,5.35,15.6,9.5,Silt
35.7600_8.3600,35.76,8.36,17.18,57.54,505.3,7.8,12.8,6.4,16.32,12.5,Silt
35.7600_8.4400,35.76,8.44,16.65,57.45,462.9,7.8,13.8,6.9,16.0,12.1,Clay
35.7600_8.5200,35.76,8.52,17.33,57.59,462.9,7.7,10.1,5.05,15.36,7.8,Clay
35.7600_8.6000,35.76,8.6,17.46,58.27,396.4,7.7,12.3,6.15,15.68,8.3,Clay
35.7600_8.6800,35.76,8.68,17.09,58.87,393.9,7.8,10.8,5.4,14.64,8.1,Clay
35.8400_-2.2000,35.84,-2.2,19.57,81.48,282.9,0.0,0.0,0.0,0.0,0.0,Unknown
35.8400_-2.1200,35.84,-2.12,19.56,81.62,304.5,0.0,0.0,0.0,0.0,0.0,Unknown
35.8400_-2.0400,35.84,-2.04,19.56,81.62,304.5,0.0,0.0,0.0,0.0,0.0,Unknown
35.8400_-1.9600,35.84,-1.96,19.54,81.54,296.8,0.0,0.0,0.0,0.0,0.0,Unknown
35.8400_-1.8800,35.84,-1.88,19.55,81.37,316.6,0.0,0.0,0.0,0.0,0.0,Unknown
35.8400_-1.8000,35.84,-1.8,19.56,81.35,365.1,0.0,0.0,0.0,0.0,0.0,Unknown
35.8400_-1.7200,35.84,-1.72,19.56,81.35,365.1,0.0,0.0,0.0,0.0,0.0,Unknown
35.8400_-1.6400,35.84,-1.64,19.56,81.35,386.4,0.0,0.0,0.0,0.0,0.0,Unknown
35.8400_-1.5600,35.84,-1.56,19.56,81.24,367.0,0.0,0.0,0.0,0.0,0.0,Unknown
35.8400_-1.4800,35.84,-1.48,19.56,81.24,367.0,0.0,0.0,0.0,0.0,0.0,Unknown
35.8400_-1.4000,35.84,-1.4,19.5,81.18,379.5,0.0,0.0,0.0,0.0,0.0,Unknown
35.8400_-1.3200,35.84,-1.32,19.45,81.28,372.7,0.0,0.0,0.0,0.0,0.0,Unknown
35.8400_-1.2400,35.84,-1.24,19.45,81.28,372.7,0.0,0.0,0.0,0.0,0.0,Unknown
35.8400_-1.1600,35.84,-1.16,19.54,81.37,396.5,0.0,0.0,0.0,0.0,0.0,Unknown
35.8400_-1.0800,35.84,-1.08,19.61,81.13,459.8,0.0,0.0,0.0,0.0,0.0,Unknown
35.8400_-1.0000,35.84,-1.0,19.61,81.13,459.8,0.0,0.0,0.0,0.0,0.0,Unknown
35.8400_-0.9200,35.84,-0.92,19.88,72.53,449.5,0.0,0.0,0.0,0.0,0.0,Unknown
35.8400_-0.8400,35.84,-0.84,19.88,72.53,449.5,0.0,0.0,0.0,0.0,0.0,Unknown
35.8400_-0.7600,35.84,-0.76,19.88,72.53,449.5,0.0,0.0,0.0,0.0,0.0,Unknown
35.8400_-0.6800,35.84,-0.68,19.45,78.15,410.6,0.0,0.0,0.0,0.0,0.0,Unknown
35.8400_-0.6000,35.84,-0.6,19.45,78.15,410.6,0.0,0.0,0.0,0.0,0.0,Unknown
35.8400_-0.5200,35.84,-0.52,19.77,72.26,463.1,0.0,0.0,0.0,0.0,0.0,Unknown
35.8400_-0.4400,35.84,-0.44,17.16,71.84,463.1,7.6,9.5,4.75,15.68,11.0,Silt
35.8400_-0.3600,35.84,-0.36,19.15,70.58,399.0,7.7,9.7,4.85,15.92,8.6,Silt
35.8400_-0.2800,35.84,-0.28,19.74,72.7,442.8,0.0,0.0,0.0,0.0,0.0,Unknown
35.8400_-0.2000,35.84,-0.2,19.88,69.48,366.8,0.0,0.0,0.0,0.0,0.0,Unknown
35.8400_-0.1200,35.84,-0.12,19.45,70.72,411.4,0.0,0.0,0.0,0.0,0.0,Unknown
35.8400_-0.0400,35.84,-0.04,19.27,69.54,564.6,0.0,0.0,0.0,0.0,0.0,Unknown
35.8400_0.0400,35.84,0.04,18.55,69.43,564.6,7.8,9.1,4.55,17.04,7.9,Clay
35.8400_0.1200,35.84,0.12,18.6,65.77,570.7,7.8,10.2,5.1,17.52,9.5,Silt
35.8400_0.2000,35.84,0.2,19.57,63.68,545.2,7.7,8.2,4.1,17.44,8.0,Silt
35.8400_0.2800,35.84,0.28,18.53,64.54,553.9,7.7,9.4,4.7,18.64,9.1,Silt
35.8400_0.3600,35.84,0.36,18.04,62.56,437.3,7.7,8.9,4.45,20.56,10.6,Silt
35.8400_0.4400,35.84,0.44,18.07,60.7,377.1,7.6,9.5,4.75,18.24,11.1,Clay
35.8400_0.5200,35.84,0.52,20.05,61.11,377.1,7.9,11.5,5.75,20.88,8.7,Silt
35.8400_0.6000,35.84,0.6,20.82,59.46,385.0,7.8,8.0,4.0,21.6,9.6,Silt
35.8400_0.6800,35.84,0.68,20.94,56.09,485.5,7.7,8.0,4.0,19.84,8.1,Silt
35.8400_0.7600,35.84,0.76,20.66,54.36,532.4,7.6,9.4,4.7,20.48,8.6,Silt
35.8400_0.8400,35.84,0.84,20.66,54.36,532.4,7.7,9.1,4.55,17.76,10.5,Silt
35.8400_0.9200,35.84,0.92,20.48,53.97,516.4,7.6,8.7,4.35,19.04,9.9,Silt
35.8400_1.0000,35.84,1.0,20.22,54.63,558.0,7.7,8.9,4.45,18.4,11.8,Silt
35.8400_1.0800,35.84,1.08,20.22,54.63,558.0,7.7,9.7,4.85,18.8,9.2,Clay
35.8400_1.1600,35.84,1.16,20.22,56.17,727.3,7.7,9.0,4.5,19.68,10.7,Silt
35.8400_1.2400,35.84,1.24,18.47,56.39,813.9,7.7,9.6,4.8,15.76,12.4,Silt
35.8400_1.3200,35.84,1.32,17.0,57.82,799.1,7.3,10.1,5.05,14.56,11.3,Silt
35.8400_1.4000,35.84,1.4,19.14,57.67,726.1,7.7,10.1,5.05,17.12,10.1,Silt
35.8400_1.4800,35.84,1.48,16.85,59.6,735.9,7.5,10.3,5.15,14.32,11.4,Silt
35.8400_1.5600,35.84,1.56,16.85,59.6,735.9,7.3,9.4,4.7,13.6,11.5,Clay
35.8400_1.6400,35.84,1.64,16.74,59.52,642.7,7.4,10.0,5.0,12.56,12.6,Clay
35.8400_1.7200,35.84,1.72,16.71,58.65,655.9,7.5,10.7,5.35,12.88,12.6,Silt
35.8400_1.8000,35.84,1.8,16.71,58.65,655.9,7.7,9.1,4.55,14.72,12.9,Clay
35.8400_1.8800,35.84,1.88,16.07,57.46,682.5,7.3,10.1,5.05,13.76,11.0,Clay
35.8400_1.9600,35.84,1.96,13.19,58.39,749.2,6.8,12.6,6.3,11.76,24.6,Clay
35.8400_2.0400,35.84,2.04,15.06,58.89,638.3,6.9,13.2,6.6,12.24,17.5,Silt
35.8400_2.1200,35.84,2.12,15.06,58.89,638.3,7.2,11.2,5.6,13.84,11.9,Silt
35.8400_2.2000,35.84,2.2,15.26,58.34,532.7,7.1,12.3,6.15,13.92,11.8,Clay
35.8400_2.2800,35.84,2.28,15.47,57.34,503.7,7.0,11.1,5.55,13.2,11.0,Silt
35.8400_2.3600,35.84,2.36,15.47,57.34,503.7,7.2,11.0,5.5,12.56,9.1,Silt
35.8400_2.4400,35.84,2.44,15.9,56.03,497.1,7.4,10.1,5.05,12.4,9.1,Clay
35.8400_2.5200,35.84,2.52,16.61,56.14,495.6,7.5,8.3,4.15,13.04,9.3,Clay
35.8400_2.6000,35.84,2.6,16.61,56.14,495.6,7.6,8.9,4.45,14.24,8.4,Clay
35.8400_2.6800,35.84,2.68,17.09,57.91,462.2,7.7,9.5,4.75,14.08,7.8,Clay
35.8400_2.7600,35.84,2.76,17.2,57.85,432.4,7.7,8.5,4.25,14.88,9.4,Clay
35.8400_2.8400,35.84,2.84,17.2,57.85,432.4,7.7,7.9,3.95,14.48,9.5,Clay
35.8400_2.9200,35.84,2.92,17.13,55.97,484.2,7.7,10.1,5.05,13.68,8.2,Clay
35.8400_3.0000,35.84,3.0,16.01,58.06,549.9,7.6,9.0,4.5,13.2,10.0,Clay
35.8400_3.0800,35.84,3.08,16.42,56.48,453.1,7.7,8.9,4.45,12.88,7.2,Clay
35.8400_3.1600,35.84,3.16,15.54,58.94,537.6,7.5,10.8,5.4,13.68,8.0,Clay
35.8400_3.2400,35.84,3.24,15.33,59.15,502.7,7.5,9.6,4.8,13.92,8.6,Clay
35.8400_3.3200,35.84,3.32,16.81,56.53,436.9,7.7,8.0,4.0,14.32,7.7,Clay
35.8400_3.4000,35.84,3.4,16.81,56.53,436.9,7.8,7.7,3.85,12.56,7.7,Clay
35.8400_3.4800,35.84,3.48,17.43,55.76,442.5,7.8,7.2,3.6,12.96,8.2,Clay
35.8400_3.5600,35.84,3.56,17.92,55.25,404.6,7.9,7.8,3.9,14.0,7.9,Clay
35.8400_3.6400,35.84,3.64,17.92,55.25,404.6,7.8,7.6,3.8,13.6,7.5,Clay
35.8400_3.7200,35.84,3.72,18.14,54.77,406.1,7.8,8.0,4.0,13.36,8.1,Silt
35.8400_3.8000,35.84,3.8,18.28,54.26,414.2,7.9,7.0,3.5,13.6,8.5,Silt
35.8400_3.8800,35.84,3.88,18.28,54.26,414.2,7.8,8.1,4.05,13.12,8.0,Silt
35.8400_3.9600,35.84,3.96,18.52,53.99,437.1,7.8,8.4,4.2,13.6,7.8,Silt
35.8400_4.0400,35.84,4.04,18.74,53.42,426.7,7.8,8.2,4.1,13.04,8.0,Clay
35.8400_4.1200,35.84,4.12,18.74,53.42,426.7,7.8,7.5,3.75,12.96,7.7,Silt
35.8400_4.2000,35.84,4.2,18.76,52.11,456.8,7.9,7.1,3.55,13.76,8.2,Silt
35.8400_4.2800,35.84,4.28,18.44,52.89,455.2,7.9,9.2,4.6,11.12,8.9,Clay
35.8400_4.3600,35.84,4.36,18.32,52.93,468.1,7.9,6.8,3.4,10.64,7.9,Clay
35.8400_4.4400,35.84,4.44,18.32,52.93,468.1,8.0,6.8,3.4,11.04,7.7,Silt
35.8400_4.5200,35.84,4.52,16.65,56.88,439.1,8.0,6.4,3.2,10.32,7.9,Clay
35.8400_4.6000,35.84,4.6,17.52,53.04,428.9,8.0,9.7,4.85,10.64,10.0,Silt
35.8400_4.6800,35.84,4.68,12.77,58.26,553.5,7.6,14.4,7.2,14.0,30.4,Clay
35.8400_4.7600,35.84,4.76,12.56,58.21,553.5,7.1,12.9,6.45,14.64,21.9,Clay
35.8400_4.8400,35.84,4.84,13.22,60.92,649.1,7.6,13.6,6.8,13.36,30.7,Clay
35.8400_4.9200,35.84,4.92,13.42,60.95,649.1,7.7,12.0,6.0,12.96,22.0,Clay
35.8400_5.0000,35.84,5.0,12.04,62.64,671.9,7.3,14.6,7.3,13.92,23.3,Clay
35.8400_5.0800,35.84,5.08,12.45,60.97,581.9,7.7,11.5,5.75,13.6,14.5,Clay
35.8400_5.1600,35.84,5.16,12.48,61.73,599.4,7.5,13.9,6.95,12.96,18.1,Clay
35.8400_5.2400,35.84,5.24,14.72,61.37,517.9,7.7,11.0,5.5,13.76,12.2,Clay
35.8400_5.3200,35.84,5.32,15.55,60.21,507.5,7.8,8.4,4.2,14.08,7.9,Clay
35.8400_5.4000,35.84,5.4,14.68,59.73,496.7,7.6,10.3,5.15,14.32,8.9,Clay
35.8400_5.4800,35.84,5.48,15.7,58.9,459.8,7.8,8.8,4.4,14.4,7.2,Clay
35.8400_5.5600,35.84,5.56,16.02,58.75,468.0,7.8,8.7,4.35,13.76,7.2,Clay
35.8400_5.6400,35.84,5.64,16.01,58.75,468.0,7.7,13.2,6.6,13.92,7.7,Clay
35.8400_5.7200,35.84,5.72,14.75,60.1,471.3,7.7,12.5,6.25,14.96,16.3,Clay
35.8400_5.8000,35.84,5.8,13.6,59.1,432.4,7.8,10.8,5.4,14.24,16.2,Clay
35.8400_5.8800,35.84,5.88,15.38,60.11,437.1,7.8,9.4,4.7,13.2,8.7,Silt
35.8400_5.9600,35.84,5.96,15.38,60.11,437.1,7.7,9.6,4.8,14.4,9.1,Silt
35.8400_6.0400,35.84,6.04,15.56,60.86,431.1,7.8,8.9,4.45,14.16,8.8,Silt
35.8400_6.1200,35.84,6.12,16.11,59.59,386.5,7.8,9.5,4.75,14.56,8.6,Silt
35.8400_6.2000,35.84,6.2,16.11,59.59,386.5,7.8,9.2,4.6,14.24,8.0,Silt
35.8400_6.2800,35.84,6.28,16.28,59.23,387.1,7.8,9.0,4.5,14.0,7.9,Silt
35.8400_6.3600,35.84,6.36,16.27,58.87,460.5,7.8,12.0,6.0,15.04,9.0,Silt
35.8400_6.4400,35.84,6.44,16.27,58.87,460.5,7.9,11.3,5.65,15.04,8.4,Silt
35.8400_6.5200,35.84,6.52,16.34,58.44,428.8,7.9,11.6,5.8,14.72,8.6,Clay
35.8400_6.6000,35.84,6.6,16.56,58.47,410.3,7.8,10.5,5.25,14.56,11.1,Clay
35.8400_6.6800,35.84,6.68,16.36,59.25,438.9,7.9,15.4,7.7,15.44,8.8,Clay
35.8400_6.7600,35.84,6.76,16.36,59.25,438.9,7.8,9.7,4.85,13.76,8.3,Clay
35.8400_6.8400,35.84,6.84,15.98,60.48,452.7,7.8,9.4,4.7,12.96,8.1,Silt
35.8400_6.9200,35.84,6.92,15.78,60.61,465.5,7.8,10.1,5.05,14.16,8.6,Clay
35.8400_7.0000,35.84,7.0,15.07,60.51,465.5,7.7,10.7,5.35,14.48,11.6,Silt
35.8400_7.0800,35.84,7.08,15.67,61.51,515.4,7.8,9.9,4.95,16.08,8.4,Silt
35.8400_7.1600,35.84,7.16,15.64,61.45,471.2,7.9,9.1,4.55,13.6,7.9,Silt
35.8400_7.2400,35.84,7.24,15.64,61.45,471.2,7.8,9.7,4.85,13.6,8.5,Silt
35.8400_7.3200,35.84,7.32,15.5,61.32,473.8,7.6,9.1,4.55,14.24,10.3,Silt
35.8400_7.4000,35.84,7.4,15.09,61.81,562.2,7.7,8.9,4.45,14.64,8.9,Silt
35.8400_7.4800,35.84,7.48,15.09,61.81,562.2,7.9,9.9,4.95,15.36,9.2,Clay
35.8400_7.5600,35.84,7.56,15.12,61.91,544.2,7.8,10.7,5.35,14.24,8.4,Clay
35.8400_7.6400,35.84,7.64,16.06,60.07,499.1,8.0,10.8,5.4,16.8,7.7,Clay
35.8400_7.7200,35.84,7.72,16.06,60.07,499.1,7.9,8.5,4.25,16.4,8.0,Clay
35.8400_7.8000,35.84,7.8,16.13,57.86,437.6,7.9,11.3,5.65,16.64,10.7,Clay
35.8400_7.8800,35.84,7.88,17.41,57.62,474.9,7.7,13.5,6.75,15.6,11.5,Clay
35.8400_7.9600,35.84,7.96,17.58,57.14,559.5,7.8,13.0,6.5,15.44,8.6,Clay
35.8400_8.0400,35.84,8.04,17.58,57.14,559.5,7.7,9.6,4.8,15.68,9.3,Clay
35.8400_8.1200,35.84,8.12,18.02,55.99,535.1,7.8,9.3,4.65,15.52,8.2,Silt
35.8400_8.2000,35.84,8.2,18.16,55.89,511.7,7.8,12.0,6.0,15.6,11.5,Silt
35.8400_8.2800,35.84,8.28,18.16,55.89,511.7,7.9,11.0,5.5,16.32,7.5,Silt
35.8400_8.3600,35.84,8.36,17.8,56.79,459.2,7.9,10.0,5.0,16.16,6.9,Clay
35.8400_8.4400,35.84,8.44,17.29,58.77,448.4,7.8,11.6,5.8,15.68,9.6,Clay
35.8400_8.5200,35.84,8.52,17.29,58.77,448.4,7.9,9.2,4.6,14.64,9.4,Silt
35.8400_8.6000,35.84,8.6,17.01,60.19,464.5,7.8,10.1,5.05,15.28,9.1,Clay
35.8400_8.6800,35.84,8.68,16.53,60.8,472.6,7.9,10.7,5.35,15.84,11.7,Silt
35.9200_-2.2000,35.92,-2.2,19.59,81.22,321.9,0.0,0.0,0.0,0.0,0.0,Unknown
35.9200_-2.1200,35.92,-2.12,19.61,81.3,305.4,0.0,0.0,0.0,0.0,0.0,Unknown
35.9200_-2.0400,35.92,-2.04,19.61,81.3,305.4,0.0,0.0,0.0,0.0,0.0,Unknown
35.9200_-1.9600,35.92,-1.96,19.62,81.42,281.5,0.0,0.0,0.0,0.0,0.0,Unknown
35.9200_-1.8800,35.92,-1.88,19.66,81.22,318.3,0.0,0.0,0.0,0.0,0.0,Unknown
35.9200_-1.8000,35.92,-1.8,19.63,81.13,335.9,0.0,0.0,0.0,0.0,0.0,Unknown
35.9200_-1.7200,35.92,-1.72,19.63,81.13,335.9,0.0,0.0,0.0,0.0,0.0,Unknown
35.9200_-1.6400,35.92,-1.64,19.59,81.28,327.0,0.0,0.0,0.0,0.0,0.0,Unknown
35.9200_-1.5600,35.92,-1.56,19.6,81.36,363.6,0.0,0.0,0.0,0.0,0.0,Unknown
35.9200_-1.4800,35.92,-1.48,19.6,81.36,363.6,0.0,0.0,0.0,0.0,0.0,Unknown
35.9200_-1.4000,35.92,-1.4,19.57,81.27,364.3,0.0,0.0,0.0,0.0,0.0,Unknown
35.9200_-1.3200,35.92,-1.32,19.48,81.21,382.9,0.0,0.0,0.0,0.0,0.0,Unknown
35.9200_-1.2400,35.92,-1.24,19.48,81.21,382.9,0.0,0.0,0.0,0.0,0.0,Unknown
35.9200_-1.1600,35.92,-1.16,19.5,81.29,428.2,0.0,0.0,0.0,0.0,0.0,Unknown
35.9200_-1.0800,35.92,-1.08,19.58,81.23,418.6,0.0,0.0,0.0,0.0,0.0,Unknown
35.9200_-1.0000,35.92,-1.0,19.58,81.23,418.6,0.0,0.0,0.0,0.0,0.0,Unknown
35.9200_-0.9200,35.92,-0.92,19.61,80.97,444.0,0.0,0.0,0.0,0.0,0.0,Unknown
35.9200_-0.8400,35.92,-0.84,19.65,80.54,402.6,0.0,0.0,0.0,0.0,0.0,Unknown
35.9200_-0.7600,35.92,-0.76,19.65,80.54,402.6,0.0,0.0,0.0,0.0,0.0,Unknown
35.9200_-0.6800,35.92,-0.68,19.61,80.41,487.2,0.0,0.0,0.0,0.0,0.0,Unknown
35.9200_-0.6000,35.92,-0.6,19.77,72.26,463.1,0.0,0.0,0.0,0.0,0.0,Unknown
35.9200_-0.5200,35.92,-0.52,19.77,72.26,463.1,0.0,0.0,0.0,0.0,0.0,Unknown
35.9200_-0.4400,35.92,-0.44,19.74,72.7,442.8,0.0,0.0,0.0,0.0,0.0,Unknown
35.9200_-0.3600,35.92,-0.36,19.24,72.62,442.8,0.0,0.0,0.0,0.0,0.0,Unknown
35.9200_-0.2800,35.92,-0.28,19.74,72.7,442.8,0.0,0.0,0.0,0.0,0.0,Unknown
35.9200_-0.2000,35.92,-0.2,19.74,72.7,442.8,0.0,0.0,0.0,0.0,0.0,Unknown
35.9200_-0.1200,35.92,-0.12,19.6,69.58,564.6,0.0,0.0,0.0,0.0,0.0,Unknown
35.9200_-0.0400,35.92,-0.04,19.6,69.58,564.6,0.0,0.0,0.0,0.0,0.0,Unknown
35.9200_0.0400,35.92,0.04,20.21,67.04,651.5,0.0,0.0,0.0,0.0,0.0,Unknown
35.9200_0.1200,35.92,0.12,19.32,66.17,624.9,7.7,9.1,4.55,15.44,14.1,Silt
35.9200_0.2000,35.92,0.2,19.09,64.64,553.9,7.8,8.7,4.35,16.16,8.8,Silt
35.9200_0.2800,35.92,0.28,19.09,64.64,553.9,7.6,9.1,4.55,18.8,8.0,Silt
35.9200_0.3600,35.92,0.36,19.16,63.28,475.4,7.6,9.4,4.7,19.84,9.4,Silt
35.9200_0.4400,35.92,0.44,19.87,61.33,411.6,7.7,9.1,4.55,19.12,10.9,Silt
35.9200_0.5200,35.92,0.52,20.7,59.85,383.3,7.7,10.1,5.05,18.16,8.7,Silt
35.9200_0.6000,35.92,0.6,20.73,59.85,383.3,7.9,9.0,4.5,20.4,7.7,Silt
35.9200_0.6800,35.92,0.68,21.03,57.65,452.5,7.8,10.9,5.45,20.64,8.8,Silt
35.9200_0.7600,35.92,0.76,20.93,55.82,506.4,7.7,8.4,4.2,19.28,11.6,Silt
35.9200_0.8400,35.92,0.84,20.93,55.82,506.4,7.7,9.3,4.65,20.56,9.1,Silt
35.9200_0.9200,35.92,0.92,18.72,55.5,549.7,7.7,9.1,4.55,19.76,12.3,Silt
35.9200_1.0000,35.92,1.0,20.91,57.74,549.1,0.0,0.0,0.0,0.0,0.0,Unknown
35.9200_1.0800,35.92,1.08,20.07,57.58,622.7,7.8,10.0,5.0,17.84,14.5,Silt
35.9200_1.1600,35.92,1.16,19.58,56.44,665.5,7.5,10.7,5.35,18.24,12.6,Silt
35.9200_1.2400,35.92,1.24,19.99,56.65,613.0,7.8,10.3,5.15,19.2,11.3,Silt
35.9200_1.3200,35.92,1.32,18.93,56.64,714.3,7.6,10.6,5.3,15.76,13.2,Silt
35.9200_1.4000,35.92,1.4,18.17,57.48,726.1,7.4,10.6,5.3,16.56,11.6,Clay
35.9200_1.4800,35.92,1.48,17.25,59.26,723.4,7.6,12.2,6.1,16.4,13.6,Silt
35.9200_1.5600,35.92,1.56,15.83,59.51,717.7,7.1,12.3,6.15,13.12,23.7,Silt
35.9200_1.6400,35.92,1.64,18.19,57.72,751.9,6.8,13.3,6.65,14.96,17.7,Silt
35.9200_1.7200,35.92,1.72,17.65,57.25,695.1,7.3,11.0,5.5,14.64,15.1,Clay
35.9200_1.8000,35.92,1.8,15.43,58.62,675.3,7.0,12.2,6.1,13.68,18.3,Silt
35.9200_1.8800,35.92,1.88,16.18,58.73,675.3,7.4,9.9,4.95,13.28,14.8,Clay
35.9200_1.9600,35.92,1.96,17.57,57.9,657.5,7.4,10.9,5.45,13.76,14.4,Clay
35.9200_2.0400,35.92,2.04,15.07,60.28,744.2,6.7,12.4,6.2,14.08,19.1,Silt
35.9200_2.1200,35.92,2.12,15.07,60.28,744.2,6.8,13.3,6.65,12.88,14.8,Silt
35.9200_2.2000,35.92,2.2,17.12,60.3,727.9,6.9,11.5,5.75,14.96,19.9,Clay
35.9200_2.2800,35.92,2.28,14.52,59.56,713.8,6.8,12.2,6.1,12.56,14.7,Silt
35.9200_2.3600,35.92,2.36,14.52,59.56,713.8,6.8,13.0,6.5,12.8,14.4,Silt
35.9200_2.4400,35.92,2.44,15.58,58.59,707.3,7.2,10.8,5.4,13.28,11.9,Silt
35.9200_2.5200,35.92,2.52,14.55,58.39,707.3,7.2,12.9,6.45,13.68,13.9,Silt
35.9200_2.6000,35.92,2.6,15.69,57.72,642.5,7.3,11.0,5.5,13.12,13.6,Clay
35.9200_2.6800,35.92,2.68,14.12,58.28,492.0,7.4,12.2,6.1,13.68,21.4,Clay
35.9200_2.7600,35.92,2.76,17.62,58.52,463.6,7.5,9.3,4.65,15.84,8.8,Silt
35.9200_2.8400,35.92,2.84,16.47,57.63,492.2,7.6,9.8,4.9,14.72,10.8,Silt
35.9200_2.9200,35.92,2.92,15.7,58.37,546.8,7.4,10.1,5.05,14.24,12.6,Clay
35.9200_3.0000,35.92,3.0,16.01,58.06,549.9,7.3,9.0,4.5,13.36,12.3,Clay
35.9200_3.0800,35.92,3.08,14.46,60.37,567.7,7.1,10.4,5.2,13.52,13.9,Silt
35.9200_3.1600,35.92,3.16,15.47,58.91,537.6,7.3,9.7,4.85,13.52,9.4,Clay
35.9200_3.2400,35.92,3.24,15.39,59.17,502.7,7.2,11.5,5.75,12.48,10.7,Clay
35.9200_3.3200,35.92,3.32,13.34,60.33,524.7,7.0,12.2,6.1,10.64,16.6,Clay
35.9200_3.4000,35.92,3.4,16.07,57.75,490.2,7.6,8.6,4.3,13.52,10.9,Clay
35.9200_3.4800,35.92,3.48,16.97,56.46,442.0,7.6,8.6,4.3,13.92,8.8,Clay
35.9200_3.5600,35.92,3.56,17.57,55.42,423.9,7.7,7.7,3.85,13.52,8.1,Clay
35.9200_3.6400,35.92,3.64,17.57,55.42,423.9,7.8,7.8,3.9,12.8,7.6,Clay
35.9200_3.7200,35.92,3.72,17.71,55.49,443.9,7.8,8.6,4.3,14.08,7.2,Silt
35.9200_3.8000,35.92,3.8,17.74,55.42,456.4,7.8,9.1,4.55,13.28,7.3,Clay
35.9200_3.8800,35.92,3.88,16.72,56.23,491.9,7.7,8.4,4.2,13.2,7.8,Clay
35.9200_3.9600,35.92,3.96,16.98,58.1,465.8,7.7,8.8,4.4,13.2,8.1,Clay
35.9200_4.0400,35.92,4.04,18.04,53.52,453.4,7.8,7.5,3.75,12.8,7.8,Clay
35.9200_4.1200,35.92,4.12,17.42,55.45,483.1,7.7,8.3,4.15,14.0,8.4,Clay
35.9200_4.2000,35.92,4.2,17.53,55.47,483.1,7.8,7.8,3.9,12.64,7.8,Clay
35.9200_4.2800,35.92,4.28,17.13,55.67,528.2,7.8,7.7,3.85,13.84,8.0,Clay
35.9200_4.3600,35.92,4.36,17.15,55.68,528.2,7.8,8.3,4.15,12.24,9.3,Clay
35.9200_4.4400,35.92,4.44,14.93,59.3,542.1,7.7,12.1,6.05,15.28,17.3,Clay
35.9200_4.5200,35.92,4.52,15.0,59.18,499.4,7.7,9.4,4.7,14.08,11.1,Clay
35.9200_4.6000,35.92,4.6,17.05,56.97,439.1,8.0,8.2,4.1,10.16,8.7,Silt
35.9200_4.6800,35.92,4.68,16.67,57.9,440.9,8.0,8.2,4.1,10.16,9.2,Clay
35.9200_4.7600,35.92,4.76,15.34,58.54,482.7,7.7,11.6,5.8,13.52,14.8,Clay
35.9200_4.8400,35.92,4.84,14.24,59.49,572.7,7.8,12.3,6.15,13.6,16.5,Clay
35.9200_4.9200,35.92,4.92,14.21,59.49,572.7,7.6,13.0,6.5,14.48,16.8,Silt
35.9200_5.0000,35.92,5.0,12.07,62.64,671.9,7.4,11.6,5.8,14.16,13.9,Clay
35.9200_5.0800,35.92,5.08,14.76,59.96,501.1,7.7,10.2,5.1,13.76,10.2,Clay
35.9200_5.1600,35.92,5.16,14.63,59.95,501.1,7.7,10.5,5.25,14.4,10.2,Clay
35.9200_5.2400,35.92,5.24,14.32,60.27,519.3,7.7,11.9,5.95,15.44,11.7,Silt
35.9200_5.3200,35.92,5.32,15.61,60.05,451.5,7.7,8.9,4.45,13.76,8.6,Clay
35.9200_5.4000,35.92,5.4,15.47,60.01,451.5,7.7,8.8,4.4,14.32,8.7,Silt
35.9200_5.4800,35.92,5.48,15.43,58.86,459.8,7.7,8.6,4.3,14.16,8.0,Silt
35.9200_5.5600,35.92,5.56,15.79,59.17,442.4,7.8,14.7,7.35,14.16,29.4,Clay
35.9200_5.6400,35.92,5.64,15.74,59.17,442.4,7.7,9.1,4.55,13.76,8.3,Clay
35.9200_5.7200,35.92,5.72,15.89,59.33,445.8,7.7,11.2,5.6,14.64,8.7,Silt
35.9200_5.8000,35.92,5.8,15.86,62.12,433.2,7.9,9.4,4.7,13.6,25.3,Clay
35.9200_5.8800,35.92,5.88,15.1,61.54,447.1,7.8,11.6,5.8,14.32,9.4,Silt
35.9200_5.9600,35.92,5.96,15.04,62.71,443.7,7.9,12.9,6.45,14.08,8.4,Clay
35.9200_6.0400,35.92,6.04,15.28,61.34,405.4,7.7,10.3,5.15,14.64,8.9,Clay
35.9200_6.1200,35.92,6.12,15.66,60.51,370.7,7.7,9.4,4.7,14.24,9.5,Clay
35.9200_6.2000,35.92,6.2,15.32,61.17,414.1,7.8,9.8,4.9,14.88,7.4,Clay
35.9200_6.2800,35.92,6.28,15.8,60.22,413.7,7.8,9.1,4.55,13.6,7.8,Clay
35.9200_6.3600,35.92,6.36,15.98,59.98,432.5,7.8,9.6,4.8,15.12,10.7,Silt
35.9200_6.4400,35.92,6.44,15.48,61.58,433.2,7.7,9.8,4.9,15.28,8.8,Clay
35.9200_6.5200,35.92,6.52,15.87,61.9,412.1,7.9,8.6,4.3,14.64,7.9,Silt
35.9200_6.6000,35.92,6.6,16.1,60.13,403.1,7.6,14.8,7.4,13.68,8.8,Clay
35.9200_6.6800,35.92,6.68,15.49,61.93,442.5,7.8,9.5,4.75,14.32,9.1,Clay
35.9200_6.7600,35.92,6.76,15.81,61.26,424.2,7.8,9.7,4.85,15.52,10.1,Clay
35.9200_6.8400,35.92,6.84,15.54,62.04,457.5,7.9,9.4,4.7,14.08,9.2,Clay
35.9200_6.9200,35.92,6.92,15.26,62.47,490.4,7.7,10.3,5.15,13.76,8.3,Clay
35.9200_7.0000,35.92,7.0,15.41,61.94,466.6,7.7,10.0,5.0,12.96,8.4,Clay
35.9200_7.0800,35.92,7.08,15.3,62.43,482.7,7.7,9.6,4.8,13.92,9.4,Silt
35.9200_7.1600,35.92,7.16,14.17,62.98,501.2,7.5,12.6,6.3,14.88,14.6,Clay
35.9200_7.2400,35.92,7.24,15.27,63.79,517.7,7.8,10.2,5.1,15.36,8.8,Silt
35.9200_7.3200,35.92,7.32,15.42,61.91,533.3,7.8,9.1,4.55,16.0,8.9,Silt
35.9200_7.4000,35.92,7.4,15.35,61.7,551.3,7.8,8.5,4.25,17.12,10.0,Silt
35.9200_7.4800,35.92,7.48,15.76,62.06,515.0,7.9,9.3,4.65,15.76,9.6,Clay
35.9200_7.5600,35.92,7.56,15.96,62.51,455.9,7.8,9.0,4.5,15.2,9.8,Clay
35.9200_7.6400,35.92,7.64,16.11,60.74,467.8,7.9,8.8,4.4,13.68,8.2,Clay
35.9200_7.7200,35.92,7.72,15.97,62.38,449.9,7.9,9.7,4.85,15.76,8.0,Clay
35.9200_7.8000,35.92,7.8,16.92,60.1,452.8,7.9,8.6,4.3,15.28,6.5,Clay
35.9200_7.8800,35.92,7.88,17.44,59.07,450.1,7.8,9.9,4.95,15.6,8.4,Clay
35.9200_7.9600,35.92,7.96,16.9,60.83,446.9,7.9,11.2,5.6,16.24,11.4,Clay
35.9200_8.0400,35.92,8.04,17.81,57.81,520.9,7.9,12.4,6.2,16.16,10.3,Clay
35.9200_8.1200,35.92,8.12,18.3,57.3,511.9,7.9,10.5,5.25,15.2,10.6,Clay
35.9200_8.2000,35.92,8.2,17.97,58.97,473.9,7.8,9.5,4.75,16.16,9.2,Silt
35.9200_8.2800,35.92,8.28,18.13,59.24,468.5,7.8,11.1,5.55,16.56,9.0,Clay
35.9200_8.3600,35.92,8.36,17.92,58.37,425.8,7.9,9.2,4.6,16.8,7.5,Clay
35.9200_8.4400,35.92,8.44,18.22,59.14,475.4,7.9,9.4,4.7,16.48,8.2,Clay
35.9200_8.5200,35.92,8.52,17.81,58.93,529.0,7.9,9.4,4.7,16.88,8.8,Clay
35.9200_8.6000,35.92,8.6,16.71,60.96,503.5,7.9,11.8,5.9,16.56,13.4,Clay
35.9200_8.6800,35.92,8.68,16.34,61.94,529.2,7.8,10.4,5.2,16.88,11.7,Clay
36.0000_-2.2000,36.0,-2.2,19.48,81.43,330.5,0.0,0.0,0.0,0.0,0.0,Unknown
36.0000_-2.1200,36.0,-2.12,19.51,81.35,318.5,0.0,0.0,0.0,0.0,0.0,Unknown
36.0000_-2.0400,36.0,-2.04,19.54,81.36,316.9,0.0,0.0,0.0,0.0,0.0,Unknown
36.0000_-1.9600,36.0,-1.96,19.54,81.36,316.9,0.0,0.0,0.0,0.0,0.0,Unknown
36.0000_-1.8800,36.0,-1.88,19.6,81.34,313.4,0.0,0.0,0.0,0.0,0.0,Unknown
36.0000_-1.8000,36.0,-1.8,19.62,81.22,335.3,0.0,0.0,0.0,0.0,0.0,Unknown
36.0000_-1.7200,36.0,-1.72,19.62,81.22,335.3,0.0,0.0,0.0,0.0,0.0,Unknown
36.0000_-1.6400,36.0,-1.64,19.63,81.12,369.4,0.0,0.0,0.0,0.0,0.0,Unknown
36.0000_-1.5600,36.0,-1.56,19.68,80.99,342.6,0.0,0.0,0.0,0.0,0.0,Unknown
36.0000_-1.4800,36.0,-1.48,19.68,80.99,342.6,0.0,0.0,0.0,0.0,0.0,Unknown
36.0000_-1.4000,36.0,-1.4,19.72,81.07,323.8,0.0,0.0,0.0,0.0,0.0,Unknown
36.0000_-1.3200,36.0,-1.32,19.69,81.13,326.9,0.0,0.0,0.0,0.0,0.0,Unknown
36.0000_-1.2400,36.0,-1.24,19.69,81.13,326.9,0.0,0.0,0.0,0.0,0.0,Unknown
36.0000_-1.1600,36.0,-1.16,19.62,81.21,369.5,0.0,0.0,0.0,0.0,0.0,Unknown
36.0000_-1.0800,36.0,-1.08,19.55,81.28,383.2,0.0,0.0,0.0,0.0,0.0,Unknown
36.0000_-1.0000,36.0,-1.0,19.55,81.28,383.2,0.0,0.0,0.0,0.0,0.0,Unknown
36.0000_-0.9200,36.0,-0.92,19.49,81.22,384.6,0.0,0.0,0.0,0.0,0.0,Unknown
36.0000_-0.8400,36.0,-0.84,19.47,80.91,401.0,0.0,0.0,0.0,0.0,0.0,Unknown
36.0000_-0.7600,36.0,-0.76,19.47,80.91,401.0,0.0,0.0,0.0,0.0,0.0,Unknown
36.0000_-0.6800,36.0,-0.68,19.54,80.74,447.0,0.0,0.0,0.0,0.0,0.0,Unknown
36.0000_-0.6000,36.0,-0.6,19.57,80.62,435.7,0.0,0.0,0.0,0.0,0.0,Unknown
36.0000_-0.5200,36.0,-0.52,19.5,80.39,501.7,0.0,0.0,0.0,0.0,0.0,Unknown
36.0000_-0.4400,36.0,-0.44,19.5,80.39,501.7,0.0,0.0,0.0,0.0,0.0,Unknown
36.0000_-0.3600,36.0,-0.36,19.47,79.89,483.8,0.0,0.0,0.0,0.0,0.0,Unknown
36.0000_-0.2800,36.0,-0.28,19.52,79.66,464.0,0.0,0.0,0.0,0.0,0.0,Unknown
36.0000_-0.2000,36.0,-0.2,19.52,79.66,464.0,0.0,0.0,0.0,0.0,0.0,Unknown
36.0000_-0.1200,36.0,-0.12,19.52,79.32,516.9,0.0,0.0,0.0,0.0,0.0,Unknown
36.0000_-0.0400,36.0,-0.04,20.21,67.04,651.5,0.0,0.0,0.0,0.0,0.0,Unknown
36.0000_0.0400,36.0,0.04,20.21,67.04,651.5,0.0,0.0,0.0,0.0,0.0,Unknown
36.0000_0.1200,36.0,0.12,19.87,66.98,651.5,7.5,11.8,5.9,14.96,38.8,Clay
36.0000_0.2000,36.0,0.2,19.08,67.83,602.6,7.4,9.4,4.7,17.84,10.2,Silt
36.0000_0.2800,36.0,0.28,19.08,67.83,602.6,7.6,9.5,4.75,17.28,11.3,Silt
36.0000_0.3600,36.0,0.36,19.71,66.02,557.2,7.7,8.6,4.3,16.4,10.3,Silt
36.0000_0.4400,36.0,0.44,19.19,64.0,499.3,7.6,9.6,4.8,20.72,11.2,Silt
36.0000_0.5200,36.0,0.52,19.19,64.0,499.3,7.7,9.6,4.8,20.8,8.7,Silt
36.0000_0.6000,36.0,0.6,20.54,60.53,424.4,7.8,10.2,5.1,20.72,9.5,Silt
36.0000_0.6800,36.0,0.68,20.79,58.32,438.9,7.6,8.9,4.45,19.6,9.7,Silt
36.0000_0.7600,36.0,0.76,20.78,58.32,438.9,7.7,9.2,4.6,20.56,10.3,Silt
36.0000_0.8400,36.0,0.84,21.1,57.61,497.9,7.8,10.3,5.15,18.96,9.7,Silt
36.0000_0.9200,36.0,0.92,21.03,58.67,457.1,7.8,8.3,4.15,17.84,8.9,Silt
36.0000_1.0000,36.0,1.0,20.97,59.19,525.9,7.8,9.7,4.85,17.76,9.9,Silt
36.0000_1.0800,36.0,1.08,19.0,58.35,605.1,7.8,9.9,4.95,17.68,17.5,Clay
36.0000_1.1600,36.0,1.16,19.91,57.21,561.3,7.8,9.8,4.9,17.6,11.3,Silt
36.0000_1.2400,36.0,1.24,19.89,56.35,552.4,7.8,9.5,4.75,19.44,10.6,Silt
36.0000_1.3200,36.0,1.32,19.89,56.35,552.4,7.9,8.7,4.35,19.04,10.2,Silt
36.0000_1.4000,36.0,1.4,19.6,56.64,606.1,7.7,9.4,4.7,18.16,12.7,Silt
36.0000_1.4800,36.0,1.48,17.45,57.31,768.1,7.6,11.4,5.7,14.88,16.5,Silt
36.0000_1.5600,36.0,1.56,19.79,56.15,708.8,7.9,9.5,4.75,17.2,13.6,Silt
36.0000_1.6400,36.0,1.64,18.4,57.43,700.1,7.7,9.7,4.85,16.48,13.9,Clay
36.0000_1.7200,36.0,1.72,16.21,57.0,695.1,7.3,13.1,6.55,13.12,20.6,Silt
36.0000_1.8000,36.0,1.8,19.28,55.94,659.7,7.8,10.3,5.15,16.16,17.1,Clay
36.0000_1.8800,36.0,1.88,16.65,57.04,629.2,6.9,12.5,6.25,12.88,21.4,Clay
36.0000_1.9600,36.0,1.96,19.46,56.22,615.0,7.8,9.9,4.95,16.0,11.7,Silt
36.0000_2.0400,36.0,2.04,17.98,55.93,615.0,7.1,11.5,5.75,12.8,16.9,Silt
36.0000_2.1200,36.0,2.12,17.95,56.39,672.0,7.1,11.1,5.55,14.0,12.7,Clay
36.0000_2.2000,36.0,2.2,18.5,57.95,686.8,7.5,10.4,5.2,15.92,17.6,Silt
36.0000_2.2800,36.0,2.28,18.34,57.33,689.0,7.3,11.5,5.75,13.28,16.3,Clay
36.0000_2.3600,36.0,2.36,16.23,57.59,788.6,7.1,11.4,5.7,13.6,13.0,Clay
36.0000_2.4400,36.0,2.44,17.26,58.42,810.5,7.3,10.0,5.0,12.32,12.4,Clay
36.0000_2.5200,36.0,2.52,16.36,59.52,741.5,6.9,11.7,5.85,12.96,13.1,Clay
36.0000_2.6000,36.0,2.6,16.36,59.52,741.5,7.5,12.0,6.0,13.52,21.7,Silt
36.0000_2.6800,36.0,2.68,17.32,62.55,637.9,7.4,11.1,5.55,13.68,14.9,Clay
36.0000_2.7600,36.0,2.76,17.13,61.55,600.7,7.3,9.4,4.7,13.28,10.3,Clay
36.0000_2.8400,36.0,2.84,16.41,61.42,600.7,7.6,9.8,4.9,12.96,11.7,Clay
36.0000_2.9200,36.0,2.92,17.3,59.93,615.4,7.5,8.9,4.45,14.72,9.7,Clay
36.0000_3.0000,36.0,3.0,15.87,59.48,613.8,7.3,9.6,4.8,14.48,10.1,Clay
36.0000_3.0800,36.0,3.08,15.87,59.48,613.8,7.3,8.8,4.4,14.56,8.5,Clay
36.0000_3.1600,36.0,3.16,15.66,59.97,568.2,7.5,8.8,4.4,14.08,11.3,Clay
36.0000_3.2400,36.0,3.24,16.46,61.51,630.4,7.6,9.8,4.9,14.64,9.3,Clay
36.0000_3.3200,36.0,3.32,15.94,59.92,548.1,7.4,10.8,5.4,15.28,10.2,Clay
36.0000_3.4000,36.0,3.4,15.03,61.29,632.6,7.3,11.0,5.5,13.28,13.4,Clay
36.0000_3.4800,36.0,3.48,15.06,61.31,625.0,7.4,10.3,5.15,12.32,13.8,Clay
36.0000_3.5600,36.0,3.56,16.48,56.99,502.1,7.5,8.8,4.4,14.08,9.8,Clay
36.0000_3.6400,36.0,3.64,16.43,56.98,502.1,7.6,10.9,5.45,13.92,8.9,Clay
36.0000_3.7200,36.0,3.72,16.26,58.17,523.0,7.7,9.0,4.5,12.56,9.5,Clay
36.0000_3.8000,36.0,3.8,15.71,59.64,558.2,7.6,9.8,4.9,14.0,11.1,Clay
36.0000_3.8800,36.0,3.88,15.71,59.64,558.2,7.7,8.8,4.4,13.2,9.8,Clay
36.0000_3.9600,36.0,3.96,15.61,60.18,497.4,7.4,10.7,5.35,13.68,13.5,Silt
36.0000_4.0400,36.0,4.04,16.11,56.49,450.6,7.8,8.9,4.45,14.08,11.4,Clay
36.0000_4.1200,36.0,4.12,13.36,59.86,528.8,7.0,12.4,6.2,11.52,14.3,Silt
36.0000_4.2000,36.0,4.2,12.86,60.64,552.6,7.2,13.5,6.75,12.72,17.0,Clay
36.0000_4.2800,36.0,4.28,15.41,60.21,552.4,7.7,9.7,4.85,15.36,12.3,Silt
36.0000_4.3600,36.0,4.36,14.38,60.04,552.4,7.2,13.6,6.8,13.2,25.7,Silt
36.0000_4.4400,36.0,4.44,12.93,60.23,565.5,7.3,13.3,6.65,13.44,14.6,Clay
36.0000_4.5200,36.0,4.52,13.43,60.92,551.4,7.5,13.7,6.85,14.0,16.8,Silt
36.0000_4.6000,36.0,4.6,14.99,61.19,551.4,7.7,10.5,5.25,12.96,10.2,Clay
36.0000_4.6800,36.0,4.68,15.36,59.85,494.1,7.9,8.1,4.05,12.8,8.5,Clay
36.0000_4.7600,36.0,4.76,15.72,59.02,431.8,7.9,12.0,6.0,14.4,8.8,Silt
36.0000_4.8400,36.0,4.84,15.92,59.07,431.8,7.9,11.0,5.5,14.32,9.3,Clay
36.0000_4.9200,36.0,4.92,15.34,58.96,457.6,7.8,10.2,5.1,13.44,8.1,Clay
36.0000_5.0000,36.0,5.0,15.06,60.24,480.5,7.7,12.0,6.0,15.44,9.6,Clay
36.0000_5.0800,36.0,5.08,15.53,59.73,424.2,7.7,10.4,5.2,13.52,10.3,Clay
36.0000_5.1600,36.0,5.16,15.53,59.73,424.2,7.6,11.0,5.5,15.68,12.0,Silt
36.0000_5.2400,36.0,5.24,15.89,59.56,389.5,7.7,8.4,4.2,14.96,8.4,Silt
36.0000_5.3200,36.0,5.32,15.57,60.43,442.0,7.8,10.8,5.4,13.68,8.0,Clay
36.0000_5.4000,36.0,5.4,15.57,60.43,442.0,7.7,9.9,4.95,13.84,9.0,Silt
36.0000_5.4800,36.0,5.48,15.37,61.27,465.5,7.7,10.3,5.15,14.24,8.3,Clay
36.0000_5.5600,36.0,5.56,15.54,61.4,442.1,7.7,8.8,4.4,14.48,7.4,Silt
36.0000_5.6400,36.0,5.64,15.54,61.4,442.1,7.7,9.0,4.5,13.84,8.2,Clay
36.0000_5.7200,36.0,5.72,15.81,60.89,429.6,7.7,10.8,5.4,14.88,7.9,Clay
36.0000_5.8000,36.0,5.8,15.56,61.87,391.1,7.8,11.0,5.5,14.4,7.5,Clay
36.0000_5.8800,36.0,5.88,15.56,61.87,391.1,7.7,13.1,6.55,16.32,9.4,Clay
36.0000_5.9600,36.0,5.96,15.33,62.16,439.6,7.7,9.6,4.8,15.92,10.5,Silt
36.0000_6.0400,36.0,6.04,14.2,62.27,428.2,7.5,11.4,5.7,14.8,12.9,Clay
36.0000_6.1200,36.0,6.12,15.42,62.13,466.3,7.6,10.8,5.4,15.2,11.4,Silt
36.0000_6.2000,36.0,6.2,15.67,61.23,455.5,7.6,10.5,5.25,15.12,10.5,Silt
36.0000_6.2800,36.0,6.28,15.72,61.54,427.9,7.7,9.5,4.75,14.48,8.8,Silt
36.0000_6.3600,36.0,6.36,15.6,61.9,425.7,7.8,10.6,5.3,15.28,11.9,Clay
36.0000_6.4400,36.0,6.44,15.6,61.9,425.7,7.8,11.2,5.6,13.84,12.2,Clay
36.0000_6.5200,36.0,6.52,15.58,61.84,476.8,7.7,11.2,5.6,14.32,9.6,Clay
36.0000_6.6000,36.0,6.6,16.28,62.1,442.5,7.7,9.8,4.9,14.96,9.4,Clay
36.0000_6.6800,36.0,6.68,13.5,62.06,493.6,7.1,15.3,7.65,14.72,18.0,Clay
36.0000_6.7600,36.0,6.76,15.21,63.57,495.9,7.7,10.6,5.3,15.04,11.1,Silt
36.0000_6.8400,36.0,6.84,15.12,63.16,473.5,7.6,12.8,6.4,15.84,9.9,Clay
36.0000_6.9200,36.0,6.92,15.12,63.16,473.5,7.6,10.8,5.4,15.44,9.0,Silt
36.0000_7.0000,36.0,7.0,15.11,63.45,464.8,7.5,10.5,5.25,14.0,10.3,Silt
36.0000_7.0800,36.0,7.08,14.53,63.74,520.7,7.4,10.6,5.3,14.72,11.8,Silt
36.0000_7.1600,36.0,7.16,15.34,63.27,519.0,7.8,8.8,4.4,15.12,9.3,Clay
36.0000_7.2400,36.0,7.24,15.7,63.31,509.0,7.8,9.2,4.6,14.48,7.9,Clay
36.0000_7.3200,36.0,7.32,16.03,62.57,453.4,7.8,11.6,5.8,14.56,9.6,Silt
36.0000_7.4000,36.0,7.4,16.03,62.57,453.4,7.7,11.7,5.85,15.68,8.3,Silt
36.0000_7.4800,36.0,7.48,15.84,63.6,410.7,7.7,14.2,7.1,16.72,8.6,Silt
36.0000_7.5600,36.0,7.56,15.59,64.01,443.6,7.7,9.2,4.6,16.8,8.4,Clay
36.0000_7.6400,36.0,7.64,14.58,63.87,443.7,7.5,12.5,6.25,16.48,9.7,Clay
36.0000_7.7200,36.0,7.72,15.58,64.07,443.7,7.7,12.6,6.3,17.44,9.5,Clay
36.0000_7.8000,36.0,7.8,15.91,62.78,439.2,7.8,9.9,4.95,15.76,9.2,Clay
36.0000_7.8800,36.0,7.88,16.29,62.37,465.7,7.8,10.1,5.05,14.72,7.9,Clay
36.0000_7.9600,36.0,7.96,16.29,62.37,465.7,7.8,10.3,5.15,15.28,8.6,Clay
36.0000_8.0400,36.0,8.04,16.83,61.77,491.2,7.9,10.9,5.45,16.48,9.8,Clay
36.0000_8.1200,36.0,8.12,17.26,61.82,475.0,7.8,13.3,6.65,17.36,7.9,Clay
36.0000_8.2000,36.0,8.2,17.26,61.82,475.0,7.9,11.4,5.7,16.08,9.3,Clay
36.0000_8.2800,36.0,8.28,17.81,61.17,459.1,7.8,9.5,4.75,15.36,10.0,Clay
36.0000_8.3600,36.0,8.36,18.36,59.8,457.4,7.9,9.3,4.65,17.68,10.8,Clay
36.0000_8.4400,36.0,8.44,18.36,59.8,457.4,7.8,10.8,5.4,17.2,8.8,Clay
36.0000_8.5200,36.0,8.52,16.79,58.72,529.0,7.6,12.2,6.1,16.48,14.0,Clay
36.0000_8.6000,36.0,8.6,17.82,60.09,507.8,7.9,11.1,5.55,15.92,8.9,Clay
36.0000_8.6800,36.0,8.68,17.11,61.33,537.5,7.8,11.5,5.75,16.48,11.7,Clay
36.0800_-2.2000,36.08,-2.2,19.55,81.46,290.0,0.0,0.0,0.0,0.0,0.0,Unknown
36.0800_-2.1200,36.08,-2.12,19.55,81.36,296.3,0.0,0.0,0.0,0.0,0.0,Unknown
36.0800_-2.0400,36.08,-2.04,19.56,81.27,287.5,0.0,0.0,0.0,0.0,0.0,Unknown
36.0800_-1.9600,36.08,-1.96,19.56,81.27,287.5,0.0,0.0,0.0,0.0,0.0,Unknown
36.0800_-1.8800,36.08,-1.88,19.57,81.3,284.2,0.0,0.0,0.0,0.0,0.0,Unknown
36.0800_-1.8000,36.08,-1.8,19.6,81.33,329.3,0.0,0.0,0.0,0.0,0.0,Unknown
36.0800_-1.7200,36.08,-1.72,19.6,81.33,329.3,0.0,0.0,0.0,0.0,0.0,Unknown
36.0800_-1.6400,36.08,-1.64,19.63,81.13,353.5,0.0,0.0,0.0,0.0,0.0,Unknown
36.0800_-1.5600,36.08,-1.56,19.66,80.92,349.9,0.0,0.0,0.0,0.0,0.0,Unknown
36.0800_-1.4800,36.08,-1.48,19.66,80.92,349.9,0.0,0.0,0.0,0.0,0.0,Unknown
36.0800_-1.4000,36.08,-1.4,19.69,80.91,309.5,0.0,0.0,0.0,0.0,0.0,Unknown
36.0800_-1.3200,36.08,-1.32,19.7,80.97,316.5,0.0,0.0,0.0,0.0,0.0,Unknown
36.0800_-1.2400,36.08,-1.24,19.7,80.97,316.5,0.0,0.0,0.0,0.0,0.0,Unknown
36.0800_-1.1600,36.08,-1.16,19.71,80.95,360.8,0.0,0.0,0.0,0.0,0.0,Unknown
36.0800_-1.0800,36.08,-1.08,19.7,80.98,374.7,0.0,0.0,0.0,0.0,0.0,Unknown
36.0800_-1.0000,36.08,-1.0,19.7,80.98,374.7,0.0,0.0,0.0,0.0,0.0,Unknown
36.0800_-0.9200,36.08,-0.92,19.64,81.07,351.2,0.0,0.0,0.0,0.0,0.0,Unknown
36.0800_-0.8400,36.08,-0.84,19.55,80.99,378.7,0.0,0.0,0.0,0.0,0.0,Unknown
36.0800_-0.7600,36.08,-0.76,19.55,80.99,378.7,0.0,0.0,0.0,0.0,0.0,Unknown
36.0800_-0.6800,36.08,-0.68,19.54,80.75,410.3,0.0,0.0,0.0,0.0,0.0,Unknown
36.0800_-0.6000,36.08,-0.6,19.62,80.5,392.8,0.0,0.0,0.0,0.0,0.0,Unknown
36.0800_-0.5200,36.08,-0.52,19.64,80.35,435.8,0.0,0.0,0.0,0.0,0.0,Unknown
36.0800_-0.4400,36.08,-0.44,19.64,80.35,435.8,0.0,0.0,0.0,0.0,0.0,Unknown
36.0800_-0.3600,36.08,-0.36,19.55,80.24,531.2,0.0,0.0,0.0,0.0,0.0,Unknown
36.0800_-0.2800,36.08,-0.28,19.46,80.19,514.3,0.0,0.0,0.0,0.0,0.0,Unknown
36.0800_-0.2000,36.08,-0.2,19.46,80.19,514.3,0.0,0.0,0.0,0.0,0.0,Unknown
36.0800_-0.1200,36.08,-0.12,19.42,79.98,522.5,0.0,0.0,0.0,0.0,0.0,Unknown
36.0800_-0.0400,36.08,-0.04,19.37,79.63,603.9,0.0,0.0,0.0,0.0,0.0,Unknown
36.0800_0.0400,36.08,0.04,19.37,79.63,603.9,0.0,0.0,0.0,0.0,0.0,Unknown
36.0800_0.1200,36.08,0.12,19.65,70.12,578.7,0.0,0.0,0.0,0.0,0.0,Unknown
36.0800_0.2000,36.08,0.2,19.15,70.0,578.7,7.3,12.7,6.35,15.12,26.1,Clay
36.0800_0.2800,36.08,0.28,18.56,65.8,549.1,7.6,9.0,4.5,18.64,9.4,Clay
36.0800_0.3600,36.08,0.36,18.18,67.63,574.5,7.7,9.7,4.85,17.36,10.5,Silt
36.0800_0.4400,36.08,0.44,17.9,65.28,561.1,7.6,9.8,4.9,18.88,11.6,Silt
36.0800_0.5200,36.08,0.52,18.44,61.63,581.3,7.6,9.6,4.8,18.56,12.3,Silt
36.0800_0.6000,36.08,0.6,18.99,61.73,581.3,7.8,9.6,4.8,20.4,11.1,Silt
36.0800_0.6800,36.08,0.68,19.11,59.68,578.3,7.7,9.9,4.95,19.76,9.7,Clay
36.0800_0.7600,36.08,0.76,19.43,57.86,509.8,7.8,9.1,4.55,19.68,10.7,Silt
36.0800_0.8400,36.08,0.84,17.51,57.48,509.8,7.7,10.1,5.05,18.16,11.7,Silt
36.0800_0.9200,36.08,0.92,19.85,57.03,439.8,7.7,9.3,4.65,19.12,9.0,Silt
36.0800_1.0000,36.08,1.0,20.14,58.02,425.1,7.7,9.8,4.9,18.08,11.8,Silt
36.0800_1.0800,36.08,1.08,20.14,58.02,425.1,7.8,9.4,4.7,19.84,9.1,Silt
36.0800_1.1600,36.08,1.16,20.19,58.87,482.0,7.9,9.0,4.5,17.68,9.9,Silt
36.0800_1.2400,36.08,1.24,20.2,57.21,522.8,8.0,9.8,4.9,19.04,9.7,Silt
36.0800_1.3200,36.08,1.32,19.3,56.19,550.0,7.8,11.3,5.65,17.76,12.6,Silt
36.0800_1.4000,36.08,1.4,20.14,55.31,602.5,7.8,8.7,4.35,17.28,11.9,Silt
36.0800_1.4800,36.08,1.48,19.91,54.55,609.4,7.8,9.7,4.85,18.32,13.0,Silt
36.0800_1.5600,36.08,1.56,19.91,54.55,609.4,7.9,9.9,4.95,18.16,11.2,Clay
36.0800_1.6400,36.08,1.64,19.64,54.45,573.5,7.8,10.3,5.15,17.44,11.6,Silt
36.0800_1.7200,36.08,1.72,17.96,55.64,645.2,7.4,11.5,5.75,13.84,14.3,Silt
36.0800_1.8000,36.08,1.8,19.4,54.96,568.9,7.7,9.6,4.8,17.44,12.4,Silt
36.0800_1.8800,36.08,1.88,19.23,55.18,587.6,7.3,9.8,4.9,14.48,16.4,Clay
36.0800_1.9600,36.08,1.96,19.65,56.49,576.1,7.7,9.4,4.7,15.84,10.0,Silt
36.0800_2.0400,36.08,2.04,18.99,56.36,576.1,7.4,10.4,5.2,14.88,11.9,Silt
36.0800_2.1200,36.08,2.12,19.16,56.55,583.9,7.4,10.3,5.15,15.36,11.5,Silt
36.0800_2.2000,36.08,2.2,19.08,57.04,575.0,7.4,10.2,5.1,14.56,9.5,Silt
36.0800_2.2800,36.08,2.28,18.48,57.32,682.9,7.4,10.6,5.3,15.12,10.5,Silt
36.0800_2.3600,36.08,2.36,18.48,57.32,682.9,7.2,11.7,5.85,13.36,10.8,Clay
36.0800_2.4400,36.08,2.44,17.78,58.7,711.4,6.9,11.4,5.7,13.2,13.9,Silt
36.0800_2.5200,36.08,2.52,17.33,61.74,700.9,6.7,9.5,4.75,12.96,12.2,Silt
36.0800_2.6000,36.08,2.6,17.33,61.74,700.9,6.8,9.5,4.75,13.44,12.0,Clay
36.0800_2.6800,36.08,2.68,16.95,62.88,692.2,6.8,11.3,5.65,14.0,19.4,Clay
36.0800_2.7600,36.08,2.76,15.11,60.42,715.1,7.2,12.2,6.1,13.28,23.2,Clay
36.0800_2.8400,36.08,2.84,15.22,60.43,715.1,7.0,11.2,5.6,13.12,19.8,Clay
36.0800_2.9200,36.08,2.92,15.99,60.54,669.4,7.1,10.7,5.35,14.24,11.0,Clay
36.0800_3.0000,36.08,3.0,16.16,59.92,628.4,7.2,10.1,5.05,14.4,9.6,Silt
36.0800_3.0800,36.08,3.08,16.16,59.92,628.4,7.3,10.4,5.2,13.76,12.0,Clay
36.0800_3.1600,36.08,3.16,16.43,59.4,587.5,7.5,9.4,4.7,13.6,11.3,Clay
36.0800_3.2400,36.08,3.24,17.02,59.49,644.5,7.6,8.8,4.4,14.72,9.8,Clay
36.0800_3.3200,36.08,3.32,16.17,59.3,644.5,7.3,9.9,4.95,13.44,13.5,Silt
36.0800_3.4000,36.08,3.4,15.58,60.3,672.5,7.4,10.2,5.1,13.36,14.7,Silt
36.0800_3.4800,36.08,3.48,14.9,62.38,678.3,7.1,10.8,5.4,13.2,16.1,Clay
36.0800_3.5600,36.08,3.56,12.82,62.84,687.3,6.7,13.9,6.95,13.44,19.3,Silt
36.0800_3.6400,36.08,3.64,10.1,62.33,687.3,6.8,16.9,8.45,11.68,31.1,Clay
36.0800_3.7200,36.08,3.72,14.88,61.78,632.2,7.0,11.0,5.5,14.0,14.1,Silt
36.0800_3.8000,36.08,3.8,14.49,61.69,632.2,7.0,11.8,5.9,14.08,14.9,Silt
36.0800_3.8800,36.08,3.88,12.84,60.62,569.1,6.8,15.2,7.6,12.08,18.0,Silt
36.0800_3.9600,36.08,3.96,17.07,61.45,640.7,7.7,9.6,4.8,13.6,11.0,Clay
36.0800_4.0400,36.08,4.04,16.0,61.27,640.7,7.3,10.2,5.1,14.24,10.3,Silt
36.0800_4.1200,36.08,4.12,14.63,62.69,744.5,6.9,12.9,6.45,12.08,16.3,Clay
36.0800_4.2000,36.08,4.2,16.42,62.44,702.2,7.6,9.6,4.8,14.88,10.9,Silt
36.0800_4.2800,36.08,4.28,17.14,60.61,551.7,7.7,8.8,4.4,13.52,10.2,Clay
36.0800_4.3600,36.08,4.36,17.64,57.79,540.2,7.7,8.7,4.35,14.4,8.1,Clay
36.0800_4.4400,36.08,4.44,17.31,60.73,573.8,7.7,9.4,4.7,14.96,12.2,Clay
36.0800_4.5200,36.08,4.52,16.31,63.0,638.8,7.8,10.3,5.15,14.88,12.1,Clay
36.0800_4.6000,36.08,4.6,14.85,62.72,638.8,7.8,10.8,5.4,16.24,10.6,Silt
36.0800_4.6800,36.08,4.68,14.95,61.47,543.3,7.6,10.0,5.0,15.52,10.9,Silt
36.0800_4.7600,36.08,4.76,15.86,60.36,432.8,0.0,0.0,0.0,0.0,0.0,Unknown
36.0800_4.8400,36.08,4.84,15.38,58.95,444.4,7.6,10.5,5.25,14.72,8.8,Silt
36.0800_4.9200,36.08,4.92,14.56,59.23,430.4,7.7,10.9,5.45,14.24,8.8,Clay
36.0800_5.0000,36.08,5.0,15.28,61.35,462.9,7.7,9.9,4.95,15.04,9.3,Silt
36.0800_5.0800,36.08,5.08,15.48,61.72,440.6,7.7,9.3,4.65,15.36,9.3,Silt
36.0800_5.1600,36.08,5.16,15.48,61.72,440.6,7.7,12.3,6.15,14.4,9.3,Clay
36.0800_5.2400,36.08,5.24,15.59,60.72,411.5,7.7,11.6,5.8,14.96,8.4,Clay
36.0800_5.3200,36.08,5.32,15.09,60.97,435.1,7.6,12.1,6.05,13.68,8.0,Silt
36.0800_5.4000,36.08,5.4,15.09,60.97,435.1,7.7,11.2,5.6,14.4,9.5,Silt
36.0800_5.4800,36.08,5.48,14.74,61.52,459.0,7.7,10.6,5.3,14.32,7.1,Silt
36.0800_5.5600,36.08,5.56,15.03,61.4,447.3,7.8,9.9,4.95,13.28,8.8,Clay
36.0800_5.6400,36.08,5.64,15.03,61.4,447.3,7.7,8.8,4.4,14.72,8.4,Silt
36.0800_5.7200,36.08,5.72,15.31,61.71,444.2,7.7,11.2,5.6,13.44,7.9,Clay
36.0800_5.8000,36.08,5.8,15.3,61.98,421.6,7.6,10.9,5.45,15.28,9.2,Clay
36.0800_5.8800,36.08,5.88,15.3,61.98,421.6,7.5,9.6,4.8,14.4,9.0,Clay
36.0800_5.9600,36.08,5.96,15.39,62.49,436.3,7.5,8.6,4.3,15.2,8.7,Silt
36.0800_6.0400,36.08,6.04,15.71,62.19,438.5,7.6,9.0,4.5,15.52,10.1,Clay
36.0800_6.1200,36.08,6.12,15.71,62.19,438.5,7.6,9.4,4.7,12.56,10.7,Clay
36.0800_6.2000,36.08,6.2,15.39,61.19,415.5,7.5,10.0,5.0,13.28,10.1,Silt
36.0800_6.2800,36.08,6.28,16.03,61.75,385.1,7.9,9.4,4.7,15.04,9.8,Clay
36.0800_6.3600,36.08,6.36,16.03,61.75,385.1,7.8,9.6,4.8,17.68,10.6,Clay
36.0800_6.4400,36.08,6.44,15.9,62.26,440.7,7.8,9.5,4.75,16.48,10.8,Clay
36.0800_6.5200,36.08,6.52,15.83,62.4,465.4,7.7,10.1,5.05,16.48,11.0,Silt
36.0800_6.6000,36.08,6.6,16.44,62.42,519.5,7.7,10.4,5.2,16.48,10.3,Clay
36.0800_6.6800,36.08,6.68,15.76,62.28,519.5,7.6,10.6,5.3,14.48,10.6,Clay
36.0800_6.7600,36.08,6.76,14.07,62.72,523.7,7.1,12.6,6.3,14.08,13.2,Clay
36.0800_6.8400,36.08,6.84,16.03,64.29,518.1,7.7,10.2,5.1,15.12,10.5,Clay
36.0800_6.9200,36.08,6.92,15.92,64.27,518.1,7.6,9.7,4.85,14.4,9.0,Clay
36.0800_7.0000,36.08,7.0,15.13,64.17,503.2,7.4,11.2,5.6,15.52,11.7,Clay
36.0800_7.0800,36.08,7.08,15.41,64.39,498.5,7.6,10.5,5.25,15.04,10.1,Clay
36.0800_7.1600,36.08,7.16,15.41,64.39,498.5,7.5,8.7,4.35,16.64,8.7,Clay
36.0800_7.2400,36.08,7.24,15.75,64.46,460.1,7.6,10.0,5.0,14.72,9.8,Clay
36.0800_7.3200,36.08,7.32,15.75,65.62,413.1,7.6,10.3,5.15,14.56,10.7,Clay
36.0800_7.4000,36.08,7.4,15.75,65.62,413.1,0.0,0.0,0.0,0.0,0.0,Unknown
36.0800_7.4800,36.08,7.48,15.27,65.23,419.3,7.6,10.4,5.2,16.32,9.3,Clay
36.0800_7.5600,36.08,7.56,14.99,65.04,436.6,7.6,10.3,5.15,16.24,9.1,Clay
36.0800_7.6400,36.08,7.64,14.99,65.04,436.6,7.4,10.2,5.1,15.36,10.5,Clay
36.0800_7.7200,36.08,7.72,15.03,65.31,516.4,7.4,14.5,7.25,16.16,10.8,Clay
36.0800_7.8000,36.08,7.8,15.45,64.3,493.6,7.2,10.2,5.1,16.4,12.1,Silt
36.0800_7.8800,36.08,7.88,15.91,63.55,496.3,7.2,12.6,6.3,16.32,11.7,Silt
36.0800_7.9600,36.08,7.96,15.03,63.42,496.3,7.0,12.9,6.45,16.16,12.1,Silt
36.0800_8.0400,36.08,8.04,16.33,63.46,517.0,7.2,11.3,5.65,15.6,10.0,Clay
36.0800_8.1200,36.08,8.12,16.71,63.44,487.7,7.3,10.6,5.3,16.8,12.3,Clay
36.0800_8.2000,36.08,8.2,16.71,63.44,487.7,7.4,10.1,5.05,18.48,8.9,Silt
36.0800_8.2800,36.08,8.28,17.4,61.73,461.5,7.4,12.6,6.3,19.76,9.2,Clay
36.0800_8.3600,36.08,8.36,18.16,60.27,481.9,7.5,10.0,5.0,17.36,8.5,Clay
36.0800_8.4400,36.08,8.44,18.16,60.27,481.9,7.8,9.7,4.85,16.48,10.7,Clay
36.0800_8.5200,36.08,8.52,18.46,60.43,455.5,7.8,10.7,5.35,16.0,11.5,Clay
36.0800_8.6000,36.08,8.6,17.84,61.08,490.3,8.0,9.5,4.75,16.88,9.5,Clay
36.0800_8.6800,36.08,8.68,17.84,61.08,490.3,7.9,10.3,5.15,17.36,10.6,Clay
36.1600_-2.2000,36.16,-2.2,19.58,81.27,305.5,0.0,0.0,0.0,0.0,0.0,Unknown
36.1600_-2.1200,36.16,-2.12,19.62,81.21,300.3,0.0,0.0,0.0,0.0,0.0,Unknown
36.1600_-2.0400,36.16,-2.04,19.64,81.05,293.9,0.0,0.0,0.0,0.0,0.0,Unknown
36.1600_-1.9600,36.16,-1.96,19.64,81.05,293.9,0.0,0.0,0.0,0.0,0.0,Unknown
36.1600_-1.8800,36.16,-1.88,19.64,81.08,293.2,0.0,0.0,0.0,0.0,0.0,Unknown
36.1600_-1.8000,36.16,-1.8,19.64,81.16,296.0,0.0,0.0,0.0,0.0,0.0,Unknown
36.1600_-1.7200,36.16,-1.72,19.64,81.16,296.0,0.0,0.0,0.0,0.0,0.0,Unknown
36.1600_-1.6400,36.16,-1.64,19.66,81.12,308.7,0.0,0.0,0.0,0.0,0.0,Unknown
36.1600_-1.5600,36.16,-1.56,19.66,80.94,315.2,0.0,0.0,0.0,0.0,0.0,Unknown
36.1600_-1.4800,36.16,-1.48,19.66,80.94,315.2,0.0,0.0,0.0,0.0,0.0,Unknown
36.1600_-1.4000,36.16,-1.4,19.66,80.93,316.8,0.0,0.0,0.0,0.0,0.0,Unknown
36.1600_-1.3200,36.16,-1.32,19.69,80.88,333.2,0.0,0.0,0.0,0.0,0.0,Unknown
36.1600_-1.2400,36.16,-1.24,19.69,80.88,333.2,0.0,0.0,0.0,0.0,0.0,Unknown
36.1600_-1.1600,36.16,-1.16,19.73,80.66,357.7,0.0,0.0,0.0,0.0,0.0,Unknown
36.1600_-1.0800,36.16,-1.08,19.77,80.6,357.9,0.0,0.0,0.0,0.0,0.0,Unknown
36.1600_-1.0000,36.16,-1.0,19.77,80.6,357.9,0.0,0.0,0.0,0.0,0.0,Unknown
36.1600_-0.9200,36.16,-0.92,19.78,80.69,328.8,0.0,0.0,0.0,0.0,0.0,Unknown
36.1600_-0.8400,36.16,-0.84,19.71,80.85,345.6,0.0,0.0,0.0,0.0,0.0,Unknown
36.1600_-0.7600,36.16,-0.76,19.71,80.85,345.6,0.0,0.0,0.0,0.0,0.0,Unknown
36.1600_-0.6800,36.16,-0.68,19.63,80.81,376.5,0.0,0.0,0.0,0.0,0.0,Unknown
36.1600_-0.6000,36.16,-0.6,19.66,80.52,395.7,0.0,0.0,0.0,0.0,0.0,Unknown
36.1600_-0.5200,36.16,-0.52,19.69,80.38,418.8,0.0,0.0,0.0,0.0,0.0,Unknown
36.1600_-0.4400,36.16,-0.44,19.69,80.38,418.8,0.0,0.0,0.0,0.0,0.0,Unknown
36.1600_-0.3600,36.16,-0.36,19.61,80.38,457.8,0.0,0.0,0.0,0.0,0.0,Unknown
36.1600_-0.2800,36.16,-0.28,19.51,80.21,494.6,0.0,0.0,0.0,0.0,0.0,Unknown
36.1600_-0.2000,36.16,-0.2,19.51,80.19,496.6,0.0,0.0,0.0,0.0,0.0,Unknown
36.1600_-0.1200,36.16,-0.12,19.46,80.14,514.9,0.0,0.0,0.0,0.0,0.0,Unknown
36.1600_-0.0400,36.16,-0.04,19.4,80.12,556.3,0.0,0.0,0.0,0.0,0.0,Unknown
36.1600_0.0400,36.16,0.04,19.4,80.12,556.3,0.0,0.0,0.0,0.0,0.0,Unknown
36.1600_0.1200,36.16,0.12,19.65,70.12,578.7,0.0,0.0,0.0,0.0,0.0,Unknown
36.1600_0.2000,36.16,0.2,19.65,70.12,578.7,0.0,0.0,0.0,0.0,0.0,Unknown
36.1600_0.2800,36.16,0.28,19.65,70.12,578.7,0.0,0.0,0.0,0.0,0.0,Unknown
36.1600_0.3600,36.16,0.36,19.08,68.99,611.7,7.3,9.9,4.95,14.96,13.8,Silt
36.1600_0.4400,36.16,0.44,18.87,66.38,568.6,7.7,9.4,4.7,18.8,7.4,Silt
36.1600_0.5200,36.16,0.52,18.46,63.36,591.5,7.7,9.8,4.9,18.64,12.1,Silt
36.1600_0.6000,36.16,0.6,18.74,63.42,591.5,7.7,11.0,5.5,18.56,12.6,Clay
36.1600_0.6800,36.16,0.68,18.61,61.17,671.1,7.7,9.5,4.75,19.52,10.1,Silt
36.1600_0.7600,36.16,0.76,18.63,59.91,606.2,7.7,10.1,5.05,19.12,11.8,Silt
36.1600_0.8400,36.16,0.84,19.37,60.05,606.2,7.7,10.0,5.0,19.68,10.1,Silt
36.1600_0.9200,36.16,0.92,17.75,57.48,492.9,7.6,9.9,4.95,17.12,12.6,Silt
36.1600_1.0000,36.16,1.0,18.25,57.58,492.9,7.7,9.7,4.85,18.48,11.0,Silt
36.1600_1.0800,36.16,1.08,19.79,57.21,437.3,7.9,9.3,4.65,20.24,11.5,Silt
36.1600_1.1600,36.16,1.16,20.07,59.08,458.7,7.9,10.6,5.3,16.56,9.6,Silt
36.1600_1.2400,36.16,1.24,20.12,59.18,499.7,7.9,8.9,4.45,16.72,13.2,Silt
36.1600_1.3200,36.16,1.32,20.12,59.18,499.7,0.0,0.0,0.0,0.0,0.0,Unknown
36.1600_1.4000,36.16,1.4,20.1,57.69,585.9,7.9,9.8,4.9,18.88,10.0,Silt
36.1600_1.4800,36.16,1.48,20.12,56.89,563.1,7.9,11.3,5.65,18.64,9.0,Silt
36.1600_1.5600,36.16,1.56,20.12,56.89,563.1,7.9,9.6,4.8,19.36,10.8,Silt
36.1600_1.6400,36.16,1.64,20.12,56.43,531.6,7.7,9.5,4.75,16.96,10.6,Clay
36.1600_1.7200,36.16,1.72,19.96,56.48,580.7,7.8,10.8,5.4,17.2,10.0,Clay
36.1600_1.8000,36.16,1.8,19.96,56.48,580.7,7.7,9.6,4.8,16.56,9.4,Clay
36.1600_1.8800,36.16,1.88,19.63,57.45,595.4,7.7,9.4,4.7,17.52,9.9,Silt
36.1600_1.9600,36.16,1.96,19.42,58.42,578.0,7.5,10.8,5.4,16.64,14.2,Silt
36.1600_2.0400,36.16,2.04,19.42,58.42,578.0,7.3,10.5,5.25,15.68,11.6,Silt
36.1600_2.1200,36.16,2.12,19.35,60.45,537.1,7.4,9.1,4.55,15.68,9.9,Clay
36.1600_2.2000,36.16,2.2,19.2,60.79,578.7,7.4,9.5,4.75,15.44,9.5,Clay
36.1600_2.2800,36.16,2.28,18.67,62.29,577.5,7.5,8.6,4.3,15.92,8.8,Silt
36.1600_2.3600,36.16,2.36,18.67,62.29,577.5,7.2,10.0,5.0,17.12,10.5,Clay
36.1600_2.4400,36.16,2.44,18.05,63.24,595.1,7.1,10.3,5.15,16.4,10.4,Clay
36.1600_2.5200,36.16,2.52,17.58,64.6,694.3,7.1,11.0,5.5,16.64,10.4,Clay
36.1600_2.6000,36.16,2.6,17.58,64.6,694.3,6.6,11.3,5.65,14.64,14.6,Silt
36.1600_2.6800,36.16,2.68,16.05,62.63,765.6,6.9,11.2,5.6,15.04,16.3,Silt
36.1600_2.7600,36.16,2.76,16.08,61.13,774.5,6.9,14.7,7.35,16.16,17.1,Silt
36.1600_2.8400,36.16,2.84,16.08,61.13,774.5,6.3,14.0,7.0,13.76,27.2,Clay
36.1600_2.9200,36.16,2.92,15.54,62.12,702.3,6.7,11.8,5.9,13.28,25.1,Clay
36.1600_3.0000,36.16,3.0,16.16,60.75,637.7,6.6,11.0,5.5,14.96,13.3,Clay
36.1600_3.0800,36.16,3.08,16.16,60.75,637.7,7.1,10.7,5.35,13.92,12.2,Silt
36.1600_3.1600,36.16,3.16,16.88,60.21,577.1,7.4,10.1,5.05,16.16,10.3,Silt
36.1600_3.2400,36.16,3.24,16.03,59.27,644.5,7.3,10.1,5.05,13.84,12.1,Silt
36.1600_3.3200,36.16,3.32,17.12,58.84,678.3,7.6,9.6,4.8,14.48,10.2,Clay
36.1600_3.4000,36.16,3.4,15.43,60.27,672.5,6.9,11.1,5.55,12.72,12.4,Silt
36.1600_3.4800,36.16,3.48,14.38,61.28,699.2,7.0,13.5,6.75,12.72,23.4,Clay
36.1600_3.5600,36.16,3.56,14.98,63.17,746.6,7.0,13.4,6.7,13.04,21.7,Clay
36.1600_3.6400,36.16,3.64,15.14,63.22,746.6,6.8,12.6,6.3,12.48,20.5,Silt
36.1600_3.7200,36.16,3.72,15.54,61.22,713.7,7.1,10.0,5.0,13.84,12.2,Silt
36.1600_3.8000,36.16,3.8,16.55,60.36,623.4,7.0,10.1,5.05,14.96,14.2,Silt
36.1600_3.8800,36.16,3.88,17.34,60.53,623.4,7.4,10.6,5.3,13.36,12.3,Clay
36.1600_3.9600,36.16,3.96,15.38,61.11,640.7,6.9,12.0,6.0,12.8,15.1,Silt
36.1600_4.0400,36.16,4.04,15.99,60.33,730.8,7.0,10.6,5.3,13.12,16.6,Clay
36.1600_4.1200,36.16,4.12,15.99,60.33,730.8,7.0,10.7,5.35,12.4,13.7,Silt
36.1600_4.2000,36.16,4.2,15.05,62.17,702.2,6.8,12.4,6.2,12.32,17.4,Silt
36.1600_4.2800,36.16,4.28,17.55,57.78,540.2,7.1,10.5,5.25,14.24,13.6,Clay
36.1600_4.3600,36.16,4.36,18.33,57.9,540.2,7.7,9.5,4.75,16.88,9.6,Clay
36.1600_4.4400,36.16,4.44,17.75,59.03,547.3,7.8,9.7,4.85,14.72,12.5,Clay
36.1600_4.5200,36.16,4.52,17.05,58.88,547.3,7.2,10.1,5.05,13.84,11.6,Clay
36.1600_4.6000,36.16,4.6,12.22,61.73,706.9,6.6,13.2,6.6,12.0,17.3,Silt
36.1600_4.6800,36.16,4.68,14.47,63.91,674.8,7.3,12.3,6.15,14.08,13.9,Silt
36.1600_4.7600,36.16,4.76,12.7,61.53,518.7,7.1,12.7,6.35,14.56,16.3,Clay
36.1600_4.8400,36.16,4.84,15.25,61.99,518.7,7.8,8.8,4.4,14.08,8.9,Clay
36.1600_4.9200,36.16,4.92,15.22,62.49,457.6,7.8,9.2,4.6,14.88,9.1,Clay
36.1600_5.0000,36.16,5.0,14.77,63.57,509.6,7.8,10.1,5.05,15.44,9.0,Clay
36.1600_5.0800,36.16,5.08,14.77,63.57,509.6,7.6,10.3,5.15,16.56,9.9,Clay
36.1600_5.1600,36.16,5.16,15.46,64.98,496.1,0.0,0.0,0.0,0.0,0.0,Unknown
36.1600_5.2400,36.16,5.24,14.85,62.35,456.7,7.7,10.4,5.2,13.84,10.5,Silt
36.1600_5.3200,36.16,5.32,14.51,61.93,499.2,7.7,10.2,5.1,14.4,8.1,Silt
36.1600_5.4000,36.16,5.4,14.51,61.93,499.2,7.6,10.1,5.05,14.32,9.6,Silt
36.1600_5.4800,36.16,5.48,14.28,62.36,540.9,7.8,10.5,5.25,13.68,10.0,Silt
36.1600_5.5600,36.16,5.56,14.51,62.67,500.6,7.6,11.2,5.6,13.84,8.4,Clay
36.1600_5.6400,36.16,5.64,15.23,62.82,500.6,7.4,10.5,5.25,15.52,11.0,Silt
36.1600_5.7200,36.16,5.72,14.59,63.13,482.0,7.3,10.5,5.25,13.68,9.8,Silt
36.1600_5.8000,36.16,5.8,14.58,62.94,466.4,7.1,11.3,5.65,14.24,10.2,Silt
36.1600_5.8800,36.16,5.88,14.58,62.94,466.4,7.2,9.5,4.75,12.96,9.7,Clay
36.1600_5.9600,36.16,5.96,14.98,63.01,483.3,7.1,10.9,5.45,13.92,10.2,Clay
36.1600_6.0400,36.16,6.04,15.56,62.55,445.3,7.3,8.8,4.4,13.36,8.3,Clay
36.1600_6.1200,36.16,6.12,15.56,62.55,445.3,7.4,8.8,4.4,16.48,10.6,Clay
36.1600_6.2000,36.16,6.2,15.8,63.16,437.3,7.3,9.9,4.95,14.48,10.1,Clay
36.1600_6.2800,36.16,6.28,14.23,64.16,430.8,7.2,10.2,5.1,13.52,13.9,Clay
36.1600_6.3600,36.16,6.36,15.55,64.41,430.8,7.4,9.6,4.8,13.84,10.7,Clay
36.1600_6.4400,36.16,6.44,15.66,64.12,459.5,7.5,9.6,4.8,15.92,9.2,Clay
36.1600_6.5200,36.16,6.52,15.03,63.64,477.0,7.3,10.4,5.2,14.88,10.8,Clay
36.1600_6.6000,36.16,6.6,15.06,63.64,477.0,7.4,10.9,5.45,14.8,10.5,Silt
36.1600_6.6800,36.16,6.68,15.94,63.16,481.1,7.6,11.1,5.55,17.04,12.3,Clay
36.1600_6.7600,36.16,6.76,15.62,63.81,510.5,7.3,10.3,5.15,16.56,12.3,Clay
36.1600_6.8400,36.16,6.84,15.21,65.04,526.4,7.2,10.5,5.25,16.16,13.9,Clay
36.1600_6.9200,36.16,6.92,15.21,65.04,526.4,7.2,11.0,5.5,14.24,13.1,Silt
36.1600_7.0000,36.16,7.0,15.15,65.42,522.7,7.1,12.5,6.25,13.2,12.7,Silt
36.1600_7.0800,36.16,7.08,15.27,66.36,498.0,7.2,10.0,5.0,16.64,11.3,Silt
36.1600_7.1600,36.16,7.16,15.27,66.36,498.0,7.4,10.6,5.3,17.28,9.7,Clay
36.1600_7.2400,36.16,7.24,15.28,67.14,476.2,7.3,10.6,5.3,17.52,10.4,Silt
36.1600_7.3200,36.16,7.32,14.93,67.16,497.0,7.2,10.9,5.45,16.56,11.8,Clay
36.1600_7.4000,36.16,7.4,14.93,67.16,497.0,7.0,11.2,5.6,13.2,14.4,Silt
36.1600_7.4800,36.16,7.48,13.27,66.53,561.3,7.0,12.8,6.4,12.24,15.4,Clay
36.1600_7.5600,36.16,7.56,15.01,65.05,436.6,7.2,11.6,5.8,14.96,10.7,Silt
36.1600_7.6400,36.16,7.64,14.29,67.13,657.2,7.2,11.5,5.75,14.0,12.8,Silt
36.1600_7.7200,36.16,7.72,14.7,66.81,655.7,7.3,12.4,6.2,14.32,10.8,Silt
36.1600_7.8000,36.16,7.8,15.16,65.81,592.2,7.0,12.6,6.3,13.84,13.6,Silt
36.1600_7.8800,36.16,7.88,16.08,65.24,543.6,7.2,11.3,5.65,14.0,15.5,Silt
36.1600_7.9600,36.16,7.96,15.63,65.16,543.6,6.9,11.7,5.85,13.6,13.6,Clay
36.1600_8.0400,36.16,8.04,15.01,65.43,558.8,7.1,11.9,5.95,14.0,13.5,Silt
36.1600_8.1200,36.16,8.12,15.96,65.61,558.8,7.1,11.1,5.55,16.08,12.0,Clay
36.1600_8.2000,36.16,8.2,16.15,65.43,519.3,7.1,11.4,5.7,15.76,13.2,Clay
36.1600_8.2800,36.16,8.28,16.54,63.72,531.4,7.2,10.5,5.25,16.64,13.3,Clay
36.1600_8.3600,36.16,8.36,17.22,62.65,552.2,7.3,11.0,5.5,17.52,11.5,Clay
36.1600_8.4400,36.16,8.44,17.89,62.77,552.2,7.4,10.5,5.25,17.76,9.0,Clay
36.1600_8.5200,36.16,8.52,18.78,63.31,493.2,7.8,12.4,6.2,17.52,11.2,Clay
36.1600_8.6000,36.16,8.6,17.53,63.14,481.5,7.8,10.3,5.15,16.96,11.0,Clay
36.1600_8.6800,36.16,8.68,17.53,63.14,481.5,7.9,10.1,5.05,17.28,11.6,Clay
36.2400_-2.2000,36.24,-2.2,19.48,81.11,335.3,0.0,0.0,0.0,0.0,0.0,Unknown
36.2400_-2.1200,36.24,-2.12,19.56,81.1,339.2,0.0,0.0,0.0,0.0,0.0,Unknown
36.2400_-2.0400,36.24,-2.04,19.61,81.04,316.4,0.0,0.0,0.0,0.0,0.0,Unknown
36.2400_-1.9600,36.24,-1.96,19.61,81.04,316.4,0.0,0.0,0.0,0.0,0.0,Unknown
36.2400_-1.8800,36.24,-1.88,19.64,80.92,323.9,0.0,0.0,0.0,0.0,0.0,Unknown
36.2400_-1.8000,36.24,-1.8,19.67,80.91,316.2,0.0,0.0,0.0,0.0,0.0,Unknown
36.2400_-1.7200,36.24,-1.72,19.67,80.91,316.2,0.0,0.0,0.0,0.0,0.0,Unknown
36.2400_-1.6400,36.24,-1.64,19.68,80.93,308.2,0.0,0.0,0.0,0.0,0.0,Unknown
36.2400_-1.5600,36.24,-1.56,19.67,80.93,326.7,0.0,0.0,0.0,0.0,0.0,Unknown
36.2400_-1.4800,36.24,-1.48,19.67,80.93,326.7,0.0,0.0,0.0,0.0,0.0,Unknown
36.2400_-1.4000,36.24,-1.4,19.67,80.96,322.8,0.0,0.0,0.0,0.0,0.0,Unknown
36.2400_-1.3200,36.24,-1.32,19.69,80.87,337.2,0.0,0.0,0.0,0.0,0.0,Unknown
36.2400_-1.2400,36.24,-1.24,19.69,80.87,337.2,0.0,0.0,0.0,0.0,0.0,Unknown
36.2400_-1.1600,36.24,-1.16,19.7,80.73,365.9,0.0,0.0,0.0,0.0,0.0,Unknown
36.2400_-1.0800,36.24,-1.08,19.71,80.58,380.6,0.0,0.0,0.0,0.0,0.0,Unknown
36.2400_-1.0000,36.24,-1.0,19.71,80.58,380.6,0.0,0.0,0.0,0.0,0.0,Unknown
36.2400_-0.9200,36.24,-0.92,19.76,80.52,349.4,0.0,0.0,0.0,0.0,0.0,Unknown
36.2400_-0.8400,36.24,-0.84,19.77,80.66,360.1,0.0,0.0,0.0,0.0,0.0,Unknown
36.2400_-0.7600,36.24,-0.76,19.7,80.77,403.9,0.0,0.0,0.0,0.0,0.0,Unknown
36.2400_-0.6800,36.24,-0.68,19.7,80.77,403.9,0.0,0.0,0.0,0.0,0.0,Unknown
36.2400_-0.6000,36.24,-0.6,19.66,80.65,414.0,0.0,0.0,0.0,0.0,0.0,Unknown
36.2400_-0.5200,36.24,-0.52,19.67,80.51,416.9,0.0,0.0,0.0,0.0,0.0,Unknown
36.2400_-0.4400,36.24,-0.44,19.67,80.51,416.9,0.0,0.0,0.0,0.0,0.0,Unknown
36.2400_-0.3600,36.24,-0.36,19.65,80.4,456.2,0.0,0.0,0.0,0.0,0.0,Unknown
36.2400_-0.2800,36.24,-0.28,19.62,80.2,466.7,0.0,0.0,0.0,0.0,0.0,Unknown
36.2400_-0.2000,36.24,-0.2,19.62,80.2,466.7,0.0,0.0,0.0,0.0,0.0,Unknown
36.2400_-0.1200,36.24,-0.12,19.6,80.01,466.3,0.0,0.0,0.0,0.0,0.0,Unknown
36.2400_-0.0400,36.24,-0.04,19.55,80.03,526.4,0.0,0.0,0.0,0.0,0.0,Unknown
36.2400_0.0400,36.24,0.04,19.56,80.04,527.5,0.0,0.0,0.0,0.0,0.0,Unknown
36.2400_0.1200,36.24,0.12,19.43,79.98,611.7,0.0,0.0,0.0,0.0,0.0,Unknown
36.2400_0.2000,36.24,0.2,19.73,69.11,611.7,0.0,0.0,0.0,0.0,0.0,Unknown
36.2400_0.2800,36.24,0.28,19.73,69.11,611.7,0.0,0.0,0.0,0.0,0.0,Unknown
36.2400_0.3600,36.24,0.36,19.73,69.11,611.7,0.0,0.0,0.0,0.0,0.0,Unknown
36.2400_0.4400,36.24,0.44,18.95,75.73,652.1,0.0,0.0,0.0,0.0,0.0,Unknown
36.2400_0.5200,36.24,0.52,18.95,75.73,652.1,7.1,10.9,5.45,14.48,16.0,Clay
36.2400_0.6000,36.24,0.6,19.11,65.02,647.0,7.8,9.1,4.55,16.48,13.1,Silt
36.2400_0.6800,36.24,0.68,18.83,62.98,626.6,7.7,10.2,5.1,19.76,11.3,Silt
36.2400_0.7600,36.24,0.76,17.66,61.35,652.4,7.6,12.1,6.05,16.56,13.7,Silt
36.2400_0.8400,36.24,0.84,18.48,61.5,652.4,7.7,10.5,5.25,18.48,13.0,Silt
36.2400_0.9200,36.24,0.92,18.46,59.77,642.8,7.7,9.7,4.85,20.88,10.9,Silt
36.2400_1.0000,36.24,1.0,18.95,59.01,563.8,7.8,9.0,4.5,16.64,13.3,Silt
36.2400_1.0800,36.24,1.08,19.76,59.16,563.8,7.8,9.8,4.9,19.84,11.8,Silt
36.2400_1.1600,36.24,1.16,17.89,59.32,459.0,7.7,10.0,5.0,18.56,12.7,Silt
36.2400_1.2400,36.24,1.24,19.58,58.84,502.8,8.0,10.3,5.15,18.32,9.7,Silt
36.2400_1.3200,36.24,1.32,18.06,58.49,502.8,7.7,9.0,4.5,17.76,12.8,Silt
36.2400_1.4000,36.24,1.4,20.21,58.2,572.2,8.0,9.9,4.95,18.24,10.8,Silt
36.2400_1.4800,36.24,1.48,19.6,57.86,557.1,7.9,10.0,5.0,18.48,11.2,Silt
36.2400_1.5600,36.24,1.56,19.6,57.86,557.1,7.8,9.6,4.8,18.32,10.0,Silt
36.2400_1.6400,36.24,1.64,19.9,57.7,510.6,7.8,9.1,4.55,16.72,8.3,Clay
36.2400_1.7200,36.24,1.72,19.87,57.15,556.4,7.8,9.6,4.8,17.52,9.6,Silt
36.2400_1.8000,36.24,1.8,19.87,57.15,556.4,7.8,8.6,4.3,18.32,9.9,Silt
36.2400_1.8800,36.24,1.88,19.56,57.54,607.6,7.5,9.4,4.7,16.64,8.6,Clay
36.2400_1.9600,36.24,1.96,17.99,57.77,622.6,6.8,12.2,6.1,15.28,13.2,Silt
36.2400_2.0400,36.24,2.04,19.22,58.01,622.6,7.5,9.3,4.65,17.84,10.4,Silt
36.2400_2.1200,36.24,2.12,18.89,58.17,634.5,7.6,8.5,4.25,15.84,8.5,Silt
36.2400_2.2000,36.24,2.2,19.37,59.18,607.2,7.5,9.2,4.6,13.84,12.8,Clay
36.2400_2.2800,36.24,2.28,19.27,59.16,607.2,7.4,9.7,4.85,17.12,10.7,Silt
36.2400_2.3600,36.24,2.36,17.92,63.34,570.6,7.1,9.6,4.8,16.4,11.0,Silt
36.2400_2.4400,36.24,2.44,17.51,66.16,575.5,7.1,10.5,5.25,17.12,11.3,Silt
36.2400_2.5200,36.24,2.52,17.22,65.49,712.5,6.9,10.2,5.1,14.32,12.4,Silt
36.2400_2.6000,36.24,2.6,15.84,65.18,712.5,6.9,11.4,5.7,15.2,22.1,Clay
36.2400_2.6800,36.24,2.68,17.49,63.6,825.6,6.6,11.7,5.85,16.64,19.1,Clay
36.2400_2.7600,36.24,2.76,16.37,63.4,825.6,6.9,13.5,6.75,16.88,18.0,Silt
36.2400_2.8400,36.24,2.84,15.42,63.5,880.4,6.8,13.6,6.8,16.64,20.1,Silt
36.2400_2.9200,36.24,2.92,13.98,63.33,772.5,6.7,12.6,6.3,14.24,23.0,Silt
36.2400_3.0000,36.24,3.0,15.79,62.3,639.4,6.8,11.8,5.9,15.76,19.6,Silt
36.2400_3.0800,36.24,3.08,17.11,61.1,635.2,7.0,11.5,5.75,15.52,11.7,Clay
36.2400_3.1600,36.24,3.16,16.86,61.06,635.2,7.2,11.7,5.85,16.56,10.4,Clay
36.2400_3.2400,36.24,3.24,17.5,60.06,608.1,7.2,10.0,5.0,15.76,10.1,Silt
36.2400_3.3200,36.24,3.32,17.5,60.06,608.1,7.5,9.3,4.65,16.56,9.7,Clay
36.2400_3.4000,36.24,3.4,17.44,59.41,628.2,7.3,9.2,4.6,15.84,10.4,Silt
36.2400_3.4800,36.24,3.48,17.85,60.85,635.1,7.3,10.3,5.15,16.88,11.5,Clay
36.2400_3.5600,36.24,3.56,17.13,61.93,586.8,7.3,10.9,5.45,15.2,12.0,Clay
36.2400_3.6400,36.24,3.64,17.23,61.41,675.8,7.1,9.9,4.95,14.56,11.4,Clay
36.2400_3.7200,36.24,3.72,17.11,60.81,677.4,7.2,9.5,4.75,14.8,10.3,Clay
36.2400_3.8000,36.24,3.8,17.09,59.45,572.0,7.1,9.7,4.85,15.68,11.9,Silt
36.2400_3.8800,36.24,3.88,16.52,59.35,572.0,7.0,10.1,5.05,15.68,11.3,Silt
36.2400_3.9600,36.24,3.96,17.86,58.64,520.8,7.2,10.2,5.1,16.08,13.2,Silt
36.2400_4.0400,36.24,4.04,17.71,58.5,630.3,7.1,9.6,4.8,14.96,10.5,Clay
36.2400_4.1200,36.24,4.12,16.74,58.29,630.3,6.9,12.0,6.0,13.52,17.5,Silt
36.2400_4.2000,36.24,4.2,18.23,57.9,603.1,7.3,9.2,4.6,14.4,16.4,Clay
36.2400_4.2800,36.24,4.28,18.07,57.86,603.1,7.5,9.5,4.75,14.24,14.9,Clay
36.2400_4.3600,36.24,4.36,18.13,56.64,576.4,7.5,9.9,4.95,14.88,11.8,Clay
36.2400_4.4400,36.24,4.44,17.97,57.22,544.4,7.6,9.7,4.85,16.08,13.4,Clay
36.2400_4.5200,36.24,4.52,15.83,61.35,644.6,7.0,12.6,6.3,12.32,20.4,Silt
36.2400_4.6000,36.24,4.6,13.93,61.01,644.6,6.8,13.8,6.9,11.44,20.6,Silt
36.2400_4.6800,36.24,4.68,15.55,64.94,750.8,7.5,11.5,5.75,14.96,13.0,Silt
36.2400_4.7600,36.24,4.76,16.54,64.44,617.5,7.8,9.5,4.75,15.44,13.0,Clay
36.2400_4.8400,36.24,4.84,15.66,64.28,617.5,7.7,9.3,4.65,15.36,12.3,Clay
36.2400_4.9200,36.24,4.92,15.59,64.97,524.7,7.7,10.2,5.1,15.92,10.9,Clay
36.2400_5.0000,36.24,5.0,14.51,65.28,542.8,7.5,11.5,5.75,14.88,11.7,Silt
36.2400_5.0800,36.24,5.08,15.62,65.48,542.8,7.4,10.7,5.35,14.64,11.1,Clay
36.2400_5.1600,36.24,5.16,14.46,65.63,499.3,7.3,11.2,5.6,15.76,14.3,Clay
36.2400_5.2400,36.24,5.24,14.31,64.28,515.0,7.5,10.5,5.25,13.92,11.2,Silt
36.2400_5.3200,36.24,5.32,13.92,63.25,549.7,7.5,11.4,5.7,12.56,12.0,Clay
36.2400_5.4000,36.24,5.4,14.76,63.42,549.7,7.6,11.9,5.95,13.68,13.5,Silt
36.2400_5.4800,36.24,5.48,14.21,63.14,560.1,7.2,12.9,6.45,12.16,11.5,Clay
36.2400_5.5600,36.24,5.56,14.56,63.63,541.0,7.1,11.7,5.85,12.48,15.4,Clay
36.2400_5.6400,36.24,5.64,15.73,63.82,541.0,7.2,11.6,5.8,14.24,11.6,Silt
36.2400_5.7200,36.24,5.72,14.41,64.57,609.3,7.0,12.0,6.0,12.88,11.7,Silt
36.2400_5.8000,36.24,5.8,13.5,64.16,618.8,6.9,12.0,6.0,13.44,15.4,Clay
36.2400_5.8800,36.24,5.88,14.35,64.3,618.8,6.8,12.2,6.1,12.4,12.8,Clay
36.2400_5.9600,36.24,5.96,14.83,63.89,596.8,6.8,11.6,5.8,13.28,12.6,Silt
36.2400_6.0400,36.24,6.04,15.25,63.82,543.8,6.9,10.5,5.25,14.32,11.9,Silt
36.2400_6.1200,36.24,6.12,15.25,63.82,543.8,7.1,11.6,5.8,15.92,12.0,Clay
36.2400_6.2000,36.24,6.2,15.07,65.03,504.8,7.0,9.9,4.95,15.28,13.8,Silt
36.2400_6.2800,36.24,6.28,15.81,66.57,543.8,7.2,9.9,4.95,15.04,14.4,Clay
36.2400_6.3600,36.24,6.36,16.09,66.61,543.8,7.2,10.2,5.1,16.24,11.0,Clay
36.2400_6.4400,36.24,6.44,16.17,65.65,513.5,7.3,9.9,4.95,16.32,9.7,Silt
36.2400_6.5200,36.24,6.52,15.9,64.84,507.4,7.4,11.1,5.55,16.4,9.2,Clay
36.2400_6.6000,36.24,6.6,15.9,64.84,507.4,7.3,10.9,5.45,18.48,14.4,Silt
36.2400_6.6800,36.24,6.68,16.73,64.83,488.6,7.5,11.3,5.65,17.12,12.6,Clay
36.2400_6.7600,36.24,6.76,16.39,65.53,498.3,7.2,10.9,5.45,17.44,9.8,Clay
36.2400_6.8400,36.24,6.84,15.48,65.34,498.3,7.1,12.2,6.1,15.44,15.1,Clay
36.2400_6.9200,36.24,6.92,15.25,65.76,501.7,7.0,10.5,5.25,15.76,15.3,Silt
36.2400_7.0000,36.24,7.0,15.15,66.8,524.0,7.1,9.9,4.95,16.64,12.5,Clay
36.2400_7.0800,36.24,7.08,15.15,66.8,524.0,7.2,11.2,5.6,17.84,11.8,Clay
36.2400_7.1600,36.24,7.16,14.53,67.46,535.4,7.1,11.1,5.55,16.08,12.6,Silt
36.2400_7.2400,36.24,7.24,14.93,68.81,567.7,7.1,11.1,5.55,15.52,12.3,Silt
36.2400_7.3200,36.24,7.32,16.02,68.98,567.7,7.3,10.4,5.2,16.0,11.3,Clay
36.2400_7.4000,36.24,7.4,15.47,68.29,625.5,7.1,10.7,5.35,14.88,12.3,Silt
36.2400_7.4800,36.24,7.48,12.8,67.32,751.5,6.7,15.3,7.65,14.4,20.0,Silt
36.2400_7.5600,36.24,7.56,14.04,66.92,814.9,6.8,13.4,6.7,15.6,18.9,Silt
36.2400_7.6400,36.24,7.64,14.77,67.04,814.9,6.8,12.5,6.25,15.68,14.5,Silt
36.2400_7.7200,36.24,7.72,15.09,67.11,770.6,7.0,12.4,6.2,15.92,14.0,Silt
36.2400_7.8000,36.24,7.8,15.08,67.83,733.3,6.9,11.6,5.8,15.2,13.4,Silt
36.2400_7.8800,36.24,7.88,15.08,67.83,733.3,6.8,11.9,5.95,14.16,16.1,Silt
36.2400_7.9600,36.24,7.96,16.83,68.38,648.6,6.8,11.6,5.8,16.8,15.3,Clay
36.2400_8.0400,36.24,8.04,15.51,68.26,572.0,6.8,11.4,5.7,16.32,14.5,Clay
36.2400_8.1200,36.24,8.12,15.51,68.26,572.0,6.8,14.3,7.15,14.56,14.9,Silt
36.2400_8.2000,36.24,8.2,15.74,67.09,548.3,6.9,13.1,6.55,15.28,14.6,Silt
36.2400_8.2800,36.24,8.28,16.65,65.91,628.5,6.9,11.9,5.95,15.84,13.8,Silt
36.2400_8.3600,36.24,8.36,15.77,65.78,628.5,6.3,12.3,6.15,14.24,14.5,Silt
36.2400_8.4400,36.24,8.44,15.0,64.59,660.2,6.6,13.4,6.7,13.44,17.3,Clay
36.2400_8.5200,36.24,8.52,17.26,64.56,568.8,7.3,11.8,5.9,16.0,12.6,Clay
36.2400_8.6000,36.24,8.6,18.74,64.44,523.9,7.5,11.8,5.9,16.64,13.0,Clay
36.2400_8.6800,36.24,8.68,18.15,64.28,523.9,7.5,9.2,4.6,16.64,12.8,Clay
36.3200_-2.2000,36.32,-2.2,19.39,80.97,324.5,0.0,0.0,0.0,0.0,0.0,Unknown
36.3200_-2.1200,36.32,-2.12,19.45,81.12,333.6,0.0,0.0,0.0,0.0,0.0,Unknown
36.3200_-2.0400,36.32,-2.04,19.5,81.18,350.9,0.0,0.0,0.0,0.0,0.0,Unknown
36.3200_-1.9600,36.32,-1.96,19.5,81.18,350.9,0.0,0.0,0.0,0.0,0.0,Unknown
36.3200_-1.8800,36.32,-1.88,19.55,81.06,324.2,0.0,0.0,0.0,0.0,0.0,Unknown
36.3200_-1.8000,36.32,-1.8,19.62,80.84,289.2,0.0,0.0,0.0,0.0,0.0,Unknown
36.3200_-1.7200,36.32,-1.72,19.62,80.84,289.2,0.0,0.0,0.0,0.0,0.0,Unknown
36.3200_-1.6400,36.32,-1.64,19.68,80.78,291.8,0.0,0.0,0.0,0.0,0.0,Unknown
36.3200_-1.5600,36.32,-1.56,19.68,80.87,305.4,0.0,0.0,0.0,0.0,0.0,Unknown
36.3200_-1.4800,36.32,-1.48,19.68,80.87,305.4,0.0,0.0,0.0,0.0,0.0,Unknown
36.3200_-1.4000,36.32,-1.4,19.68,80.88,322.2,0.0,0.0,0.0,0.0,0.0,Unknown
36.3200_-1.3200,36.32,-1.32,19.71,80.84,314.9,0.0,0.0,0.0,0.0,0.0,Unknown
36.3200_-1.2400,36.32,-1.24,19.71,80.84,314.9,0.0,0.0,0.0,0.0,0.0,Unknown
36.3200_-1.1600,36.32,-1.16,19.69,80.85,330.3,0.0,0.0,0.0,0.0,0.0,Unknown
36.3200_-1.0800,36.32,-1.08,19.64,80.82,361.8,0.0,0.0,0.0,0.0,0.0,Unknown
36.3200_-1.0000,36.32,-1.0,19.64,80.82,361.8,0.0,0.0,0.0,0.0,0.0,Unknown
36.3200_-0.9200,36.32,-0.92,19.66,80.66,373.3,0.0,0.0,0.0,0.0,0.0,Unknown
36.3200_-0.8400,36.32,-0.84,19.72,80.62,376.2,0.0,0.0,0.0,0.0,0.0,Unknown
36.3200_-0.7600,36.32,-0.76,19.7,80.72,401.7,0.0,0.0,0.0,0.0,0.0,Unknown
36.3200_-0.6800,36.32,-0.68,19.7,80.72,401.7,0.0,0.0,0.0,0.0,0.0,Unknown
36.3200_-0.6000,36.32,-0.6,19.65,80.68,457.9,0.0,0.0,0.0,0.0,0.0,Unknown
36.3200_-0.5200,36.32,-0.52,19.65,80.62,438.8,0.0,0.0,0.0,0.0,0.0,Unknown
36.3200_-0.4400,36.32,-0.44,19.65,80.62,438.8,0.0,0.0,0.0,0.0,0.0,Unknown
36.3200_-0.3600,36.32,-0.36,19.66,80.49,415.2,0.0,0.0,0.0,0.0,0.0,Unknown
36.3200_-0.2800,36.32,-0.28,19.67,80.25,439.0,0.0,0.0,0.0,0.0,0.0,Unknown
36.3200_-0.2000,36.32,-0.2,19.67,80.25,439.0,0.0,0.0,0.0,0.0,0.0,Unknown
36.3200_-0.1200,36.32,-0.12,19.68,80.07,427.1,0.0,0.0,0.0,0.0,0.0,Unknown
36.3200_-0.0400,36.32,-0.04,19.66,79.92,477.6,0.0,0.0,0.0,0.0,0.0,Unknown
36.3200_0.0400,36.32,0.04,19.66,79.92,477.6,0.0,0.0,0.0,0.0,0.0,Unknown
36.3200_0.1200,36.32,0.12,19.57,79.76,518.7,0.0,0.0,0.0,0.0,0.0,Unknown
36.3200_0.2000,36.32,0.2,19.47,79.88,573.1,0.0,0.0,0.0,0.0,0.0,Unknown
36.3200_0.2800,36.32,0.28,19.47,79.88,573.1,0.0,0.0,0.0,0.0,0.0,Unknown
36.3200_0.3600,36.32,0.36,19.56,75.83,652.1,0.0,0.0,0.0,0.0,0.0,Unknown
36.3200_0.4400,36.32,0.44,19.56,75.83,652.1,0.0,0.0,0.0,0.0,0.0,Unknown
36.3200_0.5200,36.32,0.52,19.56,75.83,652.1,0.0,0.0,0.0,0.0,0.0,Unknown
36.3200_0.6000,36.32,0.6,20.38,65.26,647.0,0.0,0.0,0.0,0.0,0.0,Unknown
36.3200_0.6800,36.32,0.68,19.33,65.17,685.9,7.8,10.4,5.2,17.36,10.4,Silt
36.3200_0.7600,36.32,0.76,19.33,65.17,685.9,7.2,10.2,5.1,16.48,12.6,Silt
36.3200_0.8400,36.32,0.84,17.7,61.75,703.8,6.9,11.9,5.95,15.44,15.5,Clay
36.3200_0.9200,36.32,0.92,19.28,61.28,686.5,7.1,10.3,5.15,16.32,12.2,Silt
36.3200_1.0000,36.32,1.0,18.16,61.48,665.8,7.7,11.3,5.65,18.08,13.6,Silt
36.3200_1.0800,36.32,1.08,19.42,61.76,665.8,7.8,9.7,4.85,18.48,12.0,Clay
36.3200_1.1600,36.32,1.16,18.59,62.07,550.9,7.8,9.7,4.85,19.84,10.9,Silt
36.3200_1.2400,36.32,1.24,18.73,60.83,545.0,7.9,9.5,4.75,19.6,10.0,Silt
36.3200_1.3200,36.32,1.32,17.78,60.64,545.0,7.8,9.7,4.85,18.88,11.3,Silt
36.3200_1.4000,36.32,1.4,18.58,59.4,676.5,7.7,10.6,5.3,16.8,10.1,Silt
36.3200_1.4800,36.32,1.48,18.49,60.19,620.3,7.5,11.2,5.6,16.24,11.6,Silt
36.3200_1.5600,36.32,1.56,18.49,60.19,620.3,7.7,11.3,5.65,19.28,11.1,Silt
36.3200_1.6400,36.32,1.64,18.83,59.33,561.3,7.6,12.0,6.0,17.6,12.4,Silt
36.3200_1.7200,36.32,1.72,18.94,57.73,602.4,7.7,10.1,5.05,19.84,11.5,Silt
36.3200_1.8000,36.32,1.8,18.94,57.73,602.4,7.4,10.2,5.1,17.28,12.0,Silt
36.3200_1.8800,36.32,1.88,18.68,58.44,639.7,7.5,11.9,5.95,17.68,12.3,Clay
36.3200_1.9600,36.32,1.96,18.29,59.99,650.5,7.2,11.2,5.6,18.48,12.9,Silt
36.3200_2.0400,36.32,2.04,18.29,59.99,650.5,6.7,10.3,5.15,15.2,13.6,Clay
36.3200_2.1200,36.32,2.12,16.63,62.16,816.5,6.6,12.2,6.1,15.76,17.0,Silt
36.3200_2.2000,36.32,2.2,14.43,61.86,892.3,6.7,14.0,7.0,14.64,25.1,Clay
36.3200_2.2800,36.32,2.28,17.31,60.28,700.4,6.8,12.3,6.15,14.56,19.0,Silt
36.3200_2.3600,36.32,2.36,18.04,64.17,662.3,7.0,10.6,5.3,16.4,11.0,Silt
36.3200_2.4400,36.32,2.44,17.06,67.88,641.5,6.7,10.7,5.35,17.28,13.1,Silt
36.3200_2.5200,36.32,2.52,17.05,67.08,706.9,6.7,12.8,6.4,17.44,16.2,Silt
36.3200_2.6000,36.32,2.6,15.95,66.88,706.9,6.7,12.8,6.4,15.68,15.5,Clay
36.3200_2.6800,36.32,2.68,17.99,65.4,899.3,6.7,13.1,6.55,17.44,16.5,Clay
36.3200_2.7600,36.32,2.76,16.83,65.23,899.3,6.4,12.7,6.35,16.24,20.6,Clay
36.3200_2.8400,36.32,2.84,15.21,64.41,1011.9,6.5,12.2,6.1,15.92,20.6,Silt
36.3200_2.9200,36.32,2.92,14.75,63.82,965.6,6.9,12.8,6.4,15.6,20.3,Silt
36.3200_3.0000,36.32,3.0,15.25,63.99,797.6,6.7,12.5,6.25,14.32,21.6,Silt
36.3200_3.0800,36.32,3.08,15.25,63.99,797.6,6.4,11.6,5.8,14.32,20.5,Silt
36.3200_3.1600,36.32,3.16,16.3,62.62,698.1,6.6,11.6,5.8,15.84,21.0,Silt
36.3200_3.2400,36.32,3.24,17.17,62.02,676.8,7.1,10.6,5.3,16.8,14.9,Clay
36.3200_3.3200,36.32,3.32,17.17,62.02,676.8,7.2,10.3,5.15,17.76,11.0,Clay
36.3200_3.4000,36.32,3.4,17.51,62.04,593.9,7.1,9.5,4.75,17.92,10.3,Clay
36.3200_3.4800,36.32,3.48,17.21,61.94,586.8,7.0,10.1,5.05,17.12,10.7,Clay
36.3200_3.5600,36.32,3.56,17.21,61.94,586.8,6.9,11.0,5.5,15.84,11.8,Clay
36.3200_3.6400,36.32,3.64,16.78,61.5,650.3,6.9,9.8,4.9,15.52,12.4,Silt
36.3200_3.7200,36.32,3.72,16.85,61.77,656.0,6.9,9.7,4.85,14.56,11.6,Clay
36.3200_3.8000,36.32,3.8,16.85,61.77,656.0,6.9,10.3,5.15,15.12,12.6,Clay
36.3200_3.8800,36.32,3.88,17.55,61.21,576.9,7.0,9.6,4.8,15.28,12.3,Clay
36.3200_3.9600,36.32,3.96,18.0,59.82,547.8,7.0,9.6,4.8,15.2,10.8,Clay
36.3200_4.0400,36.32,4.04,18.0,59.82,547.8,7.0,9.8,4.9,16.56,10.2,Clay
36.3200_4.1200,36.32,4.12,19.34,57.9,579.7,7.2,9.9,4.95,16.88,11.2,Clay
36.3200_4.2000,36.32,4.2,19.31,58.22,634.7,7.3,9.5,4.75,17.6,10.6,Silt
36.3200_4.2800,36.32,4.28,19.05,57.73,595.6,7.3,8.5,4.25,17.28,9.3,Silt
36.3200_4.3600,36.32,4.36,19.78,57.89,595.6,7.4,9.3,4.65,17.92,9.6,Silt
36.3200_4.4400,36.32,4.44,17.66,57.86,576.1,6.9,11.6,5.8,13.04,18.3,Clay
36.3200_4.5200,36.32,4.52,17.29,59.85,595.2,7.0,11.7,5.85,13.76,15.1,Clay
36.3200_4.6000,36.32,4.6,18.36,60.1,607.2,6.9,13.5,6.75,13.52,18.7,Clay
36.3200_4.6800,36.32,4.68,16.09,62.82,677.9,7.0,12.7,6.35,13.44,25.9,Silt
36.3200_4.7600,36.32,4.76,17.57,62.04,604.8,7.3,10.3,5.15,14.16,13.4,Clay
36.3200_4.8400,36.32,4.84,15.23,65.67,683.1,7.1,12.4,6.2,14.64,17.2,Silt
36.3200_4.9200,36.32,4.92,13.02,66.2,639.8,6.9,13.9,6.95,13.44,26.7,Silt
36.3200_5.0000,36.32,5.0,13.18,66.35,569.4,6.6,14.0,7.0,12.0,21.8,Silt
36.3200_5.0800,36.32,5.08,13.21,66.36,569.4,6.9,13.8,6.9,12.64,17.4,Silt
36.3200_5.1600,36.32,5.16,12.3,65.4,533.2,6.7,13.9,6.95,12.8,18.4,Silt
36.3200_5.2400,36.32,5.24,13.35,65.26,606.5,6.7,12.6,6.3,12.16,20.5,Silt
36.3200_5.3200,36.32,5.32,12.99,65.19,606.5,6.8,13.6,6.8,12.4,20.1,Clay
36.3200_5.4000,36.32,5.4,13.95,65.09,655.0,6.9,12.9,6.45,12.32,14.4,Clay
36.3200_5.4800,36.32,5.48,14.48,64.16,576.3,7.0,11.6,5.8,12.64,10.2,Clay
36.3200_5.5600,36.32,5.56,13.1,63.9,576.3,6.8,13.9,6.95,12.16,24.3,Clay
36.3200_5.6400,36.32,5.64,16.45,64.07,521.1,7.1,11.0,5.5,14.88,12.2,Silt
36.3200_5.7200,36.32,5.72,15.17,64.13,600.2,6.9,11.3,5.65,15.84,13.9,Silt
36.3200_5.8000,36.32,5.8,15.17,64.13,600.2,6.7,11.5,5.75,15.44,14.2,Clay
36.3200_5.8800,36.32,5.88,16.2,64.13,702.5,6.9,10.0,5.0,16.16,12.3,Clay
36.3200_5.9600,36.32,5.96,16.54,64.13,661.2,6.9,11.3,5.65,16.88,14.1,Clay
36.3200_6.0400,36.32,6.04,15.68,64.12,582.9,6.8,11.8,5.9,15.52,13.5,Silt
36.3200_6.1200,36.32,6.12,14.48,63.87,582.9,6.6,11.1,5.55,13.28,14.0,Silt
36.3200_6.2000,36.32,6.2,15.3,64.85,654.4,6.6,11.3,5.65,13.92,13.3,Clay
36.3200_6.2800,36.32,6.28,15.12,65.88,668.3,6.9,11.2,5.6,16.0,14.0,Clay
36.3200_6.3600,36.32,6.36,15.12,65.88,668.3,6.7,12.1,6.05,14.0,16.8,Clay
36.3200_6.4400,36.32,6.44,12.91,64.69,610.0,6.6,14.4,7.2,14.32,18.1,Silt
36.3200_6.5200,36.32,6.52,16.27,65.22,545.8,7.1,15.1,7.55,16.16,13.9,Silt
36.3200_6.6000,36.32,6.6,16.27,65.22,545.8,7.3,11.1,5.55,15.2,11.7,Clay
36.3200_6.6800,36.32,6.68,15.82,66.32,562.1,7.3,10.9,5.45,14.8,13.0,Clay
36.3200_6.7600,36.32,6.76,16.09,67.43,611.0,7.2,11.7,5.85,16.08,12.7,Clay
36.3200_6.8400,36.32,6.84,15.12,67.27,611.0,7.1,11.0,5.5,16.8,14.5,Clay
36.3200_6.9200,36.32,6.92,15.07,67.19,570.7,6.9,11.4,5.7,15.6,14.1,Clay
36.3200_7.0000,36.32,7.0,15.23,67.56,537.2,7.0,10.7,5.35,15.44,13.3,Silt
36.3200_7.0800,36.32,7.08,15.23,67.56,537.2,7.0,11.6,5.8,14.96,15.7,Silt
36.3200_7.1600,36.32,7.16,16.24,69.02,576.5,0.0,0.0,0.0,0.0,0.0,Unknown
36.3200_7.2400,36.32,7.24,15.19,69.04,648.2,7.1,10.8,5.4,15.44,13.0,Clay
36.3200_7.3200,36.32,7.32,16.48,68.57,653.3,7.0,11.7,5.85,16.8,13.6,Clay
36.3200_7.4000,36.32,7.4,14.38,66.83,717.4,6.7,13.2,6.6,14.16,17.6,Silt
36.3200_7.4800,36.32,7.48,17.32,63.86,679.8,7.2,11.8,5.9,15.44,13.9,Silt
36.3200_7.5600,36.32,7.56,16.3,65.37,781.1,6.8,13.5,6.75,15.28,14.9,Silt
36.3200_7.6400,36.32,7.64,17.42,65.11,771.2,7.3,11.0,5.5,16.16,14.4,Silt
36.3200_7.7200,36.32,7.72,14.55,65.93,792.1,6.7,13.8,6.9,15.04,17.7,Silt
36.3200_7.8000,36.32,7.8,16.69,66.29,792.1,6.9,13.4,6.7,18.64,16.9,Clay
36.3200_7.8800,36.32,7.88,15.39,69.26,813.1,6.7,13.5,6.75,18.56,16.1,Silt
36.3200_7.9600,36.32,7.96,15.01,70.41,788.4,6.9,12.9,6.45,18.32,14.8,Clay
36.3200_8.0400,36.32,8.04,15.25,70.15,649.9,6.9,12.9,6.45,16.48,15.8,Silt
36.3200_8.1200,36.32,8.12,17.32,70.51,649.9,6.9,12.0,6.0,19.04,13.9,Clay
36.3200_8.2000,36.32,8.2,17.44,68.82,604.1,6.9,11.3,5.65,17.52,13.6,Clay
36.3200_8.2800,36.32,8.28,14.8,66.91,711.9,6.5,15.2,7.6,16.72,18.6,Silt
36.3200_8.3600,36.32,8.36,14.77,66.9,711.9,6.2,12.5,6.25,14.88,17.3,Silt
36.3200_8.4400,36.32,8.44,17.47,65.88,693.7,6.4,15.3,7.65,16.56,18.9,Clay
36.3200_8.5200,36.32,8.52,15.81,65.56,693.7,6.6,13.0,6.5,16.08,19.5,Clay
36.3200_8.6000,36.32,8.6,17.6,64.23,592.0,6.8,10.9,5.45,14.56,13.8,Clay
36.3200_8.6800,36.32,8.68,17.86,64.92,576.6,7.2,12.4,6.2,15.2,14.1,Clay
36.4000_-2.2000,36.4,-2.2,19.48,80.66,337.0,0.0,0.0,0.0,0.0,0.0,Unknown
36.4000_-2.1200,36.4,-2.12,19.49,80.71,337.8,0.0,0.0,0.0,0.0,0.0,Unknown
36.4000_-2.0400,36.4,-2.04,19.49,80.93,337.4,0.0,0.0,0.0,0.0,0.0,Unknown
36.4000_-1.9600,36.4,-1.96,19.49,80.93,337.4,0.0,0.0,0.0,0.0,0.0,Unknown
36.4000_-1.8800,36.4,-1.88,19.51,81.01,305.2,0.0,0.0,0.0,0.0,0.0,Unknown
36.4000_-1.8000,36.4,-1.8,19.58,80.82,277.9,0.0,0.0,0.0,0.0,0.0,Unknown
36.4000_-1.7200,36.4,-1.72,19.58,80.82,277.9,0.0,0.0,0.0,0.0,0.0,Unknown
36.4000_-1.6400,36.4,-1.64,19.66,80.67,281.8,0.0,0.0,0.0,0.0,0.0,Unknown
36.4000_-1.5600,36.4,-1.56,19.68,80.66,303.3,0.0,0.0,0.0,0.0,0.0,Unknown
36.4000_-1.4800,36.4,-1.48,19.68,80.66,303.3,0.0,0.0,0.0,0.0,0.0,Unknown
36.4000_-1.4000,36.4,-1.4,19.69,80.71,300.0,0.0,0.0,0.0,0.0,0.0,Unknown
36.4000_-1.3200,36.4,-1.32,19.72,80.67,327.2,0.0,0.0,0.0,0.0,0.0,Unknown
36.4000_-1.2400,36.4,-1.24,19.72,80.67,327.2,0.0,0.0,0.0,0.0,0.0,Unknown
36.4000_-1.1600,36.4,-1.16,19.72,80.79,311.7,0.0,0.0,0.0,0.0,0.0,Unknown
36.4000_-1.0800,36.4,-1.08,19.67,80.85,337.1,0.0,0.0,0.0,0.0,0.0,Unknown
36.4000_-1.0000,36.4,-1.0,19.67,80.85,337.1,0.0,0.0,0.0,0.0,0.0,Unknown
36.4000_-0.9200,36.4,-0.92,19.65,80.72,359.1,0.0,0.0,0.0,0.0,0.0,Unknown
36.4000_-0.8400,36.4,-0.84,19.68,80.61,383.9,0.0,0.0,0.0,0.0,0.0,Unknown
36.4000_-0.7600,36.4,-0.76,19.7,80.68,401.0,0.0,0.0,0.0,0.0,0.0,Unknown
36.4000_-0.6800,36.4,-0.68,19.7,80.68,401.0,0.0,0.0,0.0,0.0,0.0,Unknown
36.4000_-0.6000,36.4,-0.6,19.68,80.59,425.9,0.0,0.0,0.0,0.0,0.0,Unknown
36.4000_-0.5200,36.4,-0.52,19.68,80.58,424.1,0.0,0.0,0.0,0.0,0.0,Unknown
36.4000_-0.4400,36.4,-0.44,19.68,80.58,424.1,0.0,0.0,0.0,0.0,0.0,Unknown
36.4000_-0.3600,36.4,-0.36,19.67,80.51,437.9,0.0,0.0,0.0,0.0,0.0,Unknown
36.4000_-0.2800,36.4,-0.28,19.66,80.37,440.9,0.0,0.0,0.0,0.0,0.0,Unknown
36.4000_-0.2000,36.4,-0.2,19.66,80.37,440.9,0.0,0.0,0.0,0.0,0.0,Unknown
36.4000_-0.1200,36.4,-0.12,19.65,80.17,431.9,0.0,0.0,0.0,0.0,0.0,Unknown
36.4000_-0.0400,36.4,-0.04,19.65,80.06,464.3,0.0,0.0,0.0,0.0,0.0,Unknown
36.4000_0.0400,36.4,0.04,19.65,80.06,464.3,0.0,0.0,0.0,0.0,0.0,Unknown
36.4000_0.1200,36.4,0.12,19.62,79.68,472.1,0.0,0.0,0.0,0.0,0.0,Unknown
36.4000_0.2000,36.4,0.2,19.57,79.67,484.2,0.0,0.0,0.0,0.0,0.0,Unknown
36.4000_0.2800,36.4,0.28,19.57,79.67,484.2,0.0,0.0,0.0,0.0,0.0,Unknown
36.4000_0.3600,36.4,0.36,19.55,79.76,508.5,0.0,0.0,0.0,0.0,0.0,Unknown
36.4000_0.4400,36.4,0.44,19.54,79.41,622.3,0.0,0.0,0.0,0.0,0.0,Unknown
36.4000_0.5200,36.4,0.52,19.54,79.41,622.3,0.0,0.0,0.0,0.0,0.0,Unknown
36.4000_0.6000,36.4,0.6,20.23,65.34,685.9,0.0,0.0,0.0,0.0,0.0,Unknown
36.4000_0.6800,36.4,0.68,20.23,65.34,685.9,0.0,0.0,0.0,0.0,0.0,Unknown
36.4000_0.7600,36.4,0.76,20.23,65.34,685.9,0.0,0.0,0.0,0.0,0.0,Unknown
36.4000_0.8400,36.4,0.84,20.96,62.39,703.8,0.0,0.0,0.0,0.0,0.0,Unknown
36.4000_0.9200,36.4,0.92,20.53,62.93,749.7,7.6,11.0,5.5,14.88,12.2,Silt
36.4000_1.0000,36.4,1.0,16.57,63.45,697.0,7.0,13.3,6.65,15.76,17.4,Silt
36.4000_1.0800,36.4,1.08,18.07,63.75,697.0,7.0,10.0,5.0,15.6,16.9,Clay
36.4000_1.1600,36.4,1.16,18.75,66.33,629.2,7.9,10.6,5.3,17.84,10.5,Clay
36.4000_1.2400,36.4,1.24,18.73,66.32,629.2,7.9,10.2,5.1,18.96,9.7,Silt
36.4000_1.3200,36.4,1.32,18.74,63.89,619.0,7.8,10.4,5.2,19.2,10.0,Silt
36.4000_1.4000,36.4,1.4,16.51,61.28,747.5,7.3,13.4,6.7,17.44,14.9,Silt
36.4000_1.4800,36.4,1.48,18.62,64.17,695.6,7.4,10.5,5.25,16.8,14.7,Silt
36.4000_1.5600,36.4,1.56,19.52,64.32,695.6,7.7,12.7,6.35,18.48,20.3,Silt
36.4000_1.6400,36.4,1.64,19.52,63.25,674.6,7.5,12.6,6.3,18.4,18.9,Clay
36.4000_1.7200,36.4,1.72,19.39,57.82,602.4,7.1,12.6,6.3,18.64,18.6,Clay
36.4000_1.8000,36.4,1.8,16.28,61.11,722.2,6.9,14.3,7.15,15.36,14.5,Clay
36.4000_1.8800,36.4,1.88,17.31,61.4,763.5,6.6,12.4,6.2,16.24,23.1,Clay
36.4000_1.9600,36.4,1.96,16.05,62.14,753.9,6.5,13.8,6.9,15.6,16.8,Silt
36.4000_2.0400,36.4,2.04,15.9,62.13,753.9,6.3,14.1,7.05,15.44,21.3,Clay
36.4000_2.1200,36.4,2.12,18.02,62.48,816.5,6.4,15.4,7.7,15.2,25.9,Clay
36.4000_2.2000,36.4,2.2,15.74,62.14,892.3,6.5,14.0,7.0,15.12,25.8,Silt
36.4000_2.2800,36.4,2.28,16.54,62.25,892.3,6.2,14.3,7.15,13.76,29.6,Silt
36.4000_2.3600,36.4,2.36,16.92,64.33,795.7,6.3,12.9,6.45,15.36,23.6,Silt
36.4000_2.4400,36.4,2.44,17.59,66.86,698.5,6.7,11.7,5.85,17.2,13.2,Clay
36.4000_2.5200,36.4,2.52,17.59,66.86,698.5,6.4,13.6,6.8,15.68,21.6,Clay
36.4000_2.6000,36.4,2.6,17.71,67.68,727.8,6.4,12.0,6.0,16.72,19.4,Clay
36.4000_2.6800,36.4,2.68,17.11,64.58,905.8,6.9,13.6,6.8,15.2,16.9,Silt
36.4000_2.7600,36.4,2.76,17.85,64.23,922.6,6.0,13.6,6.8,16.72,20.2,Silt
36.4000_2.8400,36.4,2.84,11.72,63.46,1039.1,6.1,20.6,10.3,14.72,31.8,Silt
36.4000_2.9200,36.4,2.92,16.76,63.84,987.1,6.3,12.3,6.15,15.92,21.2,Clay
36.4000_3.0000,36.4,3.0,15.32,64.56,938.2,6.8,13.3,6.65,15.6,24.3,Silt
36.4000_3.0800,36.4,3.08,16.66,64.49,970.3,6.4,12.1,6.05,14.72,19.1,Silt
36.4000_3.1600,36.4,3.16,14.43,64.57,842.4,6.8,14.9,7.45,14.08,21.7,Silt
36.4000_3.2400,36.4,3.24,17.71,65.1,751.6,6.5,13.7,6.85,16.8,24.1,Clay
36.4000_3.3200,36.4,3.32,17.61,65.08,751.6,6.7,11.4,5.7,17.36,12.3,Silt
36.4000_3.4000,36.4,3.4,17.79,64.72,668.4,6.8,11.5,5.75,17.04,14.5,Silt
36.4000_3.4800,36.4,3.48,17.11,64.01,650.6,6.8,12.2,6.1,17.84,16.1,Silt
36.4000_3.5600,36.4,3.56,16.37,63.87,650.6,6.4,12.1,6.05,15.36,17.0,Silt
36.4000_3.6400,36.4,3.64,17.01,63.07,649.1,6.8,11.9,5.95,15.52,14.4,Silt
36.4000_3.7200,36.4,3.72,15.34,63.8,703.7,6.7,13.2,6.6,14.72,26.3,Silt
36.4000_3.8000,36.4,3.8,16.88,64.08,703.7,6.8,11.5,5.75,15.28,13.2,Clay
36.4000_3.8800,36.4,3.88,17.09,63.16,711.9,6.4,11.0,5.5,15.28,15.0,Clay
36.4000_3.9600,36.4,3.96,17.05,61.07,690.5,6.6,11.1,5.55,16.4,12.9,Clay
36.4000_4.0400,36.4,4.04,17.05,61.07,690.5,6.6,11.0,5.5,16.4,18.5,Clay
36.4000_4.1200,36.4,4.12,16.67,61.87,743.6,6.9,12.5,6.25,15.28,22.7,Silt
36.4000_4.2000,36.4,4.2,16.66,60.77,781.5,6.7,11.1,5.55,15.44,18.0,Silt
36.4000_4.2800,36.4,4.28,17.54,59.73,779.2,6.8,10.1,5.05,15.04,13.5,Clay
36.4000_4.3600,36.4,4.36,18.3,59.89,779.2,6.9,11.2,5.6,18.24,17.0,Clay
36.4000_4.4400,36.4,4.44,19.99,59.2,643.4,7.5,10.1,5.05,15.84,13.3,Clay
36.4000_4.5200,36.4,4.52,19.44,60.3,607.2,7.4,9.2,4.6,16.8,10.1,Clay
36.4000_4.6000,36.4,4.6,19.89,60.4,607.2,7.4,10.1,5.05,18.0,12.7,Clay
36.4000_4.6800,36.4,4.68,17.84,63.68,598.1,7.2,11.1,5.55,16.0,14.7,Clay
36.4000_4.7600,36.4,4.76,18.71,63.84,598.1,7.4,10.5,5.25,18.56,14.2,Clay
36.4000_4.8400,36.4,4.84,16.77,64.94,604.6,7.1,10.1,5.05,16.56,13.5,Silt
36.4000_4.9200,36.4,4.92,14.68,67.65,743.3,6.9,13.0,6.5,13.04,24.4,Silt
36.4000_5.0000,36.4,5.0,14.54,67.63,627.9,7.0,12.2,6.1,13.68,17.3,Silt
36.4000_5.0800,36.4,5.08,14.54,67.63,627.9,7.0,11.9,5.95,14.0,14.7,Clay
36.4000_5.1600,36.4,5.16,14.57,67.6,595.8,6.9,11.4,5.7,13.44,15.0,Silt
36.4000_5.2400,36.4,5.24,15.97,68.0,679.9,7.1,10.7,5.35,15.6,12.6,Silt
36.4000_5.3200,36.4,5.32,14.31,71.51,866.9,7.1,11.9,5.95,14.0,14.5,Clay
36.4000_5.4000,36.4,5.4,15.89,67.84,742.7,7.0,10.9,5.45,15.04,21.4,Clay
36.4000_5.4800,36.4,5.48,14.49,66.39,626.8,6.8,11.9,5.95,15.6,15.7,Silt
36.4000_5.5600,36.4,5.56,15.9,65.39,513.7,6.9,11.6,5.8,16.32,16.2,Silt
36.4000_5.6400,36.4,5.64,17.12,65.61,513.7,6.9,11.6,5.8,16.64,13.3,Clay
36.4000_5.7200,36.4,5.72,15.89,64.39,530.4,6.5,11.1,5.55,17.04,12.5,Clay
36.4000_5.8000,36.4,5.8,15.89,64.39,530.4,6.8,11.0,5.5,15.12,17.0,Silt
36.4000_5.8800,36.4,5.88,16.94,66.62,547.2,7.1,10.8,5.4,16.96,11.2,Silt
36.4000_5.9600,36.4,5.96,16.47,63.69,619.1,7.1,10.0,5.0,15.36,12.2,Silt
36.4000_6.0400,36.4,6.04,17.05,66.59,588.9,7.2,10.0,5.0,16.4,11.7,Silt
36.4000_6.1200,36.4,6.12,17.3,66.86,575.1,7.1,10.9,5.45,17.12,13.3,Clay
36.4000_6.2000,36.4,6.2,17.1,64.56,674.4,6.8,10.5,5.25,16.32,15.0,Clay
36.4000_6.2800,36.4,6.28,13.88,65.66,668.3,6.7,13.6,6.8,14.64,18.7,Clay
36.4000_6.3600,36.4,6.36,17.37,68.02,604.5,6.8,11.6,5.8,14.88,13.4,Clay
36.4000_6.4400,36.4,6.44,17.01,67.83,554.5,7.0,10.2,5.1,15.6,12.6,Clay
36.4000_6.5200,36.4,6.52,17.35,67.89,554.5,6.9,10.9,5.45,19.92,13.3,Silt
36.4000_6.6000,36.4,6.6,16.6,66.36,567.4,7.1,11.3,5.65,18.88,12.9,Silt
36.4000_6.6800,36.4,6.68,14.55,66.93,645.7,6.8,12.9,6.45,14.88,16.5,Silt
36.4000_6.7600,36.4,6.76,13.05,68.37,720.5,6.6,13.8,6.9,15.68,21.5,Silt
36.4000_6.8400,36.4,6.84,14.82,68.64,720.5,6.8,11.6,5.8,15.6,14.3,Clay
36.4000_6.9200,36.4,6.92,16.04,68.41,641.8,6.9,12.1,6.05,16.96,14.3,Clay
36.4000_7.0000,36.4,7.0,15.31,68.03,582.0,6.8,12.2,6.1,19.44,13.3,Clay
36.4000_7.0800,36.4,7.08,15.97,68.84,665.1,7.1,11.7,5.85,15.76,14.1,Clay
36.4000_7.1600,36.4,7.16,14.62,69.17,603.4,6.9,12.1,6.05,17.84,14.1,Clay
36.4000_7.2400,36.4,7.24,15.97,68.48,653.3,6.8,12.0,6.0,16.16,15.9,Clay
36.4000_7.3200,36.4,7.32,18.11,69.2,615.1,7.5,11.2,5.6,17.52,11.4,Silt
36.4000_7.4000,36.4,7.4,15.62,64.76,670.0,6.8,13.2,6.6,15.68,15.5,Silt
36.4000_7.4800,36.4,7.48,17.46,63.89,679.8,7.3,9.6,4.8,18.24,11.9,Silt
36.4000_7.5600,36.4,7.56,17.8,65.18,771.2,7.2,10.0,5.0,17.92,11.9,Silt
36.4000_7.6400,36.4,7.64,17.65,65.16,771.2,7.3,11.0,5.5,17.36,14.6,Silt
36.4000_7.7200,36.4,7.72,17.11,67.4,882.0,6.2,12.5,6.25,19.04,15.9,Silt
36.4000_7.8000,36.4,7.8,17.11,67.4,882.0,6.9,13.2,6.6,19.44,15.6,Silt
36.4000_7.8800,36.4,7.88,15.84,70.0,923.2,6.7,15.9,7.95,20.56,17.2,Clay
36.4000_7.9600,36.4,7.96,15.8,72.2,971.1,6.8,15.2,7.6,18.8,16.3,Clay
36.4000_8.0400,36.4,8.04,13.02,71.72,971.1,6.4,14.6,7.3,16.56,21.7,Clay
36.4000_8.1200,36.4,8.12,14.39,71.54,771.7,6.3,14.7,7.35,16.08,23.6,Silt
36.4000_8.2000,36.4,8.2,13.92,70.14,695.4,6.3,14.6,7.3,16.64,21.5,Silt
36.4000_8.2800,36.4,8.28,16.18,68.15,681.4,6.4,12.4,6.2,18.16,19.9,Silt
36.4000_8.3600,36.4,8.36,17.54,71.69,686.1,6.7,12.7,6.35,18.88,14.5,Clay
36.4000_8.4400,36.4,8.44,17.16,66.42,657.9,6.9,11.8,5.9,19.12,15.3,Silt
36.4000_8.5200,36.4,8.52,17.27,66.44,657.9,6.8,13.7,6.85,18.48,16.1,Silt
36.4000_8.6000,36.4,8.6,18.09,64.98,601.9,6.6,11.9,5.95,17.92,14.4,Clay
36.4000_8.6800,36.4,8.68,17.23,64.43,591.6,7.1,10.5,5.25,15.68,11.9,Silt
36.4800_-2.2000,36.48,-2.2,19.57,80.33,324.8,0.0,0.0,0.0,0.0,0.0,Unknown
36.4800_-2.1200,36.48,-2.12,19.62,80.19,337.3,0.0,0.0,0.0,0.0,0.0,Unknown
36.4800_-2.0400,36.48,-2.04,19.63,80.25,320.1,0.0,0.0,0.0,0.0,0.0,Unknown
36.4800_-1.9600,36.48,-1.96,19.63,80.25,320.1,0.0,0.0,0.0,0.0,0.0,Unknown
36.4800_-1.8800,36.48,-1.88,19.59,80.52,315.0,0.0,0.0,0.0,0.0,0.0,Unknown
36.4800_-1.8000,36.48,-1.8,19.59,80.65,324.3,0.0,0.0,0.0,0.0,0.0,Unknown
36.4800_-1.7200,36.48,-1.72,19.59,80.65,324.3,0.0,0.0,0.0,0.0,0.0,Unknown
36.4800_-1.6400,36.48,-1.64,19.64,80.6,303.3,0.0,0.0,0.0,0.0,0.0,Unknown
36.4800_-1.5600,36.48,-1.56,19.69,80.55,293.5,0.0,0.0,0.0,0.0,0.0,Unknown
36.4800_-1.4800,36.48,-1.48,19.69,80.55,293.5,0.0,0.0,0.0,0.0,0.0,Unknown
36.4800_-1.4000,36.48,-1.4,19.68,80.49,278.9,0.0,0.0,0.0,0.0,0.0,Unknown
36.4800_-1.3200,36.48,-1.32,19.71,80.4,324.0,0.0,0.0,0.0,0.0,0.0,Unknown
36.4800_-1.2400,36.48,-1.24,19.71,80.4,324.0,0.0,0.0,0.0,0.0,0.0,Unknown
36.4800_-1.1600,36.48,-1.16,19.75,80.45,314.7,0.0,0.0,0.0,0.0,0.0,Unknown
36.4800_-1.0800,36.48,-1.08,19.77,80.52,342.0,0.0,0.0,0.0,0.0,0.0,Unknown
36.4800_-1.0000,36.48,-1.0,19.77,80.52,342.0,0.0,0.0,0.0,0.0,0.0,Unknown
36.4800_-0.9200,36.48,-0.92,19.73,80.52,382.0,0.0,0.0,0.0,0.0,0.0,Unknown
36.4800_-0.8400,36.48,-0.84,19.71,80.52,385.9,0.0,0.0,0.0,0.0,0.0,Unknown
36.4800_-0.7600,36.48,-0.76,19.73,80.54,390.3,0.0,0.0,0.0,0.0,0.0,Unknown
36.4800_-0.6800,36.48,-0.68,19.73,80.54,390.3,0.0,0.0,0.0,0.0,0.0,Unknown
36.4800_-0.6000,36.48,-0.6,19.72,80.45,402.5,0.0,0.0,0.0,0.0,0.0,Unknown
36.4800_-0.5200,36.48,-0.52,19.71,80.37,403.8,0.0,0.0,0.0,0.0,0.0,Unknown
36.4800_-0.4400,36.48,-0.44,19.71,80.37,403.8,0.0,0.0,0.0,0.0,0.0,Unknown
36.4800_-0.3600,36.48,-0.36,19.71,80.35,416.0,0.0,0.0,0.0,0.0,0.0,Unknown
36.4800_-0.2800,36.48,-0.28,19.66,80.31,429.4,0.0,0.0,0.0,0.0,0.0,Unknown
36.4800_-0.2000,36.48,-0.2,19.66,80.31,429.4,0.0,0.0,0.0,0.0,0.0,Unknown
36.4800_-0.1200,36.48,-0.12,19.62,80.27,450.9,0.0,0.0,0.0,0.0,0.0,Unknown
36.4800_-0.0400,36.48,-0.04,19.62,80.18,461.8,0.0,0.0,0.0,0.0,0.0,Unknown
36.4800_0.0400,36.48,0.04,19.62,80.18,461.8,0.0,0.0,0.0,0.0,0.0,Unknown
36.4800_0.1200,36.48,0.12,19.62,79.89,462.9,0.0,0.0,0.0,0.0,0.0,Unknown
36.4800_0.2000,36.48,0.2,19.59,79.57,487.1,0.0,0.0,0.0,0.0,0.0,Unknown
36.4800_0.2800,36.48,0.28,19.59,79.57,487.1,0.0,0.0,0.0,0.0,0.0,Unknown
36.4800_0.3600,36.48,0.36,19.55,79.47,524.8,0.0,0.0,0.0,0.0,0.0,Unknown
36.4800_0.4400,36.48,0.44,19.46,79.52,626.0,0.0,0.0,0.0,0.0,0.0,Unknown
36.4800_0.5200,36.48,0.52,19.46,79.47,626.1,0.0,0.0,0.0,0.0,0.0,Unknown
36.4800_0.6000,36.48,0.6,19.42,79.49,676.7,0.0,0.0,0.0,0.0,0.0,Unknown
36.4800_0.6800,36.48,0.68,19.61,78.49,644.5,0.0,0.0,0.0,0.0,0.0,Unknown
36.4800_0.7600,36.48,0.76,19.61,78.49,644.5,0.0,0.0,0.0,0.0,0.0,Unknown
36.4800_0.8400,36.48,0.84,20.96,63.02,749.7,0.0,0.0,0.0,0.0,0.0,Unknown
36.4800_0.9200,36.48,0.92,20.96,63.02,749.7,0.0,0.0,0.0,0.0,0.0,Unknown
36.4800_1.0000,36.48,1.0,20.25,66.25,739.1,0.0,0.0,0.0,0.0,0.0,Unknown
36.4800_1.0800,36.48,1.08,18.62,65.95,739.1,6.8,13.5,6.75,15.04,21.6,Clay
36.4800_1.1600,36.48,1.16,17.81,66.18,629.2,6.9,13.0,6.5,14.48,16.5,Clay
36.4800_1.2400,36.48,1.24,18.52,63.84,619.0,7.5,11.6,5.8,15.92,13.7,Clay
36.4800_1.3200,36.48,1.32,18.65,74.19,661.3,7.0,11.4,5.7,16.16,16.2,Silt
36.4800_1.4000,36.48,1.4,18.17,62.75,710.3,7.3,13.2,6.6,15.12,16.6,Silt
36.4800_1.4800,36.48,1.48,17.82,64.04,695.6,7.4,12.8,6.4,16.96,13.9,Silt
36.4800_1.5600,36.48,1.56,16.39,63.75,695.6,7.3,15.5,7.75,14.8,17.7,Silt
36.4800_1.6400,36.48,1.64,19.04,66.04,674.8,7.5,10.9,5.45,17.6,14.5,Silt
36.4800_1.7200,36.48,1.72,17.31,63.2,739.7,6.7,13.4,6.7,15.84,21.7,Silt
36.4800_1.8000,36.48,1.8,15.18,62.8,739.7,6.8,15.4,7.7,16.24,19.3,Silt
36.4800_1.8800,36.48,1.88,16.88,63.74,792.5,6.4,13.6,6.8,15.76,24.0,Silt
36.4800_1.9600,36.48,1.96,17.73,65.2,749.7,6.5,11.9,5.95,15.92,19.2,Silt
36.4800_2.0400,36.48,2.04,18.39,65.33,749.7,6.5,11.9,5.95,17.6,16.6,Silt
36.4800_2.1200,36.48,2.12,16.85,63.89,773.6,6.5,13.2,6.6,15.84,20.7,Silt
36.4800_2.2000,36.48,2.2,17.58,65.47,727.4,6.3,13.2,6.6,17.12,17.7,Clay
36.4800_2.2800,36.48,2.28,18.18,67.44,749.7,7.0,12.1,6.05,18.56,18.2,Clay
36.4800_2.3600,36.48,2.36,18.98,67.59,749.7,6.9,10.8,5.4,18.56,15.6,Silt
36.4800_2.4400,36.48,2.44,18.5,68.26,697.6,7.1,10.5,5.25,16.88,10.6,Clay
36.4800_2.5200,36.48,2.52,18.88,68.31,697.6,6.9,10.5,5.25,15.84,17.8,Clay
36.4800_2.6000,36.48,2.6,18.87,69.38,724.1,7.0,10.8,5.4,16.72,10.3,Silt
36.4800_2.6800,36.48,2.68,19.24,67.8,862.7,7.0,9.5,4.75,16.72,12.9,Clay
36.4800_2.7600,36.48,2.76,19.21,67.8,862.7,6.8,11.6,5.8,16.72,13.0,Clay
36.4800_2.8400,36.48,2.84,19.08,64.94,980.3,0.0,0.0,0.0,0.0,0.0,Unknown
36.4800_2.9200,36.48,2.92,16.78,63.84,987.1,6.5,13.3,6.65,16.56,16.8,Clay
36.4800_3.0000,36.48,3.0,16.45,64.45,970.3,6.6,13.9,6.95,16.0,21.5,Silt
36.4800_3.0800,36.48,3.08,15.78,64.33,970.3,6.5,14.5,7.25,14.64,20.5,Silt
36.4800_3.1600,36.48,3.16,17.13,65.55,919.8,6.5,13.5,6.75,15.36,28.3,Clay
36.4800_3.2400,36.48,3.24,16.91,67.1,945.7,6.4,11.6,5.8,15.52,21.3,Silt
36.4800_3.3200,36.48,3.32,16.12,66.38,860.9,6.5,12.7,6.35,15.84,19.8,Silt
36.4800_3.4000,36.48,3.4,14.57,65.95,863.3,6.6,14.1,7.05,14.48,21.0,Silt
36.4800_3.4800,36.48,3.48,16.81,67.76,750.9,6.8,12.5,6.25,15.04,22.4,Clay
36.4800_3.5600,36.48,3.56,18.0,68.19,820.3,6.7,12.8,6.4,18.0,16.3,Clay
36.4800_3.6400,36.48,3.64,17.41,67.05,769.8,6.7,13.4,6.7,17.36,16.2,Silt
36.4800_3.7200,36.48,3.72,18.55,66.07,815.4,6.9,13.7,6.85,17.12,13.6,Silt
36.4800_3.8000,36.48,3.8,18.61,66.08,815.4,6.6,12.8,6.4,16.88,14.5,Silt
36.4800_3.8800,36.48,3.88,15.41,63.69,814.0,6.7,14.4,7.2,16.24,21.5,Silt
36.4800_3.9600,36.48,3.96,16.95,65.16,999.7,6.3,13.5,6.75,15.6,29.7,Silt
36.4800_4.0400,36.48,4.04,13.64,64.19,989.9,6.2,17.7,8.85,14.88,26.6,Clay
36.4800_4.1200,36.48,4.12,11.23,63.7,989.9,6.4,19.1,9.55,15.12,24.6,Clay
36.4800_4.2000,36.48,4.2,12.82,64.88,1058.6,6.3,23.5,11.75,15.84,29.0,Silt
36.4800_4.2800,36.48,4.28,15.2,64.48,958.8,6.2,13.0,6.5,14.72,27.4,Silt
36.4800_4.3600,36.48,4.36,12.04,67.15,1095.9,6.4,20.3,10.15,16.08,26.8,Clay
36.4800_4.4400,36.48,4.44,12.86,67.33,1095.9,6.3,15.2,7.6,14.64,25.4,Clay
36.4800_4.5200,36.48,4.52,16.71,61.0,748.3,6.8,12.0,6.0,15.76,16.9,Clay
36.4800_4.6000,36.48,4.6,19.69,60.75,654.5,7.4,9.9,4.95,17.36,10.8,Silt
36.4800_4.6800,36.48,4.68,15.33,63.23,598.1,6.9,12.2,6.1,15.76,14.5,Silt
36.4800_4.7600,36.48,4.76,16.44,64.87,604.6,6.9,11.8,5.9,14.48,13.2,Clay
36.4800_4.8400,36.48,4.84,17.33,64.94,654.1,7.2,11.5,5.75,18.08,15.6,Clay
36.4800_4.9200,36.48,4.92,16.62,68.05,746.3,7.0,11.6,5.8,15.12,16.5,Clay
36.4800_5.0000,36.48,5.0,16.53,68.03,746.3,7.2,12.0,6.0,18.88,14.4,Clay
36.4800_5.0800,36.48,5.08,15.45,70.37,838.7,6.8,12.8,6.4,17.12,15.1,Silt
36.4800_5.1600,36.48,5.16,14.81,71.39,924.0,6.9,12.3,6.15,14.96,18.0,Clay
36.4800_5.2400,36.48,5.24,14.74,72.54,1006.7,6.8,12.4,6.2,16.08,18.7,Clay
36.4800_5.3200,36.48,5.32,14.15,71.5,866.9,6.8,11.4,5.7,15.28,21.2,Clay
36.4800_5.4000,36.48,5.4,15.17,72.34,1066.8,6.9,11.6,5.8,15.12,23.3,Silt
36.4800_5.4800,36.48,5.48,13.32,69.05,789.7,6.7,14.3,7.15,15.12,20.1,Clay
36.4800_5.5600,36.48,5.56,14.24,69.22,789.7,6.7,13.2,6.6,15.12,16.2,Clay
36.4800_5.6400,36.48,5.64,13.81,70.42,1032.0,6.8,13.3,6.65,14.56,18.8,Silt
36.4800_5.7200,36.48,5.72,15.67,66.8,549.9,6.8,12.0,6.0,16.08,13.8,Clay
36.4800_5.8000,36.48,5.8,17.01,66.63,547.2,6.7,11.6,5.8,16.32,14.5,Clay
36.4800_5.8800,36.48,5.88,17.57,66.71,547.2,6.8,11.8,5.9,16.32,14.2,Clay
36.4800_5.9600,36.48,5.96,17.42,66.67,588.9,6.8,12.2,6.1,17.6,14.5,Clay
36.4800_6.0400,36.48,6.04,17.67,66.73,588.9,6.9,11.4,5.7,17.6,13.9,Clay
36.4800_6.1200,36.48,6.12,18.4,67.03,575.1,6.7,10.7,5.35,16.96,14.2,Clay
36.4800_6.2000,36.48,6.2,17.27,64.88,570.5,6.8,11.6,5.8,17.04,14.2,Clay
36.4800_6.2800,36.48,6.28,18.0,71.91,589.1,6.9,11.2,5.6,16.64,12.7,Clay
36.4800_6.3600,36.48,6.36,18.08,70.86,593.4,6.8,10.5,5.25,19.6,12.2,Clay
36.4800_6.4400,36.48,6.44,18.13,68.05,554.5,6.9,10.2,5.1,18.48,13.6,Clay
36.4800_6.5200,36.48,6.52,16.3,70.66,631.7,6.8,11.0,5.5,17.2,13.4,Clay
36.4800_6.6000,36.48,6.6,16.39,68.04,577.4,7.0,12.3,6.15,15.6,14.0,Clay
36.4800_6.6800,36.48,6.68,16.41,68.89,757.6,6.8,10.8,5.4,15.52,11.7,Clay
36.4800_6.7600,36.48,6.76,15.79,68.77,757.6,6.8,13.9,6.95,15.76,15.4,Clay
36.4800_6.8400,36.48,6.84,16.56,67.89,830.4,6.9,12.8,6.4,17.76,14.7,Clay
36.4800_6.9200,36.48,6.92,16.19,67.62,761.8,7.0,11.4,5.7,19.76,14.6,Clay
36.4800_7.0000,36.48,7.0,15.51,68.75,665.1,6.9,13.3,6.65,17.44,15.1,Clay
36.4800_7.0800,36.48,7.08,15.51,68.75,665.1,6.9,12.7,6.35,18.32,15.8,Clay
36.4800_7.1600,36.48,7.16,15.93,69.75,638.2,7.1,11.4,5.7,17.12,13.3,Clay
36.4800_7.2400,36.48,7.24,16.61,68.95,615.1,7.2,11.3,5.65,16.08,11.9,Silt
36.4800_7.3200,36.48,7.32,16.61,68.95,615.1,7.2,11.8,5.9,15.52,12.6,Silt
36.4800_7.4000,36.48,7.4,18.51,69.06,626.8,7.6,10.3,5.15,18.0,10.5,Silt
36.4800_7.4800,36.48,7.48,19.01,66.52,644.9,7.2,10.1,5.05,16.56,10.0,Clay
36.4800_7.5600,36.48,7.56,17.88,66.31,644.9,7.4,9.8,4.9,17.52,10.9,Clay
36.4800_7.6400,36.48,7.64,18.05,67.4,751.0,7.0,11.5,5.75,15.76,16.5,Silt
36.4800_7.7200,36.48,7.72,19.18,68.97,817.0,7.3,11.9,5.95,17.52,12.4,Silt
36.4800_7.8000,36.48,7.8,16.84,68.2,891.8,6.5,12.0,6.0,17.84,15.5,Clay
36.4800_7.8800,36.48,7.88,16.32,70.22,1021.3,6.5,14.2,7.1,18.32,17.6,Clay
36.4800_7.9600,36.48,7.96,15.49,71.99,1041.8,6.3,15.5,7.75,18.24,27.0,Clay
36.4800_8.0400,36.48,8.04,17.74,71.94,991.4,6.9,12.0,6.0,18.16,14.8,Clay
36.4800_8.1200,36.48,8.12,17.07,73.05,854.0,6.4,11.9,5.95,19.92,18.0,Clay
36.4800_8.2000,36.48,8.2,16.2,74.1,833.9,6.5,13.7,6.85,18.72,14.7,Clay
36.4800_8.2800,36.48,8.28,14.52,72.64,768.8,6.0,16.2,8.1,16.64,21.8,Silt
36.4800_8.3600,36.48,8.36,17.99,71.77,686.1,6.8,11.5,5.75,20.8,14.2,Clay
36.4800_8.4400,36.48,8.44,18.82,69.37,579.9,7.1,10.5,5.25,19.52,11.2,Clay
36.4800_8.5200,36.48,8.52,18.84,67.21,555.3,7.2,9.9,4.95,21.12,11.8,Silt
36.4800_8.6000,36.48,8.6,18.95,67.23,555.3,7.4,10.7,5.35,17.12,10.1,Silt
36.4800_8.6800,36.48,8.68,18.47,66.87,563.7,7.7,10.4,5.2,17.52,12.3,Clay
36.5600_-2.2000,36.56,-2.2,19.31,79.59,302.8,0.0,0.0,0.0,0.0,0.0,Unknown
36.5600_-2.1200,36.56,-2.12,19.34,80.14,336.3,0.0,0.0,0.0,0.0,0.0,Unknown
36.5600_-2.0400,36.56,-2.04,19.47,80.16,330.0,0.0,0.0,0.0,0.0,0.0,Unknown
36.5600_-1.9600,36.56,-1.96,19.47,80.17,329.3,0.0,0.0,0.0,0.0,0.0,Unknown
36.5600_-1.8800,36.56,-1.88,19.63,79.98,304.9,0.0,0.0,0.0,0.0,0.0,Unknown
36.5600_-1.8000,36.56,-1.8,19.64,80.04,316.6,0.0,0.0,0.0,0.0,0.0,Unknown
36.5600_-1.7200,36.56,-1.72,19.64,80.04,316.6,0.0,0.0,0.0,0.0,0.0,Unknown
36.5600_-1.6400,36.56,-1.64,19.59,80.32,339.9,0.0,0.0,0.0,0.0,0.0,Unknown
36.5600_-1.5600,36.56,-1.56,19.65,80.33,325.8,0.0,0.0,0.0,0.0,0.0,Unknown
36.5600_-1.4800,36.56,-1.48,19.65,80.33,325.8,0.0,0.0,0.0,0.0,0.0,Unknown
36.5600_-1.4000,36.56,-1.4,19.7,80.31,336.3,0.0,0.0,0.0,0.0,0.0,Unknown
36.5600_-1.3200,36.56,-1.32,19.66,80.44,322.4,0.0,0.0,0.0,0.0,0.0,Unknown
36.5600_-1.2400,36.56,-1.24,19.66,80.44,322.4,0.0,0.0,0.0,0.0,0.0,Unknown
36.5600_-1.1600,36.56,-1.16,19.66,80.35,333.7,0.0,0.0,0.0,0.0,0.0,Unknown
36.5600_-1.0800,36.56,-1.08,19.73,80.2,324.5,0.0,0.0,0.0,0.0,0.0,Unknown
36.5600_-1.0000,36.56,-1.0,19.73,80.25,346.7,0.0,0.0,0.0,0.0,0.0,Unknown
36.5600_-0.9200,36.56,-0.92,19.73,80.25,346.7,0.0,0.0,0.0,0.0,0.0,Unknown
36.5600_-0.8400,36.56,-0.84,19.72,80.35,355.8,0.0,0.0,0.0,0.0,0.0,Unknown
36.5600_-0.7600,36.56,-0.76,19.74,80.36,382.5,0.0,0.0,0.0,0.0,0.0,Unknown
36.5600_-0.6800,36.56,-0.68,19.74,80.36,382.5,0.0,0.0,0.0,0.0,0.0,Unknown
36.5600_-0.6000,36.56,-0.6,19.74,80.36,397.1,0.0,0.0,0.0,0.0,0.0,Unknown
36.5600_-0.5200,36.56,-0.52,19.7,80.33,384.5,0.0,0.0,0.0,0.0,0.0,Unknown
36.5600_-0.4400,36.56,-0.44,19.7,80.33,384.5,0.0,0.0,0.0,0.0,0.0,Unknown
36.5600_-0.3600,36.56,-0.36,19.73,80.29,395.7,0.0,0.0,0.0,0.0,0.0,Unknown
36.5600_-0.2800,36.56,-0.28,19.75,80.12,404.7,0.0,0.0,0.0,0.0,0.0,Unknown
36.5600_-0.2000,36.56,-0.2,19.75,80.12,404.7,0.0,0.0,0.0,0.0,0.0,Unknown
36.5600_-0.1200,36.56,-0.12,19.73,80.02,399.1,0.0,0.0,0.0,0.0,0.0,Unknown
36.5600_-0.0400,36.56,-0.04,19.72,80.06,423.1,0.0,0.0,0.0,0.0,0.0,Unknown
36.5600_0.0400,36.56,0.04,19.72,80.06,423.1,0.0,0.0,0.0,0.0,0.0,Unknown
36.5600_0.1200,36.56,0.12,19.67,80.13,472.6,0.0,0.0,0.0,0.0,0.0,Unknown
36.5600_0.2000,36.56,0.2,19.62,80.05,462.1,0.0,0.0,0.0,0.0,0.0,Unknown
36.5600_0.2800,36.56,0.28,19.62,80.05,462.1,0.0,0.0,0.0,0.0,0.0,Unknown
36.5600_0.3600,36.56,0.36,19.67,79.8,474.8,0.0,0.0,0.0,0.0,0.0,Unknown
36.5600_0.4400,36.56,0.44,19.65,79.52,516.9,0.0,0.0,0.0,0.0,0.0,Unknown
36.5600_0.5200,36.56,0.52,19.65,79.52,516.9,0.0,0.0,0.0,0.0,0.0,Unknown
36.5600_0.6000,36.56,0.6,19.48,79.69,564.5,0.0,0.0,0.0,0.0,0.0,Unknown
36.5600_0.6800,36.56,0.68,19.48,79.66,586.6,0.0,0.0,0.0,0.0,0.0,Unknown
36.5600_0.7600,36.56,0.76,19.48,79.67,587.6,0.0,0.0,0.0,0.0,0.0,Unknown
36.5600_0.8400,36.56,0.84,19.67,79.14,653.1,0.0,0.0,0.0,0.0,0.0,Unknown
36.5600_0.9200,36.56,0.92,19.61,78.88,673.8,0.0,0.0,0.0,0.0,0.0,Unknown
36.5600_1.0000,36.56,1.0,19.61,78.88,673.8,0.0,0.0,0.0,0.0,0.0,Unknown
36.5600_1.0800,36.56,1.08,19.42,78.97,664.1,0.0,0.0,0.0,0.0,0.0,Unknown
36.5600_1.1600,36.56,1.16,19.63,74.37,661.3,0.0,0.0,0.0,0.0,0.0,Unknown
36.5600_1.2400,36.56,1.24,19.63,74.37,661.3,0.0,0.0,0.0,0.0,0.0,Unknown
36.5600_1.3200,36.56,1.32,19.63,74.37,661.3,0.0,0.0,0.0,0.0,0.0,Unknown
36.5600_1.4000,36.56,1.4,20.27,65.84,758.9,0.0,0.0,0.0,0.0,0.0,Unknown
36.5600_1.4800,36.56,1.48,20.19,65.75,716.9,0.0,0.0,0.0,0.0,0.0,Unknown
36.5600_1.5600,36.56,1.56,20.19,65.75,716.9,0.0,0.0,0.0,0.0,0.0,Unknown
36.5600_1.6400,36.56,1.64,20.18,66.28,674.8,0.0,0.0,0.0,0.0,0.0,Unknown
36.5600_1.7200,36.56,1.72,20.18,66.28,674.8,0.0,0.0,0.0,0.0,0.0,Unknown
36.5600_1.8000,36.56,1.8,20.45,65.04,700.8,6.9,15.5,7.75,15.68,42.8,Clay
36.5600_1.8800,36.56,1.88,20.43,65.61,759.8,7.1,13.7,6.85,15.6,21.6,Clay
36.5600_1.9600,36.56,1.96,19.94,65.61,749.7,7.1,13.7,6.85,14.56,16.4,Clay
36.5600_2.0400,36.56,2.04,18.74,65.9,877.9,6.6,13.2,6.6,15.76,17.3,Silt
36.5600_2.1200,36.56,2.12,18.51,65.85,877.9,6.7,13.6,6.8,16.64,19.6,Clay
36.5600_2.2000,36.56,2.2,17.76,65.49,727.4,6.5,13.3,6.65,17.44,18.9,Clay
36.5600_2.2800,36.56,2.28,18.82,67.19,824.8,7.0,10.8,5.4,18.56,16.0,Silt
36.5600_2.3600,36.56,2.36,18.61,70.62,744.9,7.4,9.9,4.95,17.6,16.3,Silt
36.5600_2.4400,36.56,2.44,18.38,68.23,697.6,7.0,9.7,4.85,18.48,16.6,Silt
36.5600_2.5200,36.56,2.52,18.78,71.07,715.8,7.4,10.5,5.25,16.64,15.2,Silt
36.5600_2.6000,36.56,2.6,18.87,71.8,679.0,7.4,11.4,5.7,16.56,14.5,Silt
36.5600_2.6800,36.56,2.68,19.11,69.87,826.8,7.4,11.4,5.7,16.72,18.2,Silt
36.5600_2.7600,36.56,2.76,19.11,69.87,826.8,6.7,10.9,5.45,15.6,14.4,Silt
36.5600_2.8400,36.56,2.84,19.2,69.11,889.7,6.8,11.7,5.85,17.04,11.3,Silt
36.5600_2.9200,36.56,2.92,19.09,68.08,971.1,6.7,12.5,6.25,16.56,17.6,Silt
36.5600_3.0000,36.56,3.0,19.09,68.08,971.1,6.9,12.6,6.3,16.16,18.9,Silt
36.5600_3.0800,36.56,3.08,18.89,67.57,910.4,6.8,11.1,5.55,16.08,15.0,Silt
36.5600_3.1600,36.56,3.16,18.77,66.03,933.1,0.0,0.0,0.0,0.0,0.0,Unknown
36.5600_3.2400,36.56,3.24,16.97,67.11,945.7,6.5,13.4,6.7,16.0,19.6,Silt
36.5600_3.3200,36.56,3.32,17.97,67.22,958.2,6.8,12.9,6.45,16.56,22.0,Silt
36.5600_3.4000,36.56,3.4,15.78,66.59,963.1,6.4,14.2,7.1,15.12,24.0,Clay
36.5600_3.4800,36.56,3.48,16.64,66.76,963.1,6.8,13.6,6.8,15.92,18.7,Clay
36.5600_3.5600,36.56,3.56,18.64,68.5,883.5,6.4,11.8,5.9,17.76,15.7,Clay
36.5600_3.6400,36.56,3.64,18.66,68.87,800.5,6.8,12.6,6.3,18.24,12.2,Clay
36.5600_3.7200,36.56,3.72,16.34,65.69,815.4,6.5,13.0,6.5,17.28,19.1,Clay
36.5600_3.8000,36.56,3.8,18.01,66.55,843.8,6.8,12.4,6.2,18.4,13.8,Clay
36.5600_3.8800,36.56,3.88,19.31,64.42,899.1,6.7,12.1,6.05,17.36,12.3,Clay
36.5600_3.9600,36.56,3.96,17.73,63.76,977.7,6.3,12.6,6.3,16.72,21.9,Clay
36.5600_4.0400,36.56,4.04,17.73,63.76,977.7,6.4,13.5,6.75,15.92,25.7,Clay
36.5600_4.1200,36.56,4.12,17.11,64.86,993.0,6.5,13.0,6.5,16.4,16.6,Clay
36.5600_4.2000,36.56,4.2,17.53,65.65,1059.3,6.6,11.7,5.85,17.12,15.6,Clay
36.5600_4.2800,36.56,4.28,15.46,67.51,1098.7,6.3,14.4,7.2,15.44,22.5,Clay
36.5600_4.3600,36.56,4.36,15.8,66.23,1051.3,6.2,14.7,7.35,16.48,20.2,Clay
36.5600_4.4400,36.56,4.44,16.1,64.81,930.4,6.6,13.8,6.9,15.68,19.4,Silt
36.5600_4.5200,36.56,4.52,11.3,65.06,1125.5,6.2,20.0,10.0,15.52,24.9,Silt
36.5600_4.6000,36.56,4.6,18.81,62.31,723.4,6.7,12.1,6.05,15.6,18.2,Clay
36.5600_4.6800,36.56,4.68,17.99,64.28,655.5,6.9,11.4,5.7,17.44,15.5,Silt
36.5600_4.7600,36.56,4.76,13.44,64.27,718.5,6.7,15.0,7.5,15.28,19.1,Silt
36.5600_4.8400,36.56,4.84,16.88,64.86,654.1,6.9,10.5,5.25,17.36,13.5,Clay
36.5600_4.9200,36.56,4.92,17.19,70.74,895.4,6.7,11.1,5.55,16.96,15.8,Clay
36.5600_5.0000,36.56,5.0,16.51,68.23,810.0,6.5,14.6,7.3,17.28,18.3,Silt
36.5600_5.0800,36.56,5.08,14.14,70.17,838.7,6.3,14.5,7.25,14.56,23.7,Silt
36.5600_5.1600,36.56,5.16,15.88,71.13,1000.6,6.5,15.4,7.7,15.76,20.0,Clay
36.5600_5.2400,36.56,5.24,13.05,71.15,924.0,6.7,19.9,9.95,14.88,19.3,Clay
36.5600_5.3200,36.56,5.32,18.24,72.3,1143.2,6.3,14.2,7.1,15.28,17.0,Clay
36.5600_5.4000,36.56,5.4,13.8,72.13,1066.8,6.4,23.1,11.55,14.32,28.7,Silt
36.5600_5.4800,36.56,5.48,15.14,73.19,1271.0,6.3,16.1,8.05,15.68,22.5,Clay
36.5600_5.5600,36.56,5.56,14.85,73.13,1271.0,6.6,14.1,7.05,15.12,24.9,Silt
36.5600_5.6400,36.56,5.64,14.05,72.26,1300.0,6.3,15.4,7.7,17.6,23.0,Silt
36.5600_5.7200,36.56,5.72,12.53,72.01,1300.0,6.2,17.1,8.55,15.84,28.0,Clay
36.5600_5.8000,36.56,5.8,13.41,72.93,1087.8,5.9,12.7,6.35,16.32,22.0,Silt
36.5600_5.8800,36.56,5.88,12.7,72.68,953.0,6.0,17.5,8.75,16.4,27.1,Silt
36.5600_5.9600,36.56,5.96,15.9,68.94,658.1,6.5,12.9,6.45,14.72,23.0,Clay
36.5600_6.0400,36.56,6.04,12.5,70.55,966.6,5.8,17.9,8.95,15.2,26.1,Silt
36.5600_6.1200,36.56,6.12,13.86,69.58,860.9,6.0,14.7,7.35,15.76,21.1,Clay
36.5600_6.2000,36.56,6.2,15.77,69.92,860.9,6.7,13.8,6.9,15.68,16.9,Clay
36.5600_6.2800,36.56,6.28,18.19,71.95,589.1,6.7,14.6,7.3,21.68,22.5,Clay
36.5600_6.3600,36.56,6.36,15.64,71.25,716.3,6.8,13.2,6.6,18.0,15.2,Clay
36.5600_6.4400,36.56,6.44,13.55,71.77,818.8,5.9,14.7,7.35,17.2,24.6,Clay
36.5600_6.5200,36.56,6.52,14.13,71.85,818.8,6.5,14.7,7.35,15.84,17.0,Clay
36.5600_6.6000,36.56,6.6,16.08,71.08,796.1,6.8,12.7,6.35,16.16,15.7,Clay
36.5600_6.6800,36.56,6.68,16.41,68.9,757.6,6.8,12.5,6.25,16.48,17.0,Clay
36.5600_6.7600,36.56,6.76,15.62,68.73,757.6,6.6,12.5,6.25,18.32,14.6,Clay
36.5600_6.8400,36.56,6.84,15.6,67.72,830.4,6.6,13.1,6.55,17.36,14.6,Clay
36.5600_6.9200,36.56,6.92,17.42,66.85,812.6,6.7,11.4,5.7,22.32,15.1,Silt
36.5600_7.0000,36.56,7.0,15.57,67.51,761.8,6.8,12.3,6.15,16.48,20.6,Clay
36.5600_7.0800,36.56,7.08,15.8,69.02,759.7,6.6,13.4,6.7,18.08,18.0,Clay
36.5600_7.1600,36.56,7.16,18.21,68.42,727.5,6.5,11.5,5.75,18.48,14.9,Clay
36.5600_7.2400,36.56,7.24,18.37,68.57,691.8,7.2,10.5,5.25,18.48,12.9,Silt
36.5600_7.3200,36.56,7.32,16.88,68.93,624.2,6.5,11.3,5.65,17.52,18.0,Clay
36.5600_7.4000,36.56,7.4,17.57,68.85,694.9,6.8,11.9,5.95,16.56,14.9,Clay
36.5600_7.4800,36.56,7.48,16.94,68.72,694.9,7.0,11.1,5.55,17.52,16.0,Clay
36.5600_7.5600,36.56,7.56,15.64,69.6,772.8,6.5,13.4,6.7,17.68,18.8,Clay
36.5600_7.6400,36.56,7.64,16.9,69.7,666.3,6.8,11.6,5.8,18.56,13.6,Clay
36.5600_7.7200,36.56,7.72,19.16,68.87,712.6,7.2,10.1,5.05,17.44,11.9,Silt
36.5600_7.8000,36.56,7.8,18.25,68.72,712.6,6.6,13.0,6.5,19.84,18.8,Clay
36.5600_7.8800,36.56,7.88,16.3,70.21,1049.5,6.3,14.6,7.3,17.28,26.1,Clay
36.5600_7.9600,36.56,7.96,15.06,71.52,991.4,6.0,16.3,8.15,17.04,21.7,Clay
36.5600_8.0400,36.56,8.04,16.55,71.77,991.4,6.1,13.6,6.8,17.28,20.9,Clay
36.5600_8.1200,36.56,8.12,15.75,72.83,854.0,6.1,13.4,6.7,18.88,20.9,Clay
36.5600_8.2000,36.56,8.2,15.88,74.05,833.9,6.4,12.2,6.1,17.6,15.5,Clay
36.5600_8.2800,36.56,8.28,12.84,73.57,833.9,5.8,21.4,10.7,16.72,28.2,Clay
36.5600_8.3600,36.56,8.36,14.64,73.79,1055.7,5.9,17.4,8.7,16.8,20.2,Clay
36.5600_8.4400,36.56,8.44,16.8,71.95,639.7,6.4,12.4,6.2,21.44,16.6,Clay
36.5600_8.5200,36.56,8.52,14.83,72.42,809.3,6.2,13.3,6.65,19.04,22.5,Clay
36.5600_8.6000,36.56,8.6,17.21,71.93,625.8,6.8,12.2,6.1,19.6,12.5,Clay
36.5600_8.6800,36.56,8.68,18.4,68.52,572.2,7.4,11.3,5.65,18.4,11.7,Clay
36.6400_-2.2000,36.64,-2.2,19.49,78.13,268.5,0.0,0.0,0.0,0.0,0.0,Unknown
36.6400_-2.1200,36.64,-2.12,19.26,79.63,275.3,0.0,0.0,0.0,0.0,0.0,Unknown
36.6400_-2.0400,36.64,-2.04,19.28,80.31,333.1,0.0,0.0,0.0,0.0,0.0,Unknown
36.6400_-1.9600,36.64,-1.96,19.28,80.31,333.1,0.0,0.0,0.0,0.0,0.0,Unknown
36.6400_-1.8800,36.64,-1.88,19.54,79.92,316.8,0.0,0.0,0.0,0.0,0.0,Unknown
36.6400_-1.8000,36.64,-1.8,19.66,79.74,316.1,0.0,0.0,0.0,0.0,0.0,Unknown
36.6400_-1.7200,36.64,-1.72,19.66,79.74,316.1,0.0,0.0,0.0,0.0,0.0,Unknown
36.6400_-1.6400,36.64,-1.64,19.61,79.92,333.3,0.0,0.0,0.0,0.0,0.0,Unknown
36.6400_-1.5600,36.64,-1.56,19.65,80.07,363.0,0.0,0.0,0.0,0.0,0.0,Unknown
36.6400_-1.4800,36.64,-1.48,19.65,80.07,363.0,0.0,0.0,0.0,0.0,0.0,Unknown
36.6400_-1.4000,36.64,-1.4,19.73,80.11,368.6,0.0,0.0,0.0,0.0,0.0,Unknown
36.6400_-1.3200,36.64,-1.32,19.71,80.22,305.8,0.0,0.0,0.0,0.0,0.0,Unknown
36.6400_-1.2400,36.64,-1.24,19.71,80.22,305.8,0.0,0.0,0.0,0.0,0.0,Unknown
36.6400_-1.1600,36.64,-1.16,19.68,80.28,311.2,0.0,0.0,0.0,0.0,0.0,Unknown
36.6400_-1.0800,36.64,-1.08,19.7,80.21,327.6,0.0,0.0,0.0,0.0,0.0,Unknown
36.6400_-1.0000,36.64,-1.0,19.7,80.26,322.1,0.0,0.0,0.0,0.0,0.0,Unknown
36.6400_-0.9200,36.64,-0.92,19.7,80.26,322.1,0.0,0.0,0.0,0.0,0.0,Unknown
36.6400_-0.8400,36.64,-0.84,19.7,80.23,354.1,0.0,0.0,0.0,0.0,0.0,Unknown
36.6400_-0.7600,36.64,-0.76,19.73,80.19,378.8,0.0,0.0,0.0,0.0,0.0,Unknown
36.6400_-0.6800,36.64,-0.68,19.73,80.19,378.8,0.0,0.0,0.0,0.0,0.0,Unknown
36.6400_-0.6000,36.64,-0.6,19.75,80.19,381.0,0.0,0.0,0.0,0.0,0.0,Unknown
36.6400_-0.5200,36.64,-0.52,19.7,80.28,373.6,0.0,0.0,0.0,0.0,0.0,Unknown
36.6400_-0.4400,36.64,-0.44,19.7,80.28,373.6,0.0,0.0,0.0,0.0,0.0,Unknown
36.6400_-0.3600,36.64,-0.36,19.72,80.19,393.6,0.0,0.0,0.0,0.0,0.0,Unknown
36.6400_-0.2800,36.64,-0.28,19.75,80.04,353.9,0.0,0.0,0.0,0.0,0.0,Unknown
36.6400_-0.2000,36.64,-0.2,19.75,80.04,353.9,0.0,0.0,0.0,0.0,0.0,Unknown
36.6400_-0.1200,36.64,-0.12,19.74,79.91,358.5,0.0,0.0,0.0,0.0,0.0,Unknown
36.6400_-0.0400,36.64,-0.04,19.75,79.86,404.9,0.0,0.0,0.0,0.0,0.0,Unknown
36.6400_0.0400,36.64,0.04,19.75,79.86,404.9,0.0,0.0,0.0,0.0,0.0,Unknown
36.6400_0.1200,36.64,0.12,19.7,79.93,458.7,0.0,0.0,0.0,0.0,0.0,Unknown
36.6400_0.2000,36.64,0.2,19.62,80.12,460.5,0.0,0.0,0.0,0.0,0.0,Unknown
36.6400_0.2800,36.64,0.28,19.62,80.12,460.5,0.0,0.0,0.0,0.0,0.0,Unknown
36.6400_0.3600,36.64,0.36,19.68,79.96,482.9,0.0,0.0,0.0,0.0,0.0,Unknown
36.6400_0.4400,36.64,0.44,19.77,79.59,456.8,0.0,0.0,0.0,0.0,0.0,Unknown
36.6400_0.5200,36.64,0.52,19.77,79.59,456.8,0.0,0.0,0.0,0.0,0.0,Unknown
36.6400_0.6000,36.64,0.6,19.68,79.41,494.3,0.0,0.0,0.0,0.0,0.0,Unknown
36.6400_0.6800,36.64,0.68,19.58,79.41,563.5,0.0,0.0,0.0,0.0,0.0,Unknown
36.6400_0.7600,36.64,0.76,19.58,79.41,563.5,0.0,0.0,0.0,0.0,0.0,Unknown
36.6400_0.8400,36.64,0.84,19.62,79.17,668.7,0.0,0.0,0.0,0.0,0.0,Unknown
36.6400_0.9200,36.64,0.92,19.6,79.09,659.4,0.0,0.0,0.0,0.0,0.0,Unknown
36.6400_1.0000,36.64,1.0,19.6,79.09,659.4,0.0,0.0,0.0,0.0,0.0,Unknown
36.6400_1.0800,36.64,1.08,19.55,79.1,620.7,0.0,0.0,0.0,0.0,0.0,Unknown
36.6400_1.1600,36.64,1.16,19.62,78.84,625.4,0.0,0.0,0.0,0.0,0.0,Unknown
36.6400_1.2400,36.64,1.24,19.6,78.5,678.7,0.0,0.0,0.0,0.0,0.0,Unknown
36.6400_1.3200,36.64,1.32,19.6,78.5,678.7,0.0,0.0,0.0,0.0,0.0,Unknown
36.6400_1.4000,36.64,1.4,19.52,78.39,638.5,0.0,0.0,0.0,0.0,0.0,Unknown
36.6400_1.4800,36.64,1.48,19.62,78.29,601.8,0.0,0.0,0.0,0.0,0.0,Unknown
36.6400_1.5600,36.64,1.56,19.62,78.29,601.8,0.0,0.0,0.0,0.0,0.0,Unknown
36.6400_1.6400,36.64,1.64,19.74,77.86,603.0,0.0,0.0,0.0,0.0,0.0,Unknown
36.6400_1.7200,36.64,1.72,19.72,76.87,685.4,0.0,0.0,0.0,0.0,0.0,Unknown
36.6400_1.8000,36.64,1.8,19.72,76.87,685.4,0.0,0.0,0.0,0.0,0.0,Unknown
36.6400_1.8800,36.64,1.88,19.8,76.31,682.6,0.0,0.0,0.0,0.0,0.0,Unknown
36.6400_1.9600,36.64,1.96,19.89,66.13,877.9,0.0,0.0,0.0,0.0,0.0,Unknown
36.6400_2.0400,36.64,2.04,19.89,66.13,877.9,0.0,0.0,0.0,0.0,0.0,Unknown
36.6400_2.1200,36.64,2.12,19.89,66.13,877.9,0.0,0.0,0.0,0.0,0.0,Unknown
36.6400_2.2000,36.64,2.2,19.74,67.32,824.8,0.0,0.0,0.0,0.0,0.0,Unknown
36.6400_2.2800,36.64,2.28,19.74,67.32,824.8,0.0,0.0,0.0,0.0,0.0,Unknown
36.6400_2.3600,36.64,2.36,19.06,70.67,744.9,0.0,0.0,0.0,0.0,0.0,Unknown
36.6400_2.4400,36.64,2.44,19.01,71.11,715.8,0.0,0.0,0.0,0.0,0.0,Unknown
36.6400_2.5200,36.64,2.52,19.01,71.11,715.8,0.0,0.0,0.0,0.0,0.0,Unknown
36.6400_2.6000,36.64,2.6,18.95,71.81,679.0,0.0,0.0,0.0,0.0,0.0,Unknown
36.6400_2.6800,36.64,2.68,18.93,78.05,708.0,7.0,14.4,7.2,14.24,22.3,Clay
36.6400_2.7600,36.64,2.76,17.98,77.91,708.0,0.0,0.0,0.0,0.0,0.0,Unknown
36.6400_2.8400,36.64,2.84,19.2,70.99,784.0,7.0,11.8,5.9,18.32,15.8,Silt
36.6400_2.9200,36.64,2.92,19.14,70.89,780.9,7.0,11.4,5.7,17.04,19.4,Silt
36.6400_3.0000,36.64,3.0,19.14,70.89,780.9,7.1,12.1,6.05,15.52,17.8,Silt
36.6400_3.0800,36.64,3.08,19.29,69.8,805.9,7.1,11.8,5.9,19.04,16.7,Silt
36.6400_3.1600,36.64,3.16,19.25,68.43,835.7,6.9,11.8,5.9,16.4,17.8,Silt
36.6400_3.2400,36.64,3.24,19.25,68.43,835.7,7.3,11.3,5.65,16.56,12.3,Silt
36.6400_3.3200,36.64,3.32,18.83,67.64,866.1,0.0,0.0,0.0,0.0,0.0,Unknown
36.6400_3.4000,36.64,3.4,19.11,68.52,885.1,6.7,12.4,6.2,18.48,13.0,Clay
36.6400_3.4800,36.64,3.48,18.06,69.48,905.2,6.5,12.2,6.1,18.08,14.5,Clay
36.6400_3.5600,36.64,3.56,18.06,69.48,905.2,6.4,12.1,6.05,18.64,16.3,Clay
36.6400_3.6400,36.64,3.64,17.96,69.71,827.8,6.7,11.8,5.9,17.68,15.3,Clay
36.6400_3.7200,36.64,3.72,19.12,68.77,907.5,6.8,13.0,6.5,17.2,16.2,Clay
36.6400_3.8000,36.64,3.8,16.9,68.39,907.5,6.2,12.3,6.15,16.16,24.3,Clay
36.6400_3.8800,36.64,3.88,19.25,66.61,904.9,6.5,11.8,5.9,17.52,18.8,Clay
36.6400_3.9600,36.64,3.96,18.37,66.22,872.1,6.5,12.4,6.2,16.64,20.7,Clay
36.6400_4.0400,36.64,4.04,17.07,63.65,977.7,0.0,0.0,0.0,0.0,0.0,Unknown
36.6400_4.1200,36.64,4.12,18.22,68.39,914.6,6.5,12.4,6.2,17.68,16.3,Clay
36.6400_4.2000,36.64,4.2,15.13,65.04,960.4,0.0,0.0,0.0,0.0,0.0,Unknown
36.6400_4.2800,36.64,4.28,17.12,65.84,1038.8,6.2,13.6,6.8,18.08,21.3,Clay
36.6400_4.3600,36.64,4.36,18.67,66.1,1038.8,6.9,11.7,5.85,16.56,18.7,Clay
36.6400_4.4400,36.64,4.44,17.61,65.91,1038.8,6.7,11.7,5.85,17.68,18.7,Clay
36.6400_4.5200,36.64,4.52,13.52,65.95,1138.4,6.3,18.4,9.2,18.0,26.6,Silt
36.6400_4.6000,36.64,4.6,14.15,66.65,1201.8,6.2,18.3,9.15,13.6,23.2,Clay
36.6400_4.6800,36.64,4.68,17.82,65.11,718.5,6.6,12.1,6.05,15.2,17.8,Clay
36.6400_4.7600,36.64,4.76,19.23,68.8,717.7,7.0,11.8,5.9,16.16,11.6,Clay
36.6400_4.8400,36.64,4.84,19.23,68.8,717.7,7.1,11.8,5.9,18.24,12.2,Clay
36.6400_4.9200,36.64,4.92,18.04,70.86,895.4,0.0,0.0,0.0,0.0,0.0,Unknown
36.6400_5.0000,36.64,5.0,15.19,70.47,932.2,6.3,13.3,6.65,15.52,22.2,Clay
36.6400_5.0800,36.64,5.08,16.07,70.36,1026.4,6.4,13.8,6.9,15.76,21.4,Clay
36.6400_5.1600,36.64,5.16,17.88,74.26,1030.7,6.6,15.0,7.5,17.04,20.3,Clay
36.6400_5.2400,36.64,5.24,19.62,74.53,1030.7,0.0,0.0,0.0,0.0,0.0,Unknown
36.6400_5.3200,36.64,5.32,19.53,72.51,1143.2,0.0,0.0,0.0,0.0,0.0,Unknown
36.6400_5.4000,36.64,5.4,17.6,71.88,1265.1,6.3,15.0,7.5,14.72,21.4,Clay
36.6400_5.4800,36.64,5.48,19.05,72.3,1431.2,6.3,17.4,8.7,16.24,22.0,Clay
36.6400_5.5600,36.64,5.56,18.26,72.17,1431.2,6.1,14.7,7.35,17.28,20.9,Clay
36.6400_5.6400,36.64,5.64,14.03,72.26,1300.0,6.1,18.5,9.25,15.52,28.9,Clay
36.6400_5.7200,36.64,5.72,12.02,71.96,1300.0,5.9,18.2,9.1,14.72,29.2,Clay
36.6400_5.8000,36.64,5.8,16.75,73.03,1205.1,6.2,14.9,7.45,16.96,19.0,Clay
36.6400_5.8800,36.64,5.88,12.79,72.7,953.0,5.8,20.2,10.1,17.76,35.1,Clay
36.6400_5.9600,36.64,5.96,16.94,73.07,1254.9,6.3,15.7,7.85,16.8,21.8,Clay
36.6400_6.0400,36.64,6.04,15.51,71.02,1175.0,5.8,18.4,9.2,16.0,25.9,Silt
36.6400_6.1200,36.64,6.12,12.83,70.5,1111.9,5.9,18.0,9.0,15.6,26.2,Clay
36.6400_6.2000,36.64,6.2,14.83,70.8,1111.9,5.8,16.2,8.1,16.88,22.7,Silt
36.6400_6.2800,36.64,6.28,19.49,73.48,923.7,6.7,12.9,6.45,17.44,16.5,Silt
36.6400_6.3600,36.64,6.36,16.57,71.94,845.8,6.3,14.0,7.0,16.48,18.2,Clay
36.6400_6.4400,36.64,6.44,14.45,71.9,818.8,6.0,16.1,8.05,17.44,30.5,Clay
36.6400_6.5200,36.64,6.52,15.04,71.46,897.1,6.1,19.6,9.8,18.08,25.2,Clay
36.6400_6.6000,36.64,6.6,17.03,69.79,793.4,6.4,14.9,7.45,18.24,16.9,Clay
36.6400_6.6800,36.64,6.68,18.3,66.75,656.6,6.7,11.3,5.65,20.32,11.6,Clay
36.6400_6.7600,36.64,6.76,18.3,66.75,656.6,6.8,11.1,5.55,18.16,12.7,Clay
36.6400_6.8400,36.64,6.84,18.71,66.46,672.1,6.9,8.7,4.35,20.56,12.3,Silt
36.6400_6.9200,36.64,6.92,18.22,67.52,740.3,6.5,13.7,6.85,20.32,15.9,Clay
36.6400_7.0000,36.64,7.0,18.22,67.52,740.3,6.8,12.9,6.45,16.56,17.2,Clay
36.6400_7.0800,36.64,7.08,18.97,68.12,759.7,7.1,10.1,5.05,19.68,11.7,Clay
36.6400_7.1600,36.64,7.16,18.15,68.19,670.3,6.4,11.6,5.8,17.36,15.3,Clay
36.6400_7.2400,36.64,7.24,18.15,68.19,670.3,6.9,11.3,5.65,16.24,14.4,Clay
36.6400_7.3200,36.64,7.32,18.57,68.7,669.5,7.2,10.2,5.1,20.8,11.5,Clay
36.6400_7.4000,36.64,7.4,16.15,68.61,694.9,6.3,13.7,6.85,17.76,19.0,Clay
36.6400_7.4800,36.64,7.48,18.46,67.96,696.8,6.8,12.1,6.05,16.16,13.6,Silt
36.6400_7.5600,36.64,7.56,18.44,68.25,697.1,7.0,11.1,5.55,17.92,17.6,Clay
36.6400_7.6400,36.64,7.64,18.8,69.19,634.1,6.7,10.2,5.1,17.76,17.9,Clay
36.6400_7.7200,36.64,7.72,18.8,69.19,634.1,6.7,11.0,5.5,18.08,13.3,Clay
36.6400_7.8000,36.64,7.8,18.91,68.34,694.2,6.7,10.5,5.25,17.36,15.2,Clay
36.6400_7.8800,36.64,7.88,18.37,69.77,853.7,6.4,12.5,6.25,18.0,17.8,Clay
36.6400_7.9600,36.64,7.96,18.37,69.77,853.7,6.3,12.9,6.45,18.48,19.3,Clay
36.6400_8.0400,36.64,8.04,17.34,71.45,952.6,6.4,15.4,7.7,16.88,17.3,Clay
36.6400_8.1200,36.64,8.12,18.1,71.1,904.7,6.8,11.6,5.8,19.2,14.2,Clay
36.6400_8.2000,36.64,8.2,18.41,71.14,904.7,6.6,12.7,6.35,20.32,17.5,Clay
36.6400_8.2800,36.64,8.28,17.49,71.34,1032.3,6.0,16.3,8.15,16.8,23.9,Clay
36.6400_8.3600,36.64,8.36,17.95,72.94,1120.6,6.5,13.5,6.75,17.2,15.4,Clay
36.6400_8.4400,36.64,8.44,16.8,73.05,943.1,6.1,14.6,7.3,15.68,18.4,Clay
36.6400_8.5200,36.64,8.52,16.8,73.05,943.1,6.2,15.0,7.5,15.92,17.4,Clay
36.6400_8.6000,36.64,8.6,16.8,73.06,812.6,6.4,14.6,7.3,20.4,17.8,Silt
36.6400_8.6800,36.64,8.68,17.89,69.23,554.8,6.5,13.3,6.65,22.24,12.3,Clay
36.7200_-2.2000,36.72,-2.2,19.85,64.32,279.9,0.0,0.0,0.0,0.0,0.0,Unknown
36.7200_-2.1200,36.72,-2.12,19.76,65.99,276.7,0.0,0.0,0.0,0.0,0.0,Unknown
36.7200_-2.0400,36.72,-2.04,19.76,65.99,276.7,0.0,0.0,0.0,0.0,0.0,Unknown
36.7200_-1.9600,36.72,-1.96,19.76,65.99,276.7,0.0,0.0,0.0,0.0,0.0,Unknown
36.7200_-1.8800,36.72,-1.88,19.5,79.82,342.9,0.0,0.0,0.0,0.0,0.0,Unknown
36.7200_-1.8000,36.72,-1.8,19.69,79.43,340.8,0.0,0.0,0.0,0.0,0.0,Unknown
36.7200_-1.7200,36.72,-1.72,19.69,79.41,340.8,0.0,0.0,0.0,0.0,0.0,Unknown
36.7200_-1.6400,36.72,-1.64,19.66,79.63,345.4,0.0,0.0,0.0,0.0,0.0,Unknown
36.7200_-1.5600,36.72,-1.56,19.64,79.76,369.8,0.0,0.0,0.0,0.0,0.0,Unknown
36.7200_-1.4800,36.72,-1.48,19.64,79.76,369.8,0.0,0.0,0.0,0.0,0.0,Unknown
36.7200_-1.4000,36.72,-1.4,19.73,79.82,364.7,0.0,0.0,0.0,0.0,0.0,Unknown
36.7200_-1.3200,36.72,-1.32,19.77,79.86,311.5,0.0,0.0,0.0,0.0,0.0,Unknown
36.7200_-1.2400,36.72,-1.24,19.76,79.92,284.0,0.0,0.0,0.0,0.0,0.0,Unknown
36.7200_-1.1600,36.72,-1.16,19.76,79.92,284.0,0.0,0.0,0.0,0.0,0.0,Unknown
36.7200_-1.0800,36.72,-1.08,19.76,80.01,318.5,0.0,0.0,0.0,0.0,0.0,Unknown
36.7200_-1.0000,36.72,-1.0,19.76,80.06,337.3,0.0,0.0,0.0,0.0,0.0,Unknown
36.7200_-0.9200,36.72,-0.92,19.76,80.06,337.3,0.0,0.0,0.0,0.0,0.0,Unknown
36.7200_-0.8400,36.72,-0.84,19.74,80.0,325.7,0.0,0.0,0.0,0.0,0.0,Unknown
36.7200_-0.7600,36.72,-0.76,19.76,79.96,339.3,0.0,0.0,0.0,0.0,0.0,Unknown
36.7200_-0.6800,36.72,-0.68,19.76,79.96,339.3,0.0,0.0,0.0,0.0,0.0,Unknown
36.7200_-0.6000,36.72,-0.6,19.77,80.02,361.3,0.0,0.0,0.0,0.0,0.0,Unknown
36.7200_-0.5200,36.72,-0.52,19.74,80.08,362.0,0.0,0.0,0.0,0.0,0.0,Unknown
36.7200_-0.4400,36.72,-0.44,19.74,80.08,362.0,0.0,0.0,0.0,0.0,0.0,Unknown
36.7200_-0.3600,36.72,-0.36,19.73,80.04,379.4,0.0,0.0,0.0,0.0,0.0,Unknown
36.7200_-0.2800,36.72,-0.28,19.73,80.04,346.9,0.0,0.0,0.0,0.0,0.0,Unknown
36.7200_-0.2000,36.72,-0.2,19.73,80.04,346.9,0.0,0.0,0.0,0.0,0.0,Unknown
36.7200_-0.1200,36.72,-0.12,19.71,79.94,374.9,0.0,0.0,0.0,0.0,0.0,Unknown
36.7200_-0.0400,36.72,-0.04,19.74,79.75,397.4,0.0,0.0,0.0,0.0,0.0,Unknown
36.7200_0.0400,36.72,0.04,19.74,79.75,397.4,0.0,0.0,0.0,0.0,0.0,Unknown
36.7200_0.1200,36.72,0.12,19.74,79.65,442.4,0.0,0.0,0.0,0.0,0.0,Unknown
36.7200_0.2000,36.72,0.2,19.64,79.83,450.2,0.0,0.0,0.0,0.0,0.0,Unknown
36.7200_0.2800,36.72,0.28,19.64,79.83,450.2,0.0,0.0,0.0,0.0,0.0,Unknown
36.7200_0.3600,36.72,0.36,19.63,79.92,505.1,0.0,0.0,0.0,0.0,0.0,Unknown
36.7200_0.4400,36.72,0.44,19.73,79.66,509.6,0.0,0.0,0.0,0.0,0.0,Unknown
36.7200_0.5200,36.72,0.52,19.73,79.66,509.6,0.0,0.0,0.0,0.0,0.0,Unknown
36.7200_0.6000,36.72,0.6,19.73,79.48,473.3,0.0,0.0,0.0,0.0,0.0,Unknown
36.7200_0.6800,36.72,0.68,19.66,79.45,517.6,0.0,0.0,0.0,0.0,0.0,Unknown
36.7200_0.7600,36.72,0.76,19.66,79.45,517.6,0.0,0.0,0.0,0.0,0.0,Unknown
36.7200_0.8400,36.72,0.84,19.63,79.33,577.4,0.0,0.0,0.0,0.0,0.0,Unknown
36.7200_0.9200,36.72,0.92,19.6,79.08,613.5,0.0,0.0,0.0,0.0,0.0,Unknown
36.7200_1.0000,36.72,1.0,19.6,79.08,613.5,0.0,0.0,0.0,0.0,0.0,Unknown
36.7200_1.0800,36.72,1.08,19.58,78.87,645.7,0.0,0.0,0.0,0.0,0.0,Unknown
36.7200_1.1600,36.72,1.16,19.63,78.6,635.3,0.0,0.0,0.0,0.0,0.0,Unknown
36.7200_1.2400,36.72,1.24,19.63,78.6,635.3,0.0,0.0,0.0,0.0,0.0,Unknown
36.7200_1.3200,36.72,1.32,19.62,78.46,646.9,0.0,0.0,0.0,0.0,0.0,Unknown
36.7200_1.4000,36.72,1.4,19.56,78.38,697.9,0.0,0.0,0.0,0.0,0.0,Unknown
36.7200_1.4800,36.72,1.48,19.6,78.12,677.4,0.0,0.0,0.0,0.0,0.0,Unknown
36.7200_1.5600,36.72,1.56,19.6,78.12,677.4,0.0,0.0,0.0,0.0,0.0,Unknown
36.7200_1.6400,36.72,1.64,19.66,77.93,644.0,0.0,0.0,0.0,0.0,0.0,Unknown
36.7200_1.7200,36.72,1.72,19.67,77.72,690.7,0.0,0.0,0.0,0.0,0.0,Unknown
36.7200_1.8000,36.72,1.8,19.67,77.72,690.7,0.0,0.0,0.0,0.0,0.0,Unknown
36.7200_1.8800,36.72,1.88,19.75,77.48,674.7,0.0,0.0,0.0,0.0,0.0,Unknown
36.7200_1.9600,36.72,1.96,19.77,77.66,708.4,0.0,0.0,0.0,0.0,0.0,Unknown
36.7200_2.0400,36.72,2.04,19.77,77.66,708.4,0.0,0.0,0.0,0.0,0.0,Unknown
36.7200_2.1200,36.72,2.12,19.57,78.17,723.7,0.0,0.0,0.0,0.0,0.0,Unknown
36.7200_2.2000,36.72,2.2,19.38,78.24,715.6,0.0,0.0,0.0,0.0,0.0,Unknown
36.7200_2.2800,36.72,2.28,19.38,78.24,715.6,0.0,0.0,0.0,0.0,0.0,Unknown
36.7200_2.3600,36.72,2.36,19.28,78.17,746.0,0.0,0.0,0.0,0.0,0.0,Unknown
36.7200_2.4400,36.72,2.44,19.12,78.41,768.0,0.0,0.0,0.0,0.0,0.0,Unknown
36.7200_2.5200,36.72,2.52,19.12,78.41,768.0,0.0,0.0,0.0,0.0,0.0,Unknown
36.7200_2.6000,36.72,2.6,19.01,78.05,708.0,0.0,0.0,0.0,0.0,0.0,Unknown
36.7200_2.6800,36.72,2.68,19.01,78.05,708.0,0.0,0.0,0.0,0.0,0.0,Unknown
36.7200_2.7600,36.72,2.76,19.01,78.05,708.0,0.0,0.0,0.0,0.0,0.0,Unknown
36.7200_2.8400,36.72,2.84,18.94,76.91,803.0,6.8,13.0,6.5,14.24,38.3,Clay
36.7200_2.9200,36.72,2.92,18.99,70.51,786.8,6.6,11.6,5.8,15.52,17.9,Clay
36.7200_3.0000,36.72,3.0,18.99,70.51,786.8,6.5,11.7,5.85,18.32,13.0,Clay
36.7200_3.0800,36.72,3.08,19.27,70.69,675.2,0.0,0.0,0.0,0.0,0.0,Unknown
36.7200_3.1600,36.72,3.16,19.55,70.17,709.8,0.0,0.0,0.0,0.0,0.0,Unknown
36.7200_3.2400,36.72,3.24,19.55,70.17,709.8,0.0,0.0,0.0,0.0,0.0,Unknown
36.7200_3.3200,36.72,3.32,19.5,68.79,786.8,0.0,0.0,0.0,0.0,0.0,Unknown
36.7200_3.4000,36.72,3.4,19.09,68.59,845.8,0.0,0.0,0.0,0.0,0.0,Unknown
36.7200_3.4800,36.72,3.48,19.09,68.59,845.8,0.0,0.0,0.0,0.0,0.0,Unknown
36.7200_3.5600,36.72,3.56,18.68,69.31,883.0,6.9,12.7,6.35,16.08,13.6,Clay
36.7200_3.6400,36.72,3.64,19.36,69.61,853.3,6.8,11.3,5.65,17.04,14.0,Clay
36.7200_3.7200,36.72,3.72,19.15,69.57,853.3,6.8,11.4,5.7,17.68,13.3,Clay
36.7200_3.8000,36.72,3.8,18.36,68.44,903.5,6.6,12.2,6.1,18.56,16.8,Clay
36.7200_3.8800,36.72,3.88,16.13,69.63,921.8,6.2,15.7,7.85,17.36,25.2,Clay
36.7200_3.9600,36.72,3.96,19.68,69.85,897.9,6.6,13.2,6.6,19.52,16.3,Silt
36.7200_4.0400,36.72,4.04,18.27,69.65,897.9,0.0,0.0,0.0,0.0,0.0,Unknown
36.7200_4.1200,36.72,4.12,18.86,71.0,910.5,6.7,12.2,6.1,18.16,14.4,Clay
36.7200_4.2000,36.72,4.2,17.96,68.79,958.8,6.9,11.6,5.8,18.48,12.2,Clay
36.7200_4.2800,36.72,4.28,17.96,68.79,958.8,7.0,12.0,6.0,18.32,13.4,Clay
36.7200_4.3600,36.72,4.36,18.23,67.51,1097.5,6.9,12.7,6.35,17.44,18.3,Clay
36.7200_4.4400,36.72,4.44,14.8,66.18,1138.4,5.9,17.9,8.95,16.64,24.4,Silt
36.7200_4.5200,36.72,4.52,13.15,67.85,1057.3,6.1,17.4,8.7,16.48,27.7,Clay
36.7200_4.6000,36.72,4.6,15.33,67.92,1100.4,6.4,14.2,7.1,16.48,24.7,Clay
36.7200_4.6800,36.72,4.68,16.27,68.31,944.5,6.6,13.6,6.8,15.68,23.1,Clay
36.7200_4.7600,36.72,4.76,16.28,68.25,941.0,6.9,13.7,6.85,16.64,18.1,Clay
36.7200_4.8400,36.72,4.84,17.09,70.94,772.0,6.3,14.0,7.0,16.4,28.6,Clay
36.7200_4.9200,36.72,4.92,16.86,72.68,792.2,6.5,12.4,6.2,17.44,21.1,Clay
36.7200_5.0000,36.72,5.0,17.54,72.78,792.2,6.4,13.6,6.8,17.68,19.2,Clay
36.7200_5.0800,36.72,5.08,19.26,69.89,818.9,0.0,0.0,0.0,0.0,0.0,Unknown
36.7200_5.1600,36.72,5.16,19.26,69.89,818.9,0.0,0.0,0.0,0.0,0.0,Unknown
36.7200_5.2400,36.72,5.24,19.67,74.53,1022.9,0.0,0.0,0.0,0.0,0.0,Unknown
36.7200_5.3200,36.72,5.32,19.67,74.53,1022.9,0.0,0.0,0.0,0.0,0.0,Unknown
36.7200_5.4000,36.72,5.4,20.2,72.42,1413.3,0.0,0.0,0.0,0.0,0.0,Unknown
36.7200_5.4800,36.72,5.48,20.2,72.42,1413.3,0.0,0.0,0.0,0.0,0.0,Unknown
36.7200_5.5600,36.72,5.56,19.08,76.92,1705.7,0.0,0.0,0.0,0.0,0.0,Unknown
36.7200_5.6400,36.72,5.64,16.33,70.82,1580.7,5.9,18.7,9.35,15.28,19.6,Clay
36.7200_5.7200,36.72,5.72,17.45,71.02,1580.7,6.0,16.9,8.45,15.28,19.9,Clay
36.7200_5.8000,36.72,5.8,18.18,74.4,1461.0,6.7,14.9,7.45,16.24,21.1,Silt
36.7200_5.8800,36.72,5.88,18.67,71.07,1329.2,6.7,15.9,7.95,16.64,20.1,Clay
36.7200_5.9600,36.72,5.96,17.29,73.08,1231.3,6.4,15.6,7.8,18.08,19.2,Silt
36.7200_6.0400,36.72,6.04,16.95,70.61,1188.3,5.9,16.3,8.15,16.0,21.6,Clay
36.7200_6.1200,36.72,6.12,16.02,70.94,1094.4,5.7,16.7,8.35,16.32,22.2,Clay
36.7200_6.2000,36.72,6.2,17.3,72.95,945.4,6.2,13.7,6.85,17.84,16.8,Clay
36.7200_6.2800,36.72,6.28,17.96,73.05,945.4,6.3,13.4,6.7,18.0,17.3,Silt
36.7200_6.3600,36.72,6.36,18.63,72.21,903.6,6.5,13.5,6.75,16.64,18.0,Silt
36.7200_6.4400,36.72,6.44,18.38,72.18,903.6,6.3,12.9,6.45,17.04,19.0,Clay
36.7200_6.5200,36.72,6.52,17.28,71.25,869.8,6.4,15.4,7.7,17.44,23.0,Clay
36.7200_6.6000,36.72,6.6,17.58,72.11,732.2,6.2,12.6,6.3,18.24,19.7,Clay
36.7200_6.6800,36.72,6.68,17.37,72.08,732.2,6.6,15.1,7.55,18.08,15.5,Clay
36.7200_6.7600,36.72,6.76,18.08,71.79,634.3,7.0,10.3,5.15,19.68,13.0,Clay
36.7200_6.8400,36.72,6.84,18.42,70.77,599.7,6.9,11.3,5.65,20.16,11.2,Clay
36.7200_6.9200,36.72,6.92,19.08,70.19,627.9,7.1,11.2,5.6,18.8,16.8,Clay
36.7200_7.0000,36.72,7.0,17.51,69.97,627.9,6.6,12.0,6.0,22.48,15.4,Clay
36.7200_7.0800,36.72,7.08,18.92,70.3,650.4,7.0,12.4,6.2,18.8,18.4,Clay
36.7200_7.1600,36.72,7.16,18.59,69.31,671.2,6.6,12.8,6.4,19.68,16.9,Clay
36.7200_7.2400,36.72,7.24,18.59,69.31,671.2,7.0,9.8,4.9,17.12,17.0,Clay
36.7200_7.3200,36.72,7.32,19.15,68.74,617.4,7.0,11.0,5.5,18.08,12.3,Clay
36.7200_7.4000,36.72,7.4,19.42,66.97,600.5,6.7,9.1,4.55,20.16,12.0,Clay
36.7200_7.4800,36.72,7.48,19.42,66.97,600.5,6.7,12.0,6.0,17.2,14.3,Clay
36.7200_7.5600,36.72,7.56,19.31,67.64,587.8,6.9,10.4,5.2,18.0,9.8,Clay
36.7200_7.6400,36.72,7.64,19.35,69.24,568.4,6.7,9.9,4.95,17.84,10.5,Clay
36.7200_7.7200,36.72,7.72,19.35,69.24,568.4,6.9,10.6,5.3,17.52,10.7,Clay
36.7200_7.8000,36.72,7.8,19.13,70.07,622.7,6.8,11.5,5.75,18.48,14.6,Clay
36.7200_7.8800,36.72,7.88,18.73,70.94,784.0,6.8,12.1,6.05,18.24,16.0,Clay
36.7200_7.9600,36.72,7.96,18.73,70.94,784.0,6.5,11.3,5.65,18.24,16.0,Clay
36.7200_8.0400,36.72,8.04,18.57,72.04,844.1,6.4,14.6,7.3,18.16,19.1,Clay
36.7200_8.1200,36.72,8.12,18.59,71.5,830.6,6.6,11.1,5.55,20.32,13.0,Clay
36.7200_8.2000,36.72,8.2,18.59,71.5,830.6,6.4,12.8,6.4,19.76,17.5,Clay
36.7200_8.2800,36.72,8.28,19.14,71.46,1027.7,0.0,0.0,0.0,0.0,0.0,Unknown
36.7200_8.3600,36.72,8.36,18.65,72.46,1068.3,6.2,14.3,7.15,18.88,21.0,Clay
36.7200_8.4400,36.72,8.44,18.83,72.49,1068.3,6.6,12.5,6.25,18.96,16.0,Clay
36.7200_8.5200,36.72,8.52,17.45,73.95,991.2,6.2,15.5,7.75,18.0,22.5,Clay
36.7200_8.6000,36.72,8.6,16.79,73.93,1034.7,5.8,15.4,7.7,15.44,20.0,Silt
36.7200_8.6800,36.72,8.68,15.39,72.7,1084.0,6.3,20.2,10.1,17.92,26.7,Silt
36.8000_-2.2000,36.8,-2.2,19.6,64.27,279.9,8.0,11.4,5.7,13.28,19.6,Clay
36.8000_-2.1200,36.8,-2.12,19.54,65.96,276.6,7.9,9.5,4.75,13.36,25.8,Clay
36.8000_-2.0400,36.8,-2.04,19.76,65.26,290.1,0.0,0.0,0.0,0.0,0.0,Unknown
36.8000_-1.9600,36.8,-1.96,19.76,65.26,290.1,0.0,0.0,0.0,0.0,0.0,Unknown
36.8000_-1.8800,36.8,-1.88,19.76,65.26,290.1,0.0,0.0,0.0,0.0,0.0,Unknown
36.8000_-1.8000,36.8,-1.8,19.65,79.43,364.3,0.0,0.0,0.0,0.0,0.0,Unknown
36.8000_-1.7200,36.8,-1.72,19.65,79.45,364.3,0.0,0.0,0.0,0.0,0.0,Unknown
36.8000_-1.6400,36.8,-1.64,19.65,79.62,344.5,0.0,0.0,0.0,0.0,0.0,Unknown
36.8000_-1.5600,36.8,-1.56,19.61,79.83,355.8,0.0,0.0,0.0,0.0,0.0,Unknown
36.8000_-1.4800,36.8,-1.48,19.61,79.83,355.8,0.0,0.0,0.0,0.0,0.0,Unknown
36.8000_-1.4000,36.8,-1.4,19.68,79.77,325.8,0.0,0.0,0.0,0.0,0.0,Unknown
36.8000_-1.3200,36.8,-1.32,19.75,79.73,295.8,0.0,0.0,0.0,0.0,0.0,Unknown
36.8000_-1.2400,36.8,-1.24,19.79,79.62,304.6,0.0,0.0,0.0,0.0,0.0,Unknown
36.8000_-1.1600,36.8,-1.16,19.79,79.62,304.6,0.0,0.0,0.0,0.0,0.0,Unknown
36.8000_-1.0800,36.8,-1.08,19.8,79.74,301.1,0.0,0.0,0.0,0.0,0.0,Unknown
36.8000_-1.0000,36.8,-1.0,19.82,79.89,302.2,0.0,0.0,0.0,0.0,0.0,Unknown
36.8000_-0.9200,36.8,-0.92,19.82,79.89,302.2,0.0,0.0,0.0,0.0,0.0,Unknown
36.8000_-0.8400,36.8,-0.84,19.8,79.84,314.0,0.0,0.0,0.0,0.0,0.0,Unknown
36.8000_-0.7600,36.8,-0.76,19.78,79.9,329.5,0.0,0.0,0.0,0.0,0.0,Unknown
36.8000_-0.6800,36.8,-0.68,19.78,79.9,329.5,0.0,0.0,0.0,0.0,0.0,Unknown
36.8000_-0.6000,36.8,-0.6,19.79,79.92,331.2,0.0,0.0,0.0,0.0,0.0,Unknown
36.8000_-0.5200,36.8,-0.52,19.79,79.88,352.2,0.0,0.0,0.0,0.0,0.0,Unknown
36.8000_-0.4400,36.8,-0.44,19.79,79.88,352.2,0.0,0.0,0.0,0.0,0.0,Unknown
36.8000_-0.3600,36.8,-0.36,19.77,79.9,369.5,0.0,0.0,0.0,0.0,0.0,Unknown
36.8000_-0.2800,36.8,-0.28,19.74,79.99,388.2,0.0,0.0,0.0,0.0,0.0,Unknown
36.8000_-0.2000,36.8,-0.2,19.74,79.99,388.2,0.0,0.0,0.0,0.0,0.0,Unknown
36.8000_-0.1200,36.8,-0.12,19.7,80.06,407.5,0.0,0.0,0.0,0.0,0.0,Unknown
36.8000_-0.0400,36.8,-0.04,19.73,79.86,413.0,0.0,0.0,0.0,0.0,0.0,Unknown
36.8000_0.0400,36.8,0.04,19.73,79.86,413.0,0.0,0.0,0.0,0.0,0.0,Unknown
36.8000_0.1200,36.8,0.12,19.78,79.63,414.8,0.0,0.0,0.0,0.0,0.0,Unknown
36.8000_0.2000,36.8,0.2,19.72,79.56,454.0,0.0,0.0,0.0,0.0,0.0,Unknown
36.8000_0.2800,36.8,0.28,19.72,79.56,454.0,0.0,0.0,0.0,0.0,0.0,Unknown
36.8000_0.3600,36.8,0.36,19.64,79.77,506.0,0.0,0.0,0.0,0.0,0.0,Unknown
36.8000_0.4400,36.8,0.44,19.65,79.76,522.7,0.0,0.0,0.0,0.0,0.0,Unknown
36.8000_0.5200,36.8,0.52,19.65,79.76,522.7,0.0,0.0,0.0,0.0,0.0,Unknown
36.8000_0.6000,36.8,0.6,19.68,79.69,472.5,0.0,0.0,0.0,0.0,0.0,Unknown
36.8000_0.6800,36.8,0.68,19.67,79.71,460.6,0.0,0.0,0.0,0.0,0.0,Unknown
36.8000_0.7600,36.8,0.76,19.67,79.71,460.6,0.0,0.0,0.0,0.0,0.0,Unknown
36.8000_0.8400,36.8,0.84,19.68,79.58,491.4,0.0,0.0,0.0,0.0,0.0,Unknown
36.8000_0.9200,36.8,0.92,19.67,79.34,533.7,0.0,0.0,0.0,0.0,0.0,Unknown
36.8000_1.0000,36.8,1.0,19.67,79.34,533.7,0.0,0.0,0.0,0.0,0.0,Unknown
36.8000_1.0800,36.8,1.08,19.64,79.06,564.2,0.0,0.0,0.0,0.0,0.0,Unknown
36.8000_1.1600,36.8,1.16,19.65,78.84,571.1,0.0,0.0,0.0,0.0,0.0,Unknown
36.8000_1.2400,36.8,1.24,19.65,78.84,571.1,0.0,0.0,0.0,0.0,0.0,Unknown
36.8000_1.3200,36.8,1.32,19.66,78.75,603.3,0.0,0.0,0.0,0.0,0.0,Unknown
36.8000_1.4000,36.8,1.4,19.61,78.55,634.1,0.0,0.0,0.0,0.0,0.0,Unknown
36.8000_1.4800,36.8,1.48,19.58,78.31,668.6,0.0,0.0,0.0,0.0,0.0,Unknown
36.8000_1.5600,36.8,1.56,19.58,78.31,668.6,0.0,0.0,0.0,0.0,0.0,Unknown
36.8000_1.6400,36.8,1.64,19.56,78.28,655.1,0.0,0.0,0.0,0.0,0.0,Unknown
36.8000_1.7200,36.8,1.72,19.53,78.37,639.6,0.0,0.0,0.0,0.0,0.0,Unknown
36.8000_1.8000,36.8,1.8,19.53,78.37,639.6,0.0,0.0,0.0,0.0,0.0,Unknown
36.8000_1.8800,36.8,1.88,19.55,78.22,648.8,0.0,0.0,0.0,0.0,0.0,Unknown
36.8000_1.9600,36.8,1.96,19.52,78.21,670.9,0.0,0.0,0.0,0.0,0.0,Unknown
36.8000_2.0400,36.8,2.04,19.52,78.25,670.9,0.0,0.0,0.0,0.0,0.0,Unknown
36.8000_2.1200,36.8,2.12,19.44,78.34,713.0,0.0,0.0,0.0,0.0,0.0,Unknown
36.8000_2.2000,36.8,2.2,19.52,78.09,702.1,0.0,0.0,0.0,0.0,0.0,Unknown
36.8000_2.2800,36.8,2.28,19.52,78.09,702.1,0.0,0.0,0.0,0.0,0.0,Unknown
36.8000_2.3600,36.8,2.36,19.68,77.47,637.7,0.0,0.0,0.0,0.0,0.0,Unknown
36.8000_2.4400,36.8,2.44,19.67,77.43,655.5,0.0,0.0,0.0,0.0,0.0,Unknown
36.8000_2.5200,36.8,2.52,19.67,77.43,655.5,0.0,0.0,0.0,0.0,0.0,Unknown
36.8000_2.6000,36.8,2.6,19.62,77.6,731.1,0.0,0.0,0.0,0.0,0.0,Unknown
36.8000_2.6800,36.8,2.68,19.36,76.99,792.3,0.0,0.0,0.0,0.0,0.0,Unknown
36.8000_2.7600,36.8,2.76,19.36,76.99,792.3,0.0,0.0,0.0,0.0,0.0,Unknown
36.8000_2.8400,36.8,2.84,19.36,76.99,792.3,0.0,0.0,0.0,0.0,0.0,Unknown
36.8000_2.9200,36.8,2.92,19.13,71.89,881.4,0.0,0.0,0.0,0.0,0.0,Unknown
36.8000_3.0000,36.8,3.0,18.07,71.71,881.4,6.2,15.5,7.75,15.6,25.3,Clay
36.8000_3.0800,36.8,3.08,19.57,70.79,673.5,0.0,0.0,0.0,0.0,0.0,Unknown
36.8000_3.1600,36.8,3.16,19.5,70.22,708.1,0.0,0.0,0.0,0.0,0.0,Unknown
36.8000_3.2400,36.8,3.24,19.43,70.2,708.1,6.8,13.4,6.7,14.48,25.0,Clay
36.8000_3.3200,36.8,3.32,19.68,68.85,785.4,0.0,0.0,0.0,0.0,0.0,Unknown
36.8000_3.4000,36.8,3.4,19.68,68.73,839.2,0.0,0.0,0.0,0.0,0.0,Unknown
36.8000_3.4800,36.8,3.48,19.68,68.73,839.2,0.0,0.0,0.0,0.0,0.0,Unknown
36.8000_3.5600,36.8,3.56,19.54,69.48,879.7,0.0,0.0,0.0,0.0,0.0,Unknown
36.8000_3.6400,36.8,3.64,19.0,68.6,922.7,7.0,11.2,5.6,17.76,13.9,Clay
36.8000_3.7200,36.8,3.72,19.0,68.6,922.7,6.9,11.2,5.6,17.04,17.6,Clay
36.8000_3.8000,36.8,3.8,17.44,69.9,982.3,6.3,14.1,7.05,16.32,22.4,Silt
36.8000_3.8800,36.8,3.88,19.14,72.24,964.1,6.4,12.2,6.1,17.2,20.2,Clay
36.8000_3.9600,36.8,3.96,16.32,73.24,952.9,6.2,16.7,8.35,16.48,23.4,Clay
36.8000_4.0400,36.8,4.04,17.25,73.36,952.9,0.0,0.0,0.0,0.0,0.0,Unknown
36.8000_4.1200,36.8,4.12,17.04,73.47,1012.8,6.5,14.7,7.35,16.16,24.1,Clay
36.8000_4.2000,36.8,4.2,17.05,73.12,993.6,6.5,13.3,6.65,17.6,18.9,Silt
36.8000_4.2800,36.8,4.28,17.05,73.12,993.6,6.3,12.6,6.3,16.72,16.8,Clay
36.8000_4.3600,36.8,4.36,16.79,70.97,1011.0,6.7,14.3,7.15,17.2,17.9,Clay
36.8000_4.4400,36.8,4.44,15.81,69.54,974.7,6.2,14.7,7.35,16.72,22.7,Clay
36.8000_4.5200,36.8,4.52,15.55,69.5,974.7,6.0,16.2,8.1,15.44,20.8,Clay
36.8000_4.6000,36.8,4.6,16.55,68.94,959.6,6.3,13.5,6.75,15.92,28.9,Silt
36.8000_4.6800,36.8,4.68,15.58,68.77,959.6,6.3,16.2,8.1,15.6,27.9,Clay
36.8000_4.7600,36.8,4.76,16.27,68.25,836.5,6.4,15.1,7.55,16.72,27.4,Clay
36.8000_4.8400,36.8,4.84,16.12,70.89,787.9,5.9,15.7,7.85,16.64,27.6,Clay
36.8000_4.9200,36.8,4.92,17.84,72.56,724.3,6.2,16.2,8.1,17.6,31.8,Clay
36.8000_5.0000,36.8,5.0,17.84,72.56,724.3,6.5,14.7,7.35,18.0,17.5,Clay
36.8000_5.0800,36.8,5.08,19.26,69.89,818.9,0.0,0.0,0.0,0.0,0.0,Unknown
36.8000_5.1600,36.8,5.16,19.26,69.89,818.9,0.0,0.0,0.0,0.0,0.0,Unknown
36.8000_5.2400,36.8,5.24,19.26,69.89,818.9,0.0,0.0,0.0,0.0,0.0,Unknown
36.8000_5.3200,36.8,5.32,20.38,73.9,870.1,0.0,0.0,0.0,0.0,0.0,Unknown
36.8000_5.4000,36.8,5.4,20.39,73.39,1097.2,0.0,0.0,0.0,0.0,0.0,Unknown
36.8000_5.4800,36.8,5.48,20.39,73.39,1097.2,0.0,0.0,0.0,0.0,0.0,Unknown
36.8000_5.5600,36.8,5.56,19.48,77.01,1705.7,0.0,0.0,0.0,0.0,0.0,Unknown
36.8000_5.6400,36.8,5.64,18.91,76.89,1705.7,0.0,0.0,0.0,0.0,0.0,Unknown
36.8000_5.7200,36.8,5.72,18.18,76.77,1705.7,6.3,15.6,7.8,16.24,23.4,Silt
36.8000_5.8000,36.8,5.8,18.71,72.79,1184.7,0.0,0.0,0.0,0.0,0.0,Unknown
36.8000_5.8800,36.8,5.88,18.83,71.1,1329.2,6.9,13.6,6.8,18.72,30.0,Silt
36.8000_5.9600,36.8,5.96,18.83,71.1,1329.2,6.9,12.7,6.35,17.2,16.1,Silt
36.8000_6.0400,36.8,6.04,16.77,70.4,1417.8,5.7,18.7,9.35,15.2,26.6,Clay
36.8000_6.1200,36.8,6.12,18.91,73.41,1229.2,6.5,17.5,8.75,16.0,19.9,Clay
36.8000_6.2000,36.8,6.2,18.68,74.51,1349.0,6.0,15.3,7.65,15.52,28.2,Clay
36.8000_6.2800,36.8,6.28,18.29,76.71,995.5,6.5,15.0,7.5,16.72,17.5,Silt
36.8000_6.3600,36.8,6.36,18.22,76.73,883.4,6.4,12.9,6.45,18.64,18.8,Clay
36.8000_6.4400,36.8,6.44,15.35,70.95,869.8,5.8,19.4,9.7,16.96,25.7,Clay
36.8000_6.5200,36.8,6.52,17.37,75.57,781.9,6.3,12.8,6.4,16.96,20.5,Clay
36.8000_6.6000,36.8,6.6,18.26,75.55,672.0,6.8,12.5,6.25,17.76,16.9,Clay
36.8000_6.6800,36.8,6.68,17.43,75.43,672.0,6.7,12.9,6.45,19.6,16.4,Clay
36.8000_6.7600,36.8,6.76,15.59,75.72,691.3,6.3,15.0,7.5,18.48,29.5,Clay
36.8000_6.8400,36.8,6.84,17.6,74.88,658.9,6.8,12.9,6.45,20.8,17.4,Clay
36.8000_6.9200,36.8,6.92,18.67,73.35,683.0,6.6,10.6,5.3,19.6,14.8,Clay
36.8000_7.0000,36.8,7.0,16.96,73.1,683.0,6.3,13.7,6.85,20.0,25.0,Clay
36.8000_7.0800,36.8,7.08,17.95,73.16,661.3,6.4,13.3,6.65,20.72,16.4,Clay
36.8000_7.1600,36.8,7.16,18.35,72.79,690.6,6.8,10.3,5.15,20.0,14.8,Clay
36.8000_7.2400,36.8,7.24,18.35,72.79,690.6,6.5,11.9,5.95,20.08,16.6,Clay
36.8000_7.3200,36.8,7.32,19.16,70.67,578.3,6.9,10.0,5.0,20.4,14.3,Clay
36.8000_7.4000,36.8,7.4,19.36,69.69,581.2,6.8,11.6,5.8,18.8,32.6,Silt
36.8000_7.4800,36.8,7.48,19.36,69.69,581.2,0.0,0.0,0.0,0.0,0.0,Unknown
36.8000_7.5600,36.8,7.56,19.21,69.51,557.4,6.9,12.6,6.3,20.08,25.8,Clay
36.8000_7.6400,36.8,7.64,19.17,71.1,534.6,6.6,10.2,5.1,17.92,17.7,Clay
36.8000_7.7200,36.8,7.72,19.17,71.1,534.6,0.0,0.0,0.0,0.0,0.0,Unknown
36.8000_7.8000,36.8,7.8,19.02,72.43,607.2,7.0,11.6,5.8,19.44,18.5,Silt
36.8000_7.8800,36.8,7.88,18.89,71.99,734.9,6.9,12.6,6.3,19.36,25.1,Clay
36.8000_7.9600,36.8,7.96,18.89,71.99,734.9,6.9,13.2,6.6,21.44,22.8,Silt
36.8000_8.0400,36.8,8.04,18.68,73.17,808.5,6.8,13.8,6.9,17.2,24.1,Silt
36.8000_8.1200,36.8,8.12,18.61,73.18,848.5,6.7,13.6,6.8,18.88,15.7,Silt
36.8000_8.2000,36.8,8.2,18.61,73.18,848.5,6.9,11.5,5.75,18.56,15.7,Silt
36.8000_8.2800,36.8,8.28,18.57,72.86,977.6,6.5,11.9,5.95,18.24,16.8,Clay
36.8000_8.3600,36.8,8.36,18.56,74.73,1133.6,6.4,12.7,6.35,17.04,19.6,Clay
36.8000_8.4400,36.8,8.44,18.56,74.73,1133.6,6.0,14.0,7.0,19.84,18.5,Clay
36.8000_8.5200,36.8,8.52,18.08,74.03,1192.7,6.5,12.2,6.1,19.12,18.6,Clay
36.8000_8.6000,36.8,8.6,17.01,74.64,1235.2,6.0,19.0,9.5,16.08,23.3,Clay
36.8000_8.6800,36.8,8.68,16.25,74.52,1235.2,6.2,19.4,9.7,16.56,20.6,Silt
36.8800_-2.2000,36.88,-2.2,19.37,62.98,299.0,8.0,11.8,5.9,13.28,9.9,Clay
36.8800_-2.1200,36.88,-2.12,19.03,62.91,299.0,7.9,12.4,6.2,13.68,9.9,Clay
36.8800_-2.0400,36.88,-2.04,18.27,64.97,290.1,8.0,11.0,5.5,13.76,10.6,Clay
36.8800_-1.9600,36.88,-1.96,19.37,65.16,290.1,0.0,0.0,0.0,0.0,0.0,Unknown
36.8800_-1.8800,36.88,-1.88,19.76,65.26,290.1,0.0,0.0,0.0,0.0,0.0,Unknown
36.8800_-1.8000,36.88,-1.8,19.53,78.96,326.1,0.0,0.0,0.0,0.0,0.0,Unknown
36.8800_-1.7200,36.88,-1.72,19.53,78.96,326.1,0.0,0.0,0.0,0.0,0.0,Unknown
36.8800_-1.6400,36.88,-1.64,19.61,79.42,351.8,0.0,0.0,0.0,0.0,0.0,Unknown
36.8800_-1.5600,36.88,-1.56,19.59,79.62,355.2,0.0,0.0,0.0,0.0,0.0,Unknown
36.8800_-1.4800,36.88,-1.48,19.62,79.77,303.5,0.0,0.0,0.0,0.0,0.0,Unknown
36.8800_-1.4000,36.88,-1.4,19.62,79.77,303.5,0.0,0.0,0.0,0.0,0.0,Unknown
36.8800_-1.3200,36.88,-1.32,19.69,79.71,301.6,0.0,0.0,0.0,0.0,0.0,Unknown
36.8800_-1.2400,36.88,-1.24,19.72,79.59,316.7,0.0,0.0,0.0,0.0,0.0,Unknown
36.8800_-1.1600,36.88,-1.16,19.72,79.59,316.7,0.0,0.0,0.0,0.0,0.0,Unknown
36.8800_-1.0800,36.88,-1.08,19.74,79.65,310.4,0.0,0.0,0.0,0.0,0.0,Unknown
36.8800_-1.0000,36.88,-1.0,19.79,79.67,291.4,0.0,0.0,0.0,0.0,0.0,Unknown
36.8800_-0.9200,36.88,-0.92,19.79,79.67,291.4,0.0,0.0,0.0,0.0,0.0,Unknown
36.8800_-0.8400,36.88,-0.84,19.8,79.67,305.9,0.0,0.0,0.0,0.0,0.0,Unknown
36.8800_-0.7600,36.88,-0.76,19.77,79.79,304.3,0.0,0.0,0.0,0.0,0.0,Unknown
36.8800_-0.6800,36.88,-0.68,19.77,79.79,304.3,0.0,0.0,0.0,0.0,0.0,Unknown
36.8800_-0.6000,36.88,-0.6,19.77,79.83,328.0,0.0,0.0,0.0,0.0,0.0,Unknown
36.8800_-0.5200,36.88,-0.52,19.79,79.78,336.3,0.0,0.0,0.0,0.0,0.0,Unknown
36.8800_-0.4400,36.88,-0.44,19.79,79.78,336.3,0.0,0.0,0.0,0.0,0.0,Unknown
36.8800_-0.3600,36.88,-0.36,19.79,79.72,361.9,0.0,0.0,0.0,0.0,0.0,Unknown
36.8800_-0.2800,36.88,-0.28,19.77,79.82,385.4,0.0,0.0,0.0,0.0,0.0,Unknown
36.8800_-0.2000,36.88,-0.2,19.77,79.82,385.4,0.0,0.0,0.0,0.0,0.0,Unknown
36.8800_-0.1200,36.88,-0.12,19.73,79.91,391.3,0.0,0.0,0.0,0.0,0.0,Unknown
36.8800_-0.0400,36.88,-0.04,19.73,79.86,425.3,0.0,0.0,0.0,0.0,0.0,Unknown
36.8800_0.0400,36.88,0.04,19.73,79.86,425.3,0.0,0.0,0.0,0.0,0.0,Unknown
36.8800_0.1200,36.88,0.12,19.79,79.66,409.8,0.0,0.0,0.0,0.0,0.0,Unknown
36.8800_0.2000,36.88,0.2,19.79,79.52,455.7,0.0,0.0,0.0,0.0,0.0,Unknown
36.8800_0.2800,36.88,0.28,19.79,79.52,455.7,0.0,0.0,0.0,0.0,0.0,Unknown
36.8800_0.3600,36.88,0.36,19.71,79.5,466.8,0.0,0.0,0.0,0.0,0.0,Unknown
36.8800_0.4400,36.88,0.44,19.67,79.63,483.4,0.0,0.0,0.0,0.0,0.0,Unknown
36.8800_0.5200,36.88,0.52,19.67,79.63,483.4,0.0,0.0,0.0,0.0,0.0,Unknown
36.8800_0.6000,36.88,0.6,19.67,79.68,470.5,0.0,0.0,0.0,0.0,0.0,Unknown
36.8800_0.6800,36.88,0.68,19.67,79.7,441.5,0.0,0.0,0.0,0.0,0.0,Unknown
36.8800_0.7600,36.88,0.76,19.67,79.7,441.5,0.0,0.0,0.0,0.0,0.0,Unknown
36.8800_0.8400,36.88,0.84,19.72,79.52,466.0,0.0,0.0,0.0,0.0,0.0,Unknown
36.8800_0.9200,36.88,0.92,19.74,79.37,506.9,0.0,0.0,0.0,0.0,0.0,Unknown
36.8800_1.0000,36.88,1.0,19.74,79.37,506.9,0.0,0.0,0.0,0.0,0.0,Unknown
36.8800_1.0800,36.88,1.08,19.7,79.3,511.7,0.0,0.0,0.0,0.0,0.0,Unknown
36.8800_1.1600,36.88,1.16,19.69,79.19,527.7,0.0,0.0,0.0,0.0,0.0,Unknown
36.8800_1.2400,36.88,1.24,19.69,79.19,527.7,0.0,0.0,0.0,0.0,0.0,Unknown
36.8800_1.3200,36.88,1.32,19.71,78.96,584.1,0.0,0.0,0.0,0.0,0.0,Unknown
36.8800_1.4000,36.88,1.4,19.72,78.78,574.2,0.0,0.0,0.0,0.0,0.0,Unknown
36.8800_1.4800,36.88,1.48,19.72,78.78,574.2,0.0,0.0,0.0,0.0,0.0,Unknown
36.8800_1.5600,36.88,1.56,19.71,78.55,638.1,0.0,0.0,0.0,0.0,0.0,Unknown
36.8800_1.6400,36.88,1.64,19.68,78.48,654.1,0.0,0.0,0.0,0.0,0.0,Unknown
36.8800_1.7200,36.88,1.72,19.67,78.45,644.5,0.0,0.0,0.0,0.0,0.0,Unknown
36.8800_1.8000,36.88,1.8,19.67,78.45,644.5,0.0,0.0,0.0,0.0,0.0,Unknown
36.8800_1.8800,36.88,1.88,19.67,78.28,682.9,0.0,0.0,0.0,0.0,0.0,Unknown
36.8800_1.9600,36.88,1.96,19.64,78.22,715.4,0.0,0.0,0.0,0.0,0.0,Unknown
36.8800_2.0400,36.88,2.04,19.64,78.22,715.4,0.0,0.0,0.0,0.0,0.0,Unknown
36.8800_2.1200,36.88,2.12,19.62,78.19,717.2,0.0,0.0,0.0,0.0,0.0,Unknown
36.8800_2.2000,36.88,2.2,19.75,77.85,698.9,0.0,0.0,0.0,0.0,0.0,Unknown
36.8800_2.2800,36.88,2.28,19.75,77.85,698.9,0.0,0.0,0.0,0.0,0.0,Unknown
36.8800_2.3600,36.88,2.36,19.91,77.16,645.9,0.0,0.0,0.0,0.0,0.0,Unknown
36.8800_2.4400,36.88,2.44,19.89,77.16,645.9,0.0,0.0,0.0,0.0,0.0,Unknown
36.8800_2.5200,36.88,2.52,19.89,77.14,645.9,0.0,0.0,0.0,0.0,0.0,Unknown
36.8800_2.6000,36.88,2.6,19.85,77.45,675.0,0.0,0.0,0.0,0.0,0.0,Unknown
36.8800_2.6800,36.88,2.68,19.86,77.41,747.6,0.0,0.0,0.0,0.0,0.0,Unknown
36.8800_2.7600,36.88,2.76,19.86,77.41,747.6,0.0,0.0,0.0,0.0,0.0,Unknown
36.8800_2.8400,36.88,2.84,19.89,72.01,881.4,0.0,0.0,0.0,0.0,0.0,Unknown
36.8800_2.9200,36.88,2.92,19.89,72.01,881.4,0.0,0.0,0.0,0.0,0.0,Unknown
36.8800_3.0000,36.88,3.0,19.89,72.01,881.4,0.0,0.0,0.0,0.0,0.0,Unknown
36.8800_3.0800,36.88,3.08,19.89,72.01,881.4,0.0,0.0,0.0,0.0,0.0,Unknown
36.8800_3.1600,36.88,3.16,19.42,77.92,707.0,0.0,0.0,0.0,0.0,0.0,Unknown
36.8800_3.2400,36.88,3.24,19.42,77.92,707.0,0.0,0.0,0.0,0.0,0.0,Unknown
36.8800_3.3200,36.88,3.32,19.39,77.8,776.6,0.0,0.0,0.0,0.0,0.0,Unknown
36.8800_3.4000,36.88,3.4,19.41,77.43,871.2,0.0,0.0,0.0,0.0,0.0,Unknown
36.8800_3.4800,36.88,3.48,19.41,77.43,871.2,0.0,0.0,0.0,0.0,0.0,Unknown
36.8800_3.5600,36.88,3.56,19.6,68.7,922.7,0.0,0.0,0.0,0.0,0.0,Unknown
36.8800_3.6400,36.88,3.64,19.6,68.7,922.7,0.0,0.0,0.0,0.0,0.0,Unknown
36.8800_3.7200,36.88,3.72,19.42,70.7,971.1,0.0,0.0,0.0,0.0,0.0,Unknown
36.8800_3.8000,36.88,3.8,18.9,70.6,971.1,6.4,12.9,6.45,16.72,17.2,Clay
36.8800_3.8800,36.88,3.88,19.28,71.5,992.1,7.0,10.9,5.45,17.04,15.7,Clay
36.8800_3.9600,36.88,3.96,18.46,71.36,992.1,6.8,11.3,5.65,16.8,21.3,Clay
36.8800_4.0400,36.88,4.04,17.82,72.11,1023.1,6.1,17.2,8.6,16.96,25.7,Clay
36.8800_4.1200,36.88,4.12,18.38,73.8,1036.1,6.7,14.7,7.35,16.48,17.5,Clay
36.8800_4.2000,36.88,4.2,17.93,73.73,1036.1,6.3,16.3,8.15,16.64,28.1,Clay
36.8800_4.2800,36.88,4.28,16.23,73.27,985.3,6.2,16.8,8.4,16.8,28.0,Clay
36.8800_4.3600,36.88,4.36,18.33,71.78,946.2,6.4,13.7,6.85,16.32,18.9,Clay
36.8800_4.4400,36.88,4.44,18.9,70.32,1045.6,6.6,11.0,5.5,16.24,23.6,Clay
36.8800_4.5200,36.88,4.52,19.3,70.37,1045.6,6.8,11.4,5.7,17.04,17.2,Clay
36.8800_4.6000,36.88,4.6,19.68,67.81,985.7,6.5,14.3,7.15,15.28,20.7,Clay
36.8800_4.6800,36.88,4.68,19.65,67.69,913.6,6.7,14.0,7.0,15.44,17.4,Clay
36.8800_4.7600,36.88,4.76,18.42,67.46,913.6,6.1,15.4,7.7,16.56,21.7,Clay
36.8800_4.8400,36.88,4.84,19.18,71.43,787.9,0.0,0.0,0.0,0.0,0.0,Unknown
36.8800_4.9200,36.88,4.92,18.72,72.69,724.3,0.0,0.0,0.0,0.0,0.0,Unknown
36.8800_5.0000,36.88,5.0,18.72,72.69,724.3,0.0,0.0,0.0,0.0,0.0,Unknown
36.8800_5.0800,36.88,5.08,18.72,72.69,724.3,0.0,0.0,0.0,0.0,0.0,Unknown
36.8800_5.1600,36.88,5.16,19.67,76.14,1021.6,0.0,0.0,0.0,0.0,0.0,Unknown
36.8800_5.2400,36.88,5.24,19.67,76.14,1021.6,0.0,0.0,0.0,0.0,0.0,Unknown
36.8800_5.3200,36.88,5.32,19.72,75.98,1048.1,0.0,0.0,0.0,0.0,0.0,Unknown
36.8800_5.4000,36.88,5.4,19.94,75.09,1003.2,0.0,0.0,0.0,0.0,0.0,Unknown
36.8800_5.4800,36.88,5.48,19.94,75.09,1003.2,0.0,0.0,0.0,0.0,0.0,Unknown
36.8800_5.5600,36.88,5.56,19.48,77.01,1705.7,0.0,0.0,0.0,0.0,0.0,Unknown
36.8800_5.6400,36.88,5.64,19.48,77.01,1705.7,0.0,0.0,0.0,0.0,0.0,Unknown
36.8800_5.7200,36.88,5.72,19.48,77.01,1705.7,0.0,0.0,0.0,0.0,0.0,Unknown
36.8800_5.8000,36.88,5.8,18.91,72.83,1184.7,0.0,0.0,0.0,0.0,0.0,Unknown
36.8800_5.8800,36.88,5.88,19.37,71.19,1329.2,0.0,0.0,0.0,0.0,0.0,Unknown
36.8800_5.9600,36.88,5.96,19.37,71.19,1329.2,0.0,0.0,0.0,0.0,0.0,Unknown
36.8800_6.0400,36.88,6.04,19.55,70.89,1417.8,0.0,0.0,0.0,0.0,0.0,Unknown
36.8800_6.1200,36.88,6.12,18.38,74.48,1349.0,7.0,13.9,6.95,15.44,24.0,Clay
36.8800_6.2000,36.88,6.2,16.7,71.74,1290.3,5.7,18.7,9.35,16.96,25.5,Clay
36.8800_6.2800,36.88,6.28,17.49,75.62,1139.3,6.0,16.9,8.45,15.36,23.7,Clay
36.8800_6.3600,36.88,6.36,16.9,74.77,1075.1,6.0,16.6,8.3,17.2,27.1,Clay
36.8800_6.4400,36.88,6.44,15.36,73.07,1278.7,5.7,18.3,9.15,17.44,25.2,Clay
36.8800_6.5200,36.88,6.52,16.97,76.7,831.8,6.2,16.3,8.15,15.6,21.0,Clay
36.8800_6.6000,36.88,6.6,17.16,77.52,702.3,6.2,17.8,8.9,17.76,23.8,Clay
36.8800_6.6800,36.88,6.68,17.16,77.52,702.3,6.0,14.0,7.0,17.36,27.8,Clay
36.8800_6.7600,36.88,6.76,17.04,77.69,766.3,6.2,15.4,7.7,17.28,17.5,Clay
36.8800_6.8400,36.88,6.84,16.94,75.28,760.7,6.2,16.3,8.15,18.8,19.6,Clay
36.8800_6.9200,36.88,6.92,17.63,75.37,760.7,0.0,0.0,0.0,0.0,0.0,Unknown
36.8800_7.0000,36.88,7.0,18.47,72.71,730.6,6.8,12.3,6.15,18.32,17.8,Clay
36.8800_7.0800,36.88,7.08,18.31,73.33,788.6,6.4,13.3,6.65,18.64,18.4,Clay
36.8800_7.1600,36.88,7.16,16.06,72.94,788.6,6.3,15.5,7.75,15.52,34.5,Clay
36.8800_7.2400,36.88,7.24,18.16,74.75,734.1,7.0,10.6,5.3,18.08,14.2,Clay
36.8800_7.3200,36.88,7.32,18.45,73.81,631.1,7.1,11.1,5.55,18.64,14.4,Clay
36.8800_7.4000,36.88,7.4,18.45,73.81,631.1,7.0,12.0,6.0,19.92,23.4,Clay
36.8800_7.4800,36.88,7.48,18.45,72.16,677.6,0.0,0.0,0.0,0.0,0.0,Unknown
36.8800_7.5600,36.88,7.56,17.24,72.02,709.9,6.2,15.5,7.75,16.72,28.1,Clay
36.8800_7.6400,36.88,7.64,15.11,73.11,880.6,5.9,20.8,10.4,16.64,29.1,Clay
36.8800_7.7200,36.88,7.72,18.66,71.42,591.7,0.0,0.0,0.0,0.0,0.0,Unknown
36.8800_7.8000,36.88,7.8,18.99,72.43,607.2,0.0,0.0,0.0,0.0,0.0,Unknown
36.8800_7.8800,36.88,7.88,19.02,72.02,734.9,0.0,0.0,0.0,0.0,0.0,Unknown
36.8800_7.9600,36.88,7.96,19.02,72.02,734.9,0.0,0.0,0.0,0.0,0.0,Unknown
36.8800_8.0400,36.88,8.04,18.88,73.38,848.6,0.0,0.0,0.0,0.0,0.0,Unknown
36.8800_8.1200,36.88,8.12,18.58,74.2,872.0,6.7,11.5,5.75,19.28,21.7,Clay
36.8800_8.2000,36.88,8.2,18.58,74.2,872.0,6.5,11.3,5.65,18.96,18.4,Clay
36.8800_8.2800,36.88,8.28,17.76,75.83,939.2,6.2,12.5,6.25,17.84,26.0,Clay
36.8800_8.3600,36.88,8.36,18.02,76.29,998.3,6.4,13.8,6.9,17.36,25.3,Silt
36.8800_8.4400,36.88,8.44,18.84,76.4,998.3,6.7,12.2,6.1,18.88,16.6,Clay
36.8800_8.5200,36.88,8.52,18.64,73.21,1244.5,6.5,15.1,7.55,16.88,29.7,Clay
36.8800_8.6000,36.88,8.6,18.7,72.76,1437.9,6.6,13.8,6.9,16.72,17.7,Clay
36.8800_8.6800,36.88,8.68,18.71,72.76,1437.9,6.4,12.3,6.15,18.48,17.6,Clay
36.9600_-2.2000,36.96,-2.2,18.26,61.85,319.9,7.8,12.3,6.15,15.68,13.5,Clay
36.9600_-2.1200,36.96,-2.12,18.32,61.87,319.9,7.9,12.0,6.0,14.88,9.9,Clay
36.9600_-2.0400,36.96,-2.04,18.99,62.81,295.9,8.0,10.8,5.4,14.0,10.4,Silt
36.9600_-1.9600,36.96,-1.96,18.99,62.81,295.9,8.0,13.6,6.8,13.92,9.5,Clay
36.9600_-1.8800,36.96,-1.88,19.96,63.67,305.0,0.0,0.0,0.0,0.0,0.0,Unknown
36.9600_-1.8000,36.96,-1.8,19.96,63.67,305.0,0.0,0.0,0.0,0.0,0.0,Unknown
36.9600_-1.7200,36.96,-1.72,19.46,78.11,304.3,0.0,0.0,0.0,0.0,0.0,Unknown
36.9600_-1.6400,36.96,-1.64,19.62,78.78,392.0,0.0,0.0,0.0,0.0,0.0,Unknown
36.9600_-1.5600,36.96,-1.56,19.64,79.02,374.8,0.0,0.0,0.0,0.0,0.0,Unknown
36.9600_-1.4800,36.96,-1.48,19.64,79.31,336.0,0.0,0.0,0.0,0.0,0.0,Unknown
36.9600_-1.4000,36.96,-1.4,19.64,79.31,336.0,0.0,0.0,0.0,0.0,0.0,Unknown
36.9600_-1.3200,36.96,-1.32,19.68,79.53,290.0,0.0,0.0,0.0,0.0,0.0,Unknown
36.9600_-1.2400,36.96,-1.24,19.68,79.6,297.3,0.0,0.0,0.0,0.0,0.0,Unknown
36.9600_-1.1600,36.96,-1.16,19.68,79.6,297.3,0.0,0.0,0.0,0.0,0.0,Unknown
36.9600_-1.0800,36.96,-1.08,19.68,79.54,319.0,0.0,0.0,0.0,0.0,0.0,Unknown
36.9600_-1.0000,36.96,-1.0,19.73,79.57,316.6,0.0,0.0,0.0,0.0,0.0,Unknown
36.9600_-0.9200,36.96,-0.92,19.73,79.57,316.6,0.0,0.0,0.0,0.0,0.0,Unknown
36.9600_-0.8400,36.96,-0.84,19.79,79.48,308.5,0.0,0.0,0.0,0.0,0.0,Unknown
36.9600_-0.7600,36.96,-0.76,19.77,79.6,318.4,0.0,0.0,0.0,0.0,0.0,Unknown
36.9600_-0.6800,36.96,-0.68,19.77,79.6,318.4,0.0,0.0,0.0,0.0,0.0,Unknown
36.9600_-0.6000,36.96,-0.6,19.76,79.68,331.8,0.0,0.0,0.0,0.0,0.0,Unknown
36.9600_-0.5200,36.96,-0.52,19.77,79.65,341.3,0.0,0.0,0.0,0.0,0.0,Unknown
36.9600_-0.4400,36.96,-0.44,19.77,79.65,341.3,0.0,0.0,0.0,0.0,0.0,Unknown
36.9600_-0.3600,36.96,-0.36,19.78,79.63,348.3,0.0,0.0,0.0,0.0,0.0,Unknown
36.9600_-0.2800,36.96,-0.28,19.81,79.57,359.9,0.0,0.0,0.0,0.0,0.0,Unknown
36.9600_-0.2000,36.96,-0.2,19.81,79.57,359.9,0.0,0.0,0.0,0.0,0.0,Unknown
36.9600_-0.1200,36.96,-0.12,19.79,79.55,383.3,0.0,0.0,0.0,0.0,0.0,Unknown
36.9600_-0.0400,36.96,-0.04,19.75,79.67,390.6,0.0,0.0,0.0,0.0,0.0,Unknown
36.9600_0.0400,36.96,0.04,19.75,79.67,390.6,0.0,0.0,0.0,0.0,0.0,Unknown
36.9600_0.1200,36.96,0.12,19.77,79.66,381.0,0.0,0.0,0.0,0.0,0.0,Unknown
36.9600_0.2000,36.96,0.2,19.8,79.52,419.7,0.0,0.0,0.0,0.0,0.0,Unknown
36.9600_0.2800,36.96,0.28,19.8,79.52,419.7,0.0,0.0,0.0,0.0,0.0,Unknown
36.9600_0.3600,36.96,0.36,19.79,79.44,420.3,0.0,0.0,0.0,0.0,0.0,Unknown
36.9600_0.4400,36.96,0.44,19.76,79.42,408.1,0.0,0.0,0.0,0.0,0.0,Unknown
36.9600_0.5200,36.96,0.52,19.76,79.42,408.1,0.0,0.0,0.0,0.0,0.0,Unknown
36.9600_0.6000,36.96,0.6,19.74,79.43,433.8,0.0,0.0,0.0,0.0,0.0,Unknown
36.9600_0.6800,36.96,0.68,19.73,79.37,451.2,0.0,0.0,0.0,0.0,0.0,Unknown
36.9600_0.7600,36.96,0.76,19.73,79.37,451.2,0.0,0.0,0.0,0.0,0.0,Unknown
36.9600_0.8400,36.96,0.84,19.74,79.26,480.6,0.0,0.0,0.0,0.0,0.0,Unknown
36.9600_0.9200,36.96,0.92,19.75,79.22,497.9,0.0,0.0,0.0,0.0,0.0,Unknown
36.9600_1.0000,36.96,1.0,19.75,79.22,497.9,0.0,0.0,0.0,0.0,0.0,Unknown
36.9600_1.0800,36.96,1.08,19.72,79.33,520.7,0.0,0.0,0.0,0.0,0.0,Unknown
36.9600_1.1600,36.96,1.16,19.7,79.29,557.3,0.0,0.0,0.0,0.0,0.0,Unknown
36.9600_1.2400,36.96,1.24,19.7,79.29,557.3,0.0,0.0,0.0,0.0,0.0,Unknown
36.9600_1.3200,36.96,1.32,19.72,79.11,547.6,0.0,0.0,0.0,0.0,0.0,Unknown
36.9600_1.4000,36.96,1.4,19.76,78.91,553.1,0.0,0.0,0.0,0.0,0.0,Unknown
36.9600_1.4800,36.96,1.48,19.76,78.91,553.1,0.0,0.0,0.0,0.0,0.0,Unknown
36.9600_1.5600,36.96,1.56,19.79,78.77,599.6,0.0,0.0,0.0,0.0,0.0,Unknown
36.9600_1.6400,36.96,1.64,19.81,78.61,638.1,0.0,0.0,0.0,0.0,0.0,Unknown
36.9600_1.7200,36.96,1.72,19.84,78.37,627.6,0.0,0.0,0.0,0.0,0.0,Unknown
36.9600_1.8000,36.96,1.8,19.84,78.37,627.6,0.0,0.0,0.0,0.0,0.0,Unknown
36.9600_1.8800,36.96,1.88,19.87,78.16,671.6,0.0,0.0,0.0,0.0,0.0,Unknown
36.9600_1.9600,36.96,1.96,19.88,77.92,687.1,0.0,0.0,0.0,0.0,0.0,Unknown
36.9600_2.0400,36.96,2.04,19.88,77.92,687.1,0.0,0.0,0.0,0.0,0.0,Unknown
36.9600_2.1200,36.96,2.12,19.87,77.81,702.5,0.0,0.0,0.0,0.0,0.0,Unknown
36.9600_2.2000,36.96,2.2,19.87,77.75,696.6,0.0,0.0,0.0,0.0,0.0,Unknown
36.9600_2.2800,36.96,2.28,19.87,77.75,696.6,0.0,0.0,0.0,0.0,0.0,Unknown
36.9600_2.3600,36.96,2.36,19.86,77.54,717.2,0.0,0.0,0.0,0.0,0.0,Unknown
36.9600_2.4400,36.96,2.44,19.77,77.52,667.6,0.0,0.0,0.0,0.0,0.0,Unknown
36.9600_2.5200,36.96,2.52,19.77,77.52,667.6,0.0,0.0,0.0,0.0,0.0,Unknown
36.9600_2.6000,36.96,2.6,19.73,77.75,681.5,0.0,0.0,0.0,0.0,0.0,Unknown
36.9600_2.6800,36.96,2.68,19.84,77.72,699.8,0.0,0.0,0.0,0.0,0.0,Unknown
36.9600_2.7600,36.96,2.76,19.84,77.75,699.8,0.0,0.0,0.0,0.0,0.0,Unknown
36.9600_2.8400,36.96,2.84,19.93,77.22,753.4,0.0,0.0,0.0,0.0,0.0,Unknown
36.9600_2.9200,36.96,2.92,19.9,76.9,750.0,0.0,0.0,0.0,0.0,0.0,Unknown
36.9600_3.0000,36.96,3.0,19.9,76.9,750.0,0.0,0.0,0.0,0.0,0.0,Unknown
36.9600_3.0800,36.96,3.08,19.82,77.3,749.1,0.0,0.0,0.0,0.0,0.0,Unknown
36.9600_3.1600,36.96,3.16,19.71,77.54,787.7,0.0,0.0,0.0,0.0,0.0,Unknown
36.9600_3.2400,36.96,3.24,19.71,77.54,787.7,0.0,0.0,0.0,0.0,0.0,Unknown
36.9600_3.3200,36.96,3.32,19.56,77.59,887.7,0.0,0.0,0.0,0.0,0.0,Unknown
36.9600_3.4000,36.96,3.4,19.51,77.68,897.2,0.0,0.0,0.0,0.0,0.0,Unknown
36.9600_3.4800,36.96,3.48,19.51,77.68,897.2,0.0,0.0,0.0,0.0,0.0,Unknown
36.9600_3.5600,36.96,3.56,19.55,77.59,849.1,0.0,0.0,0.0,0.0,0.0,Unknown
36.9600_3.6400,36.96,3.64,19.42,70.7,971.1,0.0,0.0,0.0,0.0,0.0,Unknown
36.9600_3.7200,36.96,3.72,19.42,70.7,971.1,0.0,0.0,0.0,0.0,0.0,Unknown
36.9600_3.8000,36.96,3.8,19.42,70.7,971.1,0.0,0.0,0.0,0.0,0.0,Unknown
36.9600_3.8800,36.96,3.88,19.54,71.55,992.1,0.0,0.0,0.0,0.0,0.0,Unknown
36.9600_3.9600,36.96,3.96,19.54,71.55,992.1,0.0,0.0,0.0,0.0,0.0,Unknown
36.9600_4.0400,36.96,4.04,19.61,72.38,1023.1,0.0,0.0,0.0,0.0,0.0,Unknown
36.9600_4.1200,36.96,4.12,19.42,73.96,1036.1,0.0,0.0,0.0,0.0,0.0,Unknown
36.9600_4.2000,36.96,4.2,19.25,73.71,985.3,0.0,0.0,0.0,0.0,0.0,Unknown
36.9600_4.2800,36.96,4.28,19.25,73.71,985.3,0.0,0.0,0.0,0.0,0.0,Unknown
36.9600_4.3600,36.96,4.36,19.3,71.97,946.2,0.0,0.0,0.0,0.0,0.0,Unknown
36.9600_4.4400,36.96,4.44,19.52,70.41,1045.6,0.0,0.0,0.0,0.0,0.0,Unknown
36.9600_4.5200,36.96,4.52,19.52,70.41,1045.6,0.0,0.0,0.0,0.0,0.0,Unknown
36.9600_4.6000,36.96,4.6,19.9,67.84,985.7,0.0,0.0,0.0,0.0,0.0,Unknown
36.9600_4.6800,36.96,4.68,19.87,67.73,913.6,0.0,0.0,0.0,0.0,0.0,Unknown
36.9600_4.7600,36.96,4.76,19.87,67.73,913.6,0.0,0.0,0.0,0.0,0.0,Unknown
36.9600_4.8400,36.96,4.84,19.87,67.73,913.6,0.0,0.0,0.0,0.0,0.0,Unknown
36.9600_4.9200,36.96,4.92,19.49,75.07,1042.3,0.0,0.0,0.0,0.0,0.0,Unknown
36.9600_5.0000,36.96,5.0,19.65,75.15,935.8,0.0,0.0,0.0,0.0,0.0,Unknown
36.9600_5.0800,36.96,5.08,19.87,75.54,919.5,0.0,0.0,0.0,0.0,0.0,Unknown
36.9600_5.1600,36.96,5.16,19.64,76.6,1143.5,0.0,0.0,0.0,0.0,0.0,Unknown
36.9600_5.2400,36.96,5.24,19.64,76.6,1143.5,0.0,0.0,0.0,0.0,0.0,Unknown
36.9600_5.3200,36.96,5.32,19.39,77.79,1173.8,0.0,0.0,0.0,0.0,0.0,Unknown
36.9600_5.4000,36.96,5.4,19.64,76.84,1021.7,0.0,0.0,0.0,0.0,0.0,Unknown
36.9600_5.4800,36.96,5.48,19.64,76.84,1021.7,0.0,0.0,0.0,0.0,0.0,Unknown
36.9600_5.5600,36.96,5.56,19.89,75.34,1056.2,0.0,0.0,0.0,0.0,0.0,Unknown
36.9600_5.6400,36.96,5.64,19.71,76.44,1210.9,0.0,0.0,0.0,0.0,0.0,Unknown
36.9600_5.7200,36.96,5.72,19.71,76.44,1210.9,0.0,0.0,0.0,0.0,0.0,Unknown
36.9600_5.8000,36.96,5.8,19.46,77.24,1245.8,0.0,0.0,0.0,0.0,0.0,Unknown
36.9600_5.8800,36.96,5.88,19.51,76.48,1408.6,0.0,0.0,0.0,0.0,0.0,Unknown
36.9600_5.9600,36.96,5.96,19.51,76.48,1408.6,0.0,0.0,0.0,0.0,0.0,Unknown
36.9600_6.0400,36.96,6.04,18.88,74.55,1349.0,0.0,0.0,0.0,0.0,0.0,Unknown
36.9600_6.1200,36.96,6.12,18.88,74.55,1349.0,0.0,0.0,0.0,0.0,0.0,Unknown
36.9600_6.2000,36.96,6.2,18.88,74.55,1349.0,0.0,0.0,0.0,0.0,0.0,Unknown
36.9600_6.2800,36.96,6.28,17.4,71.84,1290.3,5.7,18.4,9.2,15.28,33.2,Clay
36.9600_6.3600,36.96,6.36,17.07,73.35,1278.7,5.7,16.0,8.0,15.52,25.3,Clay
36.9600_6.4400,36.96,6.44,14.28,72.92,1278.7,5.6,21.9,10.95,18.24,34.1,Clay
36.9600_6.5200,36.96,6.52,18.07,76.3,860.6,6.2,16.1,8.05,16.48,19.6,Clay
36.9600_6.6000,36.96,6.6,18.57,76.03,710.6,6.7,12.4,6.2,15.92,16.3,Clay
36.9600_6.6800,36.96,6.68,18.74,76.05,710.6,0.0,0.0,0.0,0.0,0.0,Unknown
36.9600_6.7600,36.96,6.76,18.78,76.28,812.9,0.0,0.0,0.0,0.0,0.0,Unknown
36.9600_6.8400,36.96,6.84,18.78,76.28,812.9,0.0,0.0,0.0,0.0,0.0,Unknown
36.9600_6.9200,36.96,6.92,19.3,72.83,730.6,0.0,0.0,0.0,0.0,0.0,Unknown
36.9600_7.0000,36.96,7.0,19.3,72.83,730.6,0.0,0.0,0.0,0.0,0.0,Unknown
36.9600_7.0800,36.96,7.08,19.02,73.42,788.6,0.0,0.0,0.0,0.0,0.0,Unknown
36.9600_7.1600,36.96,7.16,18.92,74.83,804.4,0.0,0.0,0.0,0.0,0.0,Unknown
36.9600_7.2400,36.96,7.24,18.34,74.74,804.4,7.1,10.7,5.35,17.6,17.3,Clay
36.9600_7.3200,36.96,7.32,17.99,75.64,793.2,6.7,12.8,6.4,18.96,16.3,Clay
36.9600_7.4000,36.96,7.4,17.99,75.64,793.2,6.2,15.3,7.65,15.52,28.3,Clay
36.9600_7.4800,36.96,7.48,16.75,74.41,802.2,6.1,14.7,7.35,17.28,27.7,Clay
36.9600_7.5600,36.96,7.56,14.89,73.08,880.6,5.7,19.3,9.65,14.32,33.0,Clay
36.9600_7.6400,36.96,7.64,18.62,72.64,734.5,6.2,15.2,7.6,14.64,19.4,Clay
36.9600_7.7200,36.96,7.72,19.64,72.86,734.5,0.0,0.0,0.0,0.0,0.0,Unknown
36.9600_7.8000,36.96,7.8,19.64,72.86,734.5,0.0,0.0,0.0,0.0,0.0,Unknown
36.9600_7.8800,36.96,7.88,19.0,73.4,848.6,0.0,0.0,0.0,0.0,0.0,Unknown
36.9600_7.9600,36.96,7.96,19.0,73.4,848.6,0.0,0.0,0.0,0.0,0.0,Unknown
36.9600_8.0400,36.96,8.04,19.0,73.4,848.6,0.0,0.0,0.0,0.0,0.0,Unknown
36.9600_8.1200,36.96,8.12,18.78,74.23,872.0,0.0,0.0,0.0,0.0,0.0,Unknown
36.9600_8.2000,36.96,8.2,18.78,74.23,872.0,0.0,0.0,0.0,0.0,0.0,Unknown
36.9600_8.2800,36.96,8.28,18.71,75.97,939.2,0.0,0.0,0.0,0.0,0.0,Unknown
36.9600_8.3600,36.96,8.36,18.83,76.4,998.3,0.0,0.0,0.0,0.0,0.0,Unknown
36.9600_8.4400,36.96,8.44,18.83,76.4,998.3,0.0,0.0,0.0,0.0,0.0,Unknown
36.9600_8.5200,36.96,8.52,19.05,73.28,1244.5,0.0,0.0,0.0,0.0,0.0,Unknown
36.9600_8.6000,36.96,8.6,18.71,72.76,1437.9,0.0,0.0,0.0,0.0,0.0,Unknown
36.9600_8.6800,36.96,8.68,18.71,72.76,1437.9,0.0,0.0,0.0,0.0,0.0,Unknown
37.0400_-2.2000,37.04,-2.2,17.47,59.49,321.3,7.9,10.5,5.25,15.76,12.3,Silt
37.0400_-2.1200,37.04,-2.12,17.92,60.23,321.6,7.8,12.8,6.4,15.44,14.4,Clay
37.0400_-2.0400,37.04,-2.04,18.67,61.3,311.8,7.9,15.6,7.8,15.84,17.3,Clay
37.0400_-1.9600,37.04,-1.96,18.67,61.3,311.8,7.9,9.7,4.85,16.64,15.5,Silt
37.0400_-1.8800,37.04,-1.88,19.29,63.54,305.0,7.9,11.4,5.7,14.88,12.6,Clay
37.0400_-1.8000,37.04,-1.8,19.96,63.67,305.0,0.0,0.0,0.0,0.0,0.0,Unknown
37.0400_-1.7200,37.04,-1.72,19.68,77.7,374.6,0.0,0.0,0.0,0.0,0.0,Unknown
37.0400_-1.6400,37.04,-1.64,19.68,77.7,374.6,0.0,0.0,0.0,0.0,0.0,Unknown
37.0400_-1.5600,37.04,-1.56,19.72,78.22,367.6,0.0,0.0,0.0,0.0,0.0,Unknown
37.0400_-1.4800,37.04,-1.48,19.72,78.57,336.3,0.0,0.0,0.0,0.0,0.0,Unknown
37.0400_-1.4000,37.04,-1.4,19.72,78.57,336.3,0.0,0.0,0.0,0.0,0.0,Unknown
37.0400_-1.3200,37.04,-1.32,19.76,78.98,302.5,0.0,0.0,0.0,0.0,0.0,Unknown
37.0400_-1.2400,37.04,-1.24,19.78,79.07,288.8,0.0,0.0,0.0,0.0,0.0,Unknown
37.0400_-1.1600,37.04,-1.16,19.78,79.07,288.8,0.0,0.0,0.0,0.0,0.0,Unknown
37.0400_-1.0800,37.04,-1.08,19.74,79.19,319.6,0.0,0.0,0.0,0.0,0.0,Unknown
37.0400_-1.0000,37.04,-1.0,19.75,79.31,333.0,0.0,0.0,0.0,0.0,0.0,Unknown
37.0400_-0.9200,37.04,-0.92,19.75,79.31,333.0,0.0,0.0,0.0,0.0,0.0,Unknown
37.0400_-0.8400,37.04,-0.84,19.79,79.22,340.9,0.0,0.0,0.0,0.0,0.0,Unknown
37.0400_-0.7600,37.04,-0.76,19.81,79.22,356.9,0.0,0.0,0.0,0.0,0.0,Unknown
37.0400_-0.6800,37.04,-0.68,19.81,79.22,356.9,0.0,0.0,0.0,0.0,0.0,Unknown
37.0400_-0.6000,37.04,-0.6,19.8,79.31,326.8,0.0,0.0,0.0,0.0,0.0,Unknown
37.0400_-0.5200,37.04,-0.52,19.78,79.37,310.2,0.0,0.0,0.0,0.0,0.0,Unknown
37.0400_-0.4400,37.04,-0.44,19.78,79.37,310.2,0.0,0.0,0.0,0.0,0.0,Unknown
37.0400_-0.3600,37.04,-0.36,19.77,79.48,330.3,0.0,0.0,0.0,0.0,0.0,Unknown
37.0400_-0.2800,37.04,-0.28,19.81,79.39,342.5,0.0,0.0,0.0,0.0,0.0,Unknown
37.0400_-0.2000,37.04,-0.2,19.81,79.39,342.5,0.0,0.0,0.0,0.0,0.0,Unknown
37.0400_-0.1200,37.04,-0.12,19.83,79.25,352.3,0.0,0.0,0.0,0.0,0.0,Unknown
37.0400_-0.0400,37.04,-0.04,19.78,79.31,391.4,0.0,0.0,0.0,0.0,0.0,Unknown
37.0400_0.0400,37.04,0.04,19.78,79.31,391.4,0.0,0.0,0.0,0.0,0.0,Unknown
37.0400_0.1200,37.04,0.12,19.76,79.4,370.4,0.0,0.0,0.0,0.0,0.0,Unknown
37.0400_0.2000,37.04,0.2,19.79,79.36,377.2,0.0,0.0,0.0,0.0,0.0,Unknown
37.0400_0.2800,37.04,0.28,19.79,79.36,377.2,0.0,0.0,0.0,0.0,0.0,Unknown
37.0400_0.3600,37.04,0.36,19.81,79.32,403.4,0.0,0.0,0.0,0.0,0.0,Unknown
37.0400_0.4400,37.04,0.44,19.82,79.24,393.9,0.0,0.0,0.0,0.0,0.0,Unknown
37.0400_0.5200,37.04,0.52,19.82,79.24,393.9,0.0,0.0,0.0,0.0,0.0,Unknown
37.0400_0.6000,37.04,0.6,19.81,79.23,415.0,0.0,0.0,0.0,0.0,0.0,Unknown
37.0400_0.6800,37.04,0.68,19.77,79.19,407.2,0.0,0.0,0.0,0.0,0.0,Unknown
37.0400_0.7600,37.04,0.76,19.77,79.19,407.2,0.0,0.0,0.0,0.0,0.0,Unknown
37.0400_0.8400,37.04,0.84,19.75,79.1,440.7,0.0,0.0,0.0,0.0,0.0,Unknown
37.0400_0.9200,37.04,0.92,19.75,79.08,468.7,0.0,0.0,0.0,0.0,0.0,Unknown
37.0400_1.0000,37.04,1.0,19.75,79.08,468.7,0.0,0.0,0.0,0.0,0.0,Unknown
37.0400_1.0800,37.04,1.08,19.74,79.11,508.5,0.0,0.0,0.0,0.0,0.0,Unknown
37.0400_1.1600,37.04,1.16,19.72,79.12,550.5,0.0,0.0,0.0,0.0,0.0,Unknown
37.0400_1.2400,37.04,1.24,19.72,79.12,550.5,0.0,0.0,0.0,0.0,0.0,Unknown
37.0400_1.3200,37.04,1.32,19.71,78.98,535.3,0.0,0.0,0.0,0.0,0.0,Unknown
37.0400_1.4000,37.04,1.4,19.72,78.91,561.2,0.0,0.0,0.0,0.0,0.0,Unknown
37.0400_1.4800,37.04,1.48,19.72,78.91,561.2,0.0,0.0,0.0,0.0,0.0,Unknown
37.0400_1.5600,37.04,1.56,19.75,78.86,577.6,0.0,0.0,0.0,0.0,0.0,Unknown
37.0400_1.6400,37.04,1.64,19.78,78.68,603.3,0.0,0.0,0.0,0.0,0.0,Unknown
37.0400_1.7200,37.04,1.72,19.78,78.68,603.3,0.0,0.0,0.0,0.0,0.0,Unknown
37.0400_1.8000,37.04,1.8,19.79,78.56,656.9,0.0,0.0,0.0,0.0,0.0,Unknown
37.0400_1.8800,37.04,1.88,19.82,78.44,656.0,0.0,0.0,0.0,0.0,0.0,Unknown
37.0400_1.9600,37.04,1.96,19.86,78.16,647.2,0.0,0.0,0.0,0.0,0.0,Unknown
37.0400_2.0400,37.04,2.04,19.86,78.16,647.2,0.0,0.0,0.0,0.0,0.0,Unknown
37.0400_2.1200,37.04,2.12,19.86,78.0,634.7,0.0,0.0,0.0,0.0,0.0,Unknown
37.0400_2.2000,37.04,2.2,19.78,78.14,621.6,0.0,0.0,0.0,0.0,0.0,Unknown
37.0400_2.2800,37.04,2.28,19.78,78.14,621.6,0.0,0.0,0.0,0.0,0.0,Unknown
37.0400_2.3600,37.04,2.36,19.72,78.14,639.8,0.0,0.0,0.0,0.0,0.0,Unknown
37.0400_2.4400,37.04,2.44,19.67,78.0,678.9,0.0,0.0,0.0,0.0,0.0,Unknown
37.0400_2.5200,37.04,2.52,19.67,78.0,678.9,0.0,0.0,0.0,0.0,0.0,Unknown
37.0400_2.6000,37.04,2.6,19.64,77.91,673.4,0.0,0.0,0.0,0.0,0.0,Unknown
37.0400_2.6800,37.04,2.68,19.72,77.8,657.9,0.0,0.0,0.0,0.0,0.0,Unknown
37.0400_2.7600,37.04,2.76,19.72,77.8,657.9,0.0,0.0,0.0,0.0,0.0,Unknown
37.0400_2.8400,37.04,2.84,19.88,77.41,683.2,0.0,0.0,0.0,0.0,0.0,Unknown
37.0400_2.9200,37.04,2.92,19.96,77.04,699.4,0.0,0.0,0.0,0.0,0.0,Unknown
37.0400_3.0000,37.04,3.0,19.96,77.04,699.4,0.0,0.0,0.0,0.0,0.0,Unknown
37.0400_3.0800,37.04,3.08,19.93,77.06,753.3,0.0,0.0,0.0,0.0,0.0,Unknown
37.0400_3.1600,37.04,3.16,19.86,77.05,788.9,0.0,0.0,0.0,0.0,0.0,Unknown
37.0400_3.2400,37.04,3.24,19.86,77.05,788.9,0.0,0.0,0.0,0.0,0.0,Unknown
37.0400_3.3200,37.04,3.32,19.74,77.08,795.8,0.0,0.0,0.0,0.0,0.0,Unknown
37.0400_3.4000,37.04,3.4,19.65,77.45,798.3,0.0,0.0,0.0,0.0,0.0,Unknown
37.0400_3.4800,37.04,3.48,19.65,77.43,798.3,0.0,0.0,0.0,0.0,0.0,Unknown
37.0400_3.5600,37.04,3.56,19.61,77.76,827.1,0.0,0.0,0.0,0.0,0.0,Unknown
37.0400_3.6400,37.04,3.64,19.52,78.18,875.4,0.0,0.0,0.0,0.0,0.0,Unknown
37.0400_3.7200,37.04,3.72,19.52,78.18,875.4,0.0,0.0,0.0,0.0,0.0,Unknown
37.0400_3.8000,37.04,3.8,19.45,78.66,894.0,0.0,0.0,0.0,0.0,0.0,Unknown
37.0400_3.8800,37.04,3.88,19.66,78.04,840.0,0.0,0.0,0.0,0.0,0.0,Unknown
37.0400_3.9600,37.04,3.96,19.66,78.04,840.0,0.0,0.0,0.0,0.0,0.0,Unknown
37.0400_4.0400,37.04,4.04,20.01,76.19,890.9,0.0,0.0,0.0,0.0,0.0,Unknown
37.0400_4.1200,37.04,4.12,20.11,75.34,1014.6,0.0,0.0,0.0,0.0,0.0,Unknown
37.0400_4.2000,37.04,4.2,20.11,75.34,1014.6,0.0,0.0,0.0,0.0,0.0,Unknown
37.0400_4.2800,37.04,4.28,19.96,75.86,1072.7,0.0,0.0,0.0,0.0,0.0,Unknown
37.0400_4.3600,37.04,4.36,19.83,76.42,1059.4,0.0,0.0,0.0,0.0,0.0,Unknown
37.0400_4.4400,37.04,4.44,19.83,76.42,1059.4,0.0,0.0,0.0,0.0,0.0,Unknown
37.0400_4.5200,37.04,4.52,19.86,76.79,1044.9,0.0,0.0,0.0,0.0,0.0,Unknown
37.0400_4.6000,37.04,4.6,20.0,77.03,983.3,0.0,0.0,0.0,0.0,0.0,Unknown
37.0400_4.6800,37.04,4.68,20.0,77.03,983.3,0.0,0.0,0.0,0.0,0.0,Unknown
37.0400_4.7600,37.04,4.76,20.07,75.92,1036.0,0.0,0.0,0.0,0.0,0.0,Unknown
37.0400_4.8400,37.04,4.84,20.06,75.05,1063.8,0.0,0.0,0.0,0.0,0.0,Unknown
37.0400_4.9200,37.04,4.92,20.06,75.05,1063.8,0.0,0.0,0.0,0.0,0.0,Unknown
37.0400_5.0000,37.04,5.0,20.14,74.97,965.3,0.0,0.0,0.0,0.0,0.0,Unknown
37.0400_5.0800,37.04,5.08,20.15,75.24,857.5,0.0,0.0,0.0,0.0,0.0,Unknown
37.0400_5.1600,37.04,5.16,20.15,75.24,857.5,0.0,0.0,0.0,0.0,0.0,Unknown
37.0400_5.2400,37.04,5.24,19.9,75.96,1024.3,0.0,0.0,0.0,0.0,0.0,Unknown
37.0400_5.3200,37.04,5.32,19.74,76.68,1101.9,0.0,0.0,0.0,0.0,0.0,Unknown
37.0400_5.4000,37.04,5.4,19.74,76.68,1101.9,0.0,0.0,0.0,0.0,0.0,Unknown
37.0400_5.4800,37.04,5.48,19.87,76.62,930.5,0.0,0.0,0.0,0.0,0.0,Unknown
37.0400_5.5600,37.04,5.56,19.99,75.73,971.8,0.0,0.0,0.0,0.0,0.0,Unknown
37.0400_5.6400,37.04,5.64,19.86,76.12,1156.5,0.0,0.0,0.0,0.0,0.0,Unknown
37.0400_5.7200,37.04,5.72,19.86,76.12,1156.5,0.0,0.0,0.0,0.0,0.0,Unknown
37.0400_5.8000,37.04,5.8,19.62,76.31,1286.7,0.0,0.0,0.0,0.0,0.0,Unknown
37.0400_5.8800,37.04,5.88,19.65,75.84,1299.9,0.0,0.0,0.0,0.0,0.0,Unknown
37.0400_5.9600,37.04,5.96,19.65,75.84,1299.9,0.0,0.0,0.0,0.0,0.0,Unknown
37.0400_6.0400,37.04,6.04,19.98,74.73,1474.7,0.0,0.0,0.0,0.0,0.0,Unknown
37.0400_6.1200,37.04,6.12,19.97,70.87,1496.0,0.0,0.0,0.0,0.0,0.0,Unknown
37.0400_6.2000,37.04,6.2,19.97,70.87,1496.0,0.0,0.0,0.0,0.0,0.0,Unknown
37.0400_6.2800,37.04,6.28,19.97,70.87,1496.0,0.0,0.0,0.0,0.0,0.0,Unknown
37.0400_6.3600,37.04,6.36,15.23,71.55,1240.7,5.6,19.9,9.95,16.8,35.9,Clay
37.0400_6.4400,37.04,6.44,15.28,71.56,1240.7,5.6,20.8,10.4,19.6,33.4,Clay
37.0400_6.5200,37.04,6.52,17.79,72.37,868.8,6.1,14.4,7.2,15.52,18.5,Clay
37.0400_6.6000,37.04,6.6,19.39,72.67,868.8,0.0,0.0,0.0,0.0,0.0,Unknown
37.0400_6.6800,37.04,6.68,18.74,76.05,710.6,0.0,0.0,0.0,0.0,0.0,Unknown
37.0400_6.7600,37.04,6.76,18.78,76.28,812.9,0.0,0.0,0.0,0.0,0.0,Unknown
37.0400_6.8400,37.04,6.84,18.78,76.28,812.9,0.0,0.0,0.0,0.0,0.0,Unknown
37.0400_6.9200,37.04,6.92,18.78,76.28,812.9,0.0,0.0,0.0,0.0,0.0,Unknown
37.0400_7.0000,37.04,7.0,19.9,75.7,1079.7,0.0,0.0,0.0,0.0,0.0,Unknown
37.0400_7.0800,37.04,7.08,19.64,77.66,1416.0,0.0,0.0,0.0,0.0,0.0,Unknown
37.0400_7.1600,37.04,7.16,19.64,77.66,1416.0,0.0,0.0,0.0,0.0,0.0,Unknown
37.0400_7.2400,37.04,7.24,19.26,77.62,1416.0,6.5,13.1,6.55,15.28,30.7,Silt
37.0400_7.3200,37.04,7.32,16.91,75.22,887.3,6.0,14.4,7.2,17.92,26.1,Clay
37.0400_7.4000,37.04,7.4,18.35,75.43,887.3,6.5,13.5,6.75,14.56,21.5,Clay
37.0400_7.4800,37.04,7.48,18.22,74.96,887.1,0.0,0.0,0.0,0.0,0.0,Unknown
37.0400_7.5600,37.04,7.56,19.31,75.11,887.1,0.0,0.0,0.0,0.0,0.0,Unknown
37.0400_7.6400,37.04,7.64,19.64,72.86,734.5,0.0,0.0,0.0,0.0,0.0,Unknown
37.0400_7.7200,37.04,7.72,19.64,72.86,734.5,0.0,0.0,0.0,0.0,0.0,Unknown
37.0400_7.8000,37.04,7.8,19.64,72.86,734.5,0.0,0.0,0.0,0.0,0.0,Unknown
37.0400_7.8800,37.04,7.88,19.64,72.86,734.5,0.0,0.0,0.0,0.0,0.0,Unknown
37.0400_7.9600,37.04,7.96,19.96,76.4,1195.6,0.0,0.0,0.0,0.0,0.0,Unknown
37.0400_8.0400,37.04,8.04,19.68,77.01,1561.4,0.0,0.0,0.0,0.0,0.0,Unknown
37.0400_8.1200,37.04,8.12,19.68,77.01,1561.4,0.0,0.0,0.0,0.0,0.0,Unknown
37.0400_8.2000,37.04,8.2,19.5,77.39,1523.1,0.0,0.0,0.0,0.0,0.0,Unknown
37.0400_8.2800,37.04,8.28,19.51,77.3,1537.1,0.0,0.0,0.0,0.0,0.0,Unknown
37.0400_8.3600,37.04,8.36,19.51,77.3,1537.1,0.0,0.0,0.0,0.0,0.0,Unknown
37.0400_8.4400,37.04,8.44,19.53,77.32,1499.0,0.0,0.0,0.0,0.0,0.0,Unknown
37.0400_8.5200,37.04,8.52,19.36,72.87,1437.9,0.0,0.0,0.0,0.0,0.0,Unknown
37.0400_8.6000,37.04,8.6,19.36,72.87,1437.9,0.0,0.0,0.0,0.0,0.0,Unknown
37.0400_8.6800,37.04,8.68,19.36,72.87,1437.9,0.0,0.0,0.0,0.0,0.0,Unknown
37.1200_-2.2000,37.12,-2.2,17.26,58.23,395.4,7.9,9.6,4.8,15.52,7.9,Clay
37.1200_-2.1200,37.12,-2.12,18.52,59.96,330.0,7.9,10.3,5.15,15.68,8.4,Silt
37.1200_-2.0400,37.12,-2.04,18.04,60.9,436.4,7.9,8.9,4.45,15.2,9.9,Silt
37.1200_-1.9600,37.12,-1.96,18.72,61.75,379.1,7.9,12.3,6.15,13.76,11.0,Silt
37.1200_-1.8800,37.12,-1.88,16.91,61.34,379.1,7.7,12.0,6.0,14.48,18.5,Silt
37.1200_-1.8000,37.12,-1.8,20.19,62.29,349.0,0.0,0.0,0.0,0.0,0.0,Unknown
37.1200_-1.7200,37.12,-1.72,19.58,76.18,308.5,0.0,0.0,0.0,0.0,0.0,Unknown
37.1200_-1.6400,37.12,-1.64,19.58,76.18,308.5,0.0,0.0,0.0,0.0,0.0,Unknown
37.1200_-1.5600,37.12,-1.56,19.62,76.93,312.6,0.0,0.0,0.0,0.0,0.0,Unknown
37.1200_-1.4800,37.12,-1.48,19.63,77.32,347.0,0.0,0.0,0.0,0.0,0.0,Unknown
37.1200_-1.4000,37.12,-1.4,19.63,77.32,347.0,0.0,0.0,0.0,0.0,0.0,Unknown
37.1200_-1.3200,37.12,-1.32,19.65,77.98,333.9,0.0,0.0,0.0,0.0,0.0,Unknown
37.1200_-1.2400,37.12,-1.24,19.73,78.27,323.0,0.0,0.0,0.0,0.0,0.0,Unknown
37.1200_-1.1600,37.12,-1.16,19.73,78.27,323.0,0.0,0.0,0.0,0.0,0.0,Unknown
37.1200_-1.0800,37.12,-1.08,19.81,78.42,310.9,0.0,0.0,0.0,0.0,0.0,Unknown
37.1200_-1.0000,37.12,-1.0,19.81,78.62,339.5,0.0,0.0,0.0,0.0,0.0,Unknown
37.1200_-0.9200,37.12,-0.92,19.81,78.62,339.5,0.0,0.0,0.0,0.0,0.0,Unknown
37.1200_-0.8400,37.12,-0.84,19.78,78.78,378.4,0.0,0.0,0.0,0.0,0.0,Unknown
37.1200_-0.7600,37.12,-0.76,19.81,78.8,328.6,0.0,0.0,0.0,0.0,0.0,Unknown
37.1200_-0.6800,37.12,-0.68,19.81,78.8,328.6,0.0,0.0,0.0,0.0,0.0,Unknown
37.1200_-0.6000,37.12,-0.6,19.86,78.78,326.7,0.0,0.0,0.0,0.0,0.0,Unknown
37.1200_-0.5200,37.12,-0.52,19.85,78.77,298.9,0.0,0.0,0.0,0.0,0.0,Unknown
37.1200_-0.4400,37.12,-0.44,19.85,78.77,298.9,0.0,0.0,0.0,0.0,0.0,Unknown
37.1200_-0.3600,37.12,-0.36,19.81,78.97,293.9,0.0,0.0,0.0,0.0,0.0,Unknown
37.1200_-0.2800,37.12,-0.28,19.8,79.08,334.3,0.0,0.0,0.0,0.0,0.0,Unknown
37.1200_-0.2000,37.12,-0.2,19.8,79.08,334.3,0.0,0.0,0.0,0.0,0.0,Unknown
37.1200_-0.1200,37.12,-0.12,19.82,79.12,364.5,0.0,0.0,0.0,0.0,0.0,Unknown
37.1200_-0.0400,37.12,-0.04,19.83,79.07,359.4,0.0,0.0,0.0,0.0,0.0,Unknown
37.1200_0.0400,37.12,0.04,19.83,79.07,359.4,0.0,0.0,0.0,0.0,0.0,Unknown
37.1200_0.1200,37.12,0.12,19.83,78.99,376.3,0.0,0.0,0.0,0.0,0.0,Unknown
37.1200_0.2000,37.12,0.2,19.82,78.96,388.0,0.0,0.0,0.0,0.0,0.0,Unknown
37.1200_0.2800,37.12,0.28,19.82,78.96,388.0,0.0,0.0,0.0,0.0,0.0,Unknown
37.1200_0.3600,37.12,0.36,19.78,79.02,392.1,0.0,0.0,0.0,0.0,0.0,Unknown
37.1200_0.4400,37.12,0.44,19.78,79.03,426.7,0.0,0.0,0.0,0.0,0.0,Unknown
37.1200_0.5200,37.12,0.52,19.78,79.03,426.7,0.0,0.0,0.0,0.0,0.0,Unknown
37.1200_0.6000,37.12,0.6,19.8,79.01,423.7,0.0,0.0,0.0,0.0,0.0,Unknown
37.1200_0.6800,37.12,0.68,19.79,79.1,445.8,0.0,0.0,0.0,0.0,0.0,Unknown
37.1200_0.7600,37.12,0.76,19.79,79.1,445.8,0.0,0.0,0.0,0.0,0.0,Unknown
37.1200_0.8400,37.12,0.84,19.79,79.11,436.9,0.0,0.0,0.0,0.0,0.0,Unknown
37.1200_0.9200,37.12,0.92,19.82,78.91,449.9,0.0,0.0,0.0,0.0,0.0,Unknown
37.1200_1.0000,37.12,1.0,19.82,78.91,449.9,0.0,0.0,0.0,0.0,0.0,Unknown
37.1200_1.0800,37.12,1.08,19.83,78.72,461.5,0.0,0.0,0.0,0.0,0.0,Unknown
37.1200_1.1600,37.12,1.16,19.83,78.65,464.1,0.0,0.0,0.0,0.0,0.0,Unknown
37.1200_1.2400,37.12,1.24,19.83,78.65,464.1,0.0,0.0,0.0,0.0,0.0,Unknown
37.1200_1.3200,37.12,1.32,19.82,78.66,474.9,0.0,0.0,0.0,0.0,0.0,Unknown
37.1200_1.4000,37.12,1.4,19.8,78.64,489.1,0.0,0.0,0.0,0.0,0.0,Unknown
37.1200_1.4800,37.12,1.48,19.8,78.64,489.1,0.0,0.0,0.0,0.0,0.0,Unknown
37.1200_1.5600,37.12,1.56,19.8,78.52,543.6,0.0,0.0,0.0,0.0,0.0,Unknown
37.1200_1.6400,37.12,1.64,19.82,78.31,581.6,0.0,0.0,0.0,0.0,0.0,Unknown
37.1200_1.7200,37.12,1.72,19.82,78.31,581.6,0.0,0.0,0.0,0.0,0.0,Unknown
37.1200_1.8000,37.12,1.8,19.79,78.32,628.0,0.0,0.0,0.0,0.0,0.0,Unknown
37.1200_1.8800,37.12,1.88,19.74,78.42,632.1,0.0,0.0,0.0,0.0,0.0,Unknown
37.1200_1.9600,37.12,1.96,19.74,78.42,632.1,0.0,0.0,0.0,0.0,0.0,Unknown
37.1200_2.0400,37.12,2.04,19.75,78.38,588.9,0.0,0.0,0.0,0.0,0.0,Unknown
37.1200_2.1200,37.12,2.12,19.78,78.3,571.2,0.0,0.0,0.0,0.0,0.0,Unknown
37.1200_2.2000,37.12,2.2,19.78,78.3,571.2,0.0,0.0,0.0,0.0,0.0,Unknown
37.1200_2.2800,37.12,2.28,19.78,78.22,594.5,0.0,0.0,0.0,0.0,0.0,Unknown
37.1200_2.3600,37.12,2.36,19.86,77.95,568.3,0.0,0.0,0.0,0.0,0.0,Unknown
37.1200_2.4400,37.12,2.44,19.86,77.95,568.3,0.0,0.0,0.0,0.0,0.0,Unknown
37.1200_2.5200,37.12,2.52,19.96,77.57,575.2,0.0,0.0,0.0,0.0,0.0,Unknown
37.1200_2.6000,37.12,2.6,19.95,77.43,606.3,0.0,0.0,0.0,0.0,0.0,Unknown
37.1200_2.6800,37.12,2.68,19.73,77.78,711.4,0.0,0.0,0.0,0.0,0.0,Unknown
37.1200_2.7600,37.12,2.76,19.86,77.55,601.4,0.0,0.0,0.0,0.0,0.0,Unknown
37.1200_2.8400,37.12,2.84,19.8,77.61,629.0,0.0,0.0,0.0,0.0,0.0,Unknown
37.1200_2.9200,37.12,2.92,19.79,77.39,660.3,0.0,0.0,0.0,0.0,0.0,Unknown
37.1200_3.0000,37.12,3.0,19.76,77.6,636.2,0.0,0.0,0.0,0.0,0.0,Unknown
37.1200_3.0800,37.12,3.08,19.75,77.61,646.6,0.0,0.0,0.0,0.0,0.0,Unknown
37.1200_3.1600,37.12,3.16,19.86,76.94,666.0,0.0,0.0,0.0,0.0,0.0,Unknown
37.1200_3.2400,37.12,3.24,19.83,77.36,629.9,0.0,0.0,0.0,0.0,0.0,Unknown
37.1200_3.3200,37.12,3.32,19.91,77.08,663.5,0.0,0.0,0.0,0.0,0.0,Unknown
37.1200_3.4000,37.12,3.4,19.84,76.93,711.6,0.0,0.0,0.0,0.0,0.0,Unknown
37.1200_3.4800,37.12,3.48,19.92,77.01,666.1,0.0,0.0,0.0,0.0,0.0,Unknown
37.1200_3.5600,37.12,3.56,19.92,76.81,700.6,0.0,0.0,0.0,0.0,0.0,Unknown
37.1200_3.6400,37.12,3.64,19.68,77.2,902.5,0.0,0.0,0.0,0.0,0.0,Unknown
37.1200_3.7200,37.12,3.72,19.91,76.52,798.4,0.0,0.0,0.0,0.0,0.0,Unknown
37.1200_3.8000,37.12,3.8,19.81,76.7,871.1,0.0,0.0,0.0,0.0,0.0,Unknown
37.1200_3.8800,37.12,3.88,19.75,77.41,885.2,0.0,0.0,0.0,0.0,0.0,Unknown
37.1200_3.9600,37.12,3.96,19.73,76.95,892.5,0.0,0.0,0.0,0.0,0.0,Unknown
37.1200_4.0400,37.12,4.04,19.75,76.88,902.7,0.0,0.0,0.0,0.0,0.0,Unknown
37.1200_4.1200,37.12,4.12,20.27,75.61,1004.1,0.0,0.0,0.0,0.0,0.0,Unknown
37.1200_4.2000,37.12,4.2,19.8,76.67,934.2,0.0,0.0,0.0,0.0,0.0,Unknown
37.1200_4.2800,37.12,4.28,19.84,76.57,931.8,0.0,0.0,0.0,0.0,0.0,Unknown
37.1200_4.3600,37.12,4.36,19.97,76.02,1084.9,0.0,0.0,0.0,0.0,0.0,Unknown
37.1200_4.4400,37.12,4.44,19.81,76.54,909.6,0.0,0.0,0.0,0.0,0.0,Unknown
37.1200_4.5200,37.12,4.52,19.7,76.69,994.0,0.0,0.0,0.0,0.0,0.0,Unknown
37.1200_4.6000,37.12,4.6,19.77,76.8,1039.0,0.0,0.0,0.0,0.0,0.0,Unknown
37.1200_4.6800,37.12,4.68,19.67,76.78,994.2,0.0,0.0,0.0,0.0,0.0,Unknown
37.1200_4.7600,37.12,4.76,19.78,76.62,874.6,0.0,0.0,0.0,0.0,0.0,Unknown
37.1200_4.8400,37.12,4.84,19.99,75.97,909.5,0.0,0.0,0.0,0.0,0.0,Unknown
37.1200_4.9200,37.12,4.92,19.86,76.37,826.3,0.0,0.0,0.0,0.0,0.0,Unknown
37.1200_5.0000,37.12,5.0,19.81,76.66,813.6,0.0,0.0,0.0,0.0,0.0,Unknown
37.1200_5.0800,37.12,5.08,20.02,75.93,788.4,0.0,0.0,0.0,0.0,0.0,Unknown
37.1200_5.1600,37.12,5.16,19.8,76.7,845.9,0.0,0.0,0.0,0.0,0.0,Unknown
37.1200_5.2400,37.12,5.24,19.97,76.16,861.7,0.0,0.0,0.0,0.0,0.0,Unknown
37.1200_5.3200,37.12,5.32,20.14,75.65,885.6,0.0,0.0,0.0,0.0,0.0,Unknown
37.1200_5.4000,37.12,5.4,20.12,75.75,839.5,0.0,0.0,0.0,0.0,0.0,Unknown
37.1200_5.4800,37.12,5.48,20.02,76.13,888.6,0.0,0.0,0.0,0.0,0.0,Unknown
37.1200_5.5600,37.12,5.56,20.07,76.03,1013.9,0.0,0.0,0.0,0.0,0.0,Unknown
37.1200_5.6400,37.12,5.64,19.93,76.43,958.3,0.0,0.0,0.0,0.0,0.0,Unknown
37.1200_5.7200,37.12,5.72,20.07,76.26,912.8,0.0,0.0,0.0,0.0,0.0,Unknown
37.1200_5.8000,37.12,5.8,19.88,76.17,1070.3,0.0,0.0,0.0,0.0,0.0,Unknown
37.1200_5.8800,37.12,5.88,20.03,76.2,979.5,0.0,0.0,0.0,0.0,0.0,Unknown
37.1200_5.9600,37.12,5.96,19.86,76.44,912.7,0.0,0.0,0.0,0.0,0.0,Unknown
37.1200_6.0400,37.12,6.04,20.24,74.59,1122.5,0.0,0.0,0.0,0.0,0.0,Unknown
37.1200_6.1200,37.12,6.12,20.15,75.51,885.0,0.0,0.0,0.0,0.0,0.0,Unknown
37.1200_6.2000,37.12,6.2,20.44,74.12,1192.5,0.0,0.0,0.0,0.0,0.0,Unknown
37.1200_6.2800,37.12,6.28,19.97,70.79,1485.9,0.0,0.0,0.0,0.0,0.0,Unknown
37.1200_6.3600,37.12,6.36,19.97,70.91,1198.6,0.0,0.0,0.0,0.0,0.0,Unknown
37.1200_6.4400,37.12,6.44,19.97,70.91,1198.6,0.0,0.0,0.0,0.0,0.0,Unknown
37.1200_6.5200,37.12,6.52,19.4,72.63,867.0,0.0,0.0,0.0,0.0,0.0,Unknown
37.1200_6.6000,37.12,6.6,19.98,74.75,985.9,0.0,0.0,0.0,0.0,0.0,Unknown
37.1200_6.6800,37.12,6.68,20.16,75.48,976.8,0.0,0.0,0.0,0.0,0.0,Unknown
37.1200_6.7600,37.12,6.76,19.92,76.4,1021.1,0.0,0.0,0.0,0.0,0.0,Unknown
37.1200_6.8400,37.12,6.84,19.87,76.16,1219.2,0.0,0.0,0.0,0.0,0.0,Unknown
37.1200_6.9200,37.12,6.92,19.75,76.66,1086.2,0.0,0.0,0.0,0.0,0.0,Unknown
37.1200_7.0000,37.12,7.0,20.01,75.76,1141.8,0.0,0.0,0.0,0.0,0.0,Unknown
37.1200_7.0800,37.12,7.08,19.64,77.68,1394.3,0.0,0.0,0.0,0.0,0.0,Unknown
37.1200_7.1600,37.12,7.16,19.64,77.68,1394.3,0.0,0.0,0.0,0.0,0.0,Unknown
37.1200_7.2400,37.12,7.24,19.34,77.65,1394.3,0.0,0.0,0.0,0.0,0.0,Unknown
37.1200_7.3200,37.12,7.32,19.64,77.68,1394.3,0.0,0.0,0.0,0.0,0.0,Unknown
37.1200_7.4000,37.12,7.4,19.64,77.68,1394.3,0.0,0.0,0.0,0.0,0.0,Unknown
37.1200_7.4800,37.12,7.48,20.03,75.96,1157.1,0.0,0.0,0.0,0.0,0.0,Unknown
37.1200_7.5600,37.12,7.56,19.32,75.1,882.0,0.0,0.0,0.0,0.0,0.0,Unknown
37.1200_7.6400,37.12,7.64,20.34,75.16,1148.2,0.0,0.0,0.0,0.0,0.0,Unknown
37.1200_7.7200,37.12,7.72,20.34,75.32,1183.5,0.0,0.0,0.0,0.0,0.0,Unknown
37.1200_7.8000,37.12,7.8,20.12,75.86,1134.6,0.0,0.0,0.0,0.0,0.0,Unknown
37.1200_7.8800,37.12,7.88,19.95,76.58,1198.8,0.0,0.0,0.0,0.0,0.0,Unknown
37.1200_7.9600,37.12,7.96,19.76,77.03,1127.2,0.0,0.0,0.0,0.0,0.0,Unknown
37.1200_8.0400,37.12,8.04,19.9,76.56,1317.8,0.0,0.0,0.0,0.0,0.0,Unknown
37.1200_8.1200,37.12,8.12,19.95,76.45,1020.5,0.0,0.0,0.0,0.0,0.0,Unknown
37.1200_8.2000,37.12,8.2,20.12,76.01,1047.4,0.0,0.0,0.0,0.0,0.0,Unknown
37.1200_8.2800,37.12,8.28,19.94,76.28,1503.7,0.0,0.0,0.0,0.0,0.0,Unknown
37.1200_8.3600,37.12,8.36,20.12,76.02,1216.1,0.0,0.0,0.0,0.0,0.0,Unknown
37.1200_8.4400,37.12,8.44,20.02,76.09,1364.2,0.0,0.0,0.0,0.0,0.0,Unknown
37.1200_8.5200,37.12,8.52,19.83,76.28,1501.8,0.0,0.0,0.0,0.0,0.0,Unknown
37.1200_8.6000,37.12,8.6,19.94,76.05,1378.9,0.0,0.0,0.0,0.0,0.0,Unknown
37.1200_8.6800,37.12,8.68,19.98,75.77,1305.0,0.0,0.0,0.0,0.0,0.0,Unknown
37.2000_-2.2000,37.2,-2.2,16.46,57.66,436.6,7.8,11.6,5.8,14.64,14.5,Silt
37.2000_-2.1200,37.2,-2.12,17.45,57.57,420.2,7.9,9.8,4.9,14.8,12.6,Silt
37.2000_-2.0400,37.2,-2.04,16.33,59.82,450.3,7.7,12.7,6.35,15.68,14.8,Silt
37.2000_-1.9600,37.2,-1.96,18.56,60.31,450.3,7.9,10.5,5.25,16.24,13.9,Silt
37.2000_-1.8800,37.2,-1.88,19.7,61.98,348.2,8.0,11.0,5.5,15.2,9.9,Silt
37.2000_-1.8000,37.2,-1.8,19.5,63.62,317.9,0.0,0.0,0.0,0.0,0.0,Unknown
37.2000_-1.7200,37.2,-1.72,19.5,63.62,317.9,0.0,0.0,0.0,0.0,0.0,Unknown
37.2000_-1.6400,37.2,-1.64,19.5,63.62,317.9,0.0,0.0,0.0,0.0,0.0,Unknown
37.2000_-1.5600,37.2,-1.56,19.65,76.34,313.6,0.0,0.0,0.0,0.0,0.0,Unknown
37.2000_-1.4800,37.2,-1.48,19.7,76.59,347.3,0.0,0.0,0.0,0.0,0.0,Unknown
37.2000_-1.4000,37.2,-1.4,19.7,76.6,347.3,0.0,0.0,0.0,0.0,0.0,Unknown
37.2000_-1.3200,37.2,-1.32,19.59,77.6,376.7,0.0,0.0,0.0,0.0,0.0,Unknown
37.2000_-1.2400,37.2,-1.24,19.56,78.38,378.1,0.0,0.0,0.0,0.0,0.0,Unknown
37.2000_-1.1600,37.2,-1.16,19.56,78.38,378.1,0.0,0.0,0.0,0.0,0.0,Unknown
37.2000_-1.0800,37.2,-1.08,19.68,78.32,346.1,0.0,0.0,0.0,0.0,0.0,Unknown
37.2000_-1.0000,37.2,-1.0,19.76,78.44,350.7,0.0,0.0,0.0,0.0,0.0,Unknown
37.2000_-0.9200,37.2,-0.92,19.76,78.44,350.7,0.0,0.0,0.0,0.0,0.0,Unknown
37.2000_-0.8400,37.2,-0.84,19.73,78.54,353.6,0.0,0.0,0.0,0.0,0.0,Unknown
37.2000_-0.7600,37.2,-0.76,19.74,78.68,352.5,0.0,0.0,0.0,0.0,0.0,Unknown
37.2000_-0.6800,37.2,-0.68,19.74,78.68,352.5,0.0,0.0,0.0,0.0,0.0,Unknown
37.2000_-0.6000,37.2,-0.6,19.8,78.76,335.9,0.0,0.0,0.0,0.0,0.0,Unknown
37.2000_-0.5200,37.2,-0.52,19.84,78.67,319.6,0.0,0.0,0.0,0.0,0.0,Unknown
37.2000_-0.4400,37.2,-0.44,19.84,78.67,319.6,0.0,0.0,0.0,0.0,0.0,Unknown
37.2000_-0.3600,37.2,-0.36,19.84,78.68,304.5,0.0,0.0,0.0,0.0,0.0,Unknown
37.2000_-0.2800,37.2,-0.28,19.83,78.79,320.1,0.0,0.0,0.0,0.0,0.0,Unknown
37.2000_-0.2000,37.2,-0.2,19.83,78.79,320.1,0.0,0.0,0.0,0.0,0.0,Unknown
37.2000_-0.1200,37.2,-0.12,19.83,78.91,355.7,0.0,0.0,0.0,0.0,0.0,Unknown
37.2000_-0.0400,37.2,-0.04,19.83,78.98,369.4,0.0,0.0,0.0,0.0,0.0,Unknown
37.2000_0.0400,37.2,0.04,19.83,78.98,369.4,0.0,0.0,0.0,0.0,0.0,Unknown
37.2000_0.1200,37.2,0.12,19.86,78.91,345.9,0.0,0.0,0.0,0.0,0.0,Unknown
37.2000_0.2000,37.2,0.2,19.86,78.83,356.5,0.0,0.0,0.0,0.0,0.0,Unknown
37.2000_0.2800,37.2,0.28,19.86,78.83,356.5,0.0,0.0,0.0,0.0,0.0,Unknown
37.2000_0.3600,37.2,0.36,19.82,78.91,384.4,0.0,0.0,0.0,0.0,0.0,Unknown
37.2000_0.4400,37.2,0.44,19.81,78.85,432.1,0.0,0.0,0.0,0.0,0.0,Unknown
37.2000_0.5200,37.2,0.52,19.81,78.85,432.1,0.0,0.0,0.0,0.0,0.0,Unknown
37.2000_0.6000,37.2,0.6,19.82,78.77,417.9,0.0,0.0,0.0,0.0,0.0,Unknown
37.2000_0.6800,37.2,0.68,19.81,78.87,421.5,0.0,0.0,0.0,0.0,0.0,Unknown
37.2000_0.7600,37.2,0.76,19.81,78.87,421.5,0.0,0.0,0.0,0.0,0.0,Unknown
37.2000_0.8400,37.2,0.84,19.82,78.88,449.7,0.0,0.0,0.0,0.0,0.0,Unknown
37.2000_0.9200,37.2,0.92,19.84,78.78,447.1,0.0,0.0,0.0,0.0,0.0,Unknown
37.2000_1.0000,37.2,1.0,19.84,78.78,447.1,0.0,0.0,0.0,0.0,0.0,Unknown
37.2000_1.0800,37.2,1.08,19.83,78.68,445.5,0.0,0.0,0.0,0.0,0.0,Unknown
37.2000_1.1600,37.2,1.16,19.84,78.6,448.6,0.0,0.0,0.0,0.0,0.0,Unknown
37.2000_1.2400,37.2,1.24,19.84,78.6,448.6,0.0,0.0,0.0,0.0,0.0,Unknown
37.2000_1.3200,37.2,1.32,19.85,78.52,473.9,0.0,0.0,0.0,0.0,0.0,Unknown
37.2000_1.4000,37.2,1.4,19.85,78.48,504.6,0.0,0.0,0.0,0.0,0.0,Unknown
37.2000_1.4800,37.2,1.48,19.85,78.48,504.6,0.0,0.0,0.0,0.0,0.0,Unknown
37.2000_1.5600,37.2,1.56,19.87,78.34,505.7,0.0,0.0,0.0,0.0,0.0,Unknown
37.2000_1.6400,37.2,1.64,19.9,78.18,526.6,0.0,0.0,0.0,0.0,0.0,Unknown
37.2000_1.7200,37.2,1.72,19.9,78.18,526.6,0.0,0.0,0.0,0.0,0.0,Unknown
37.2000_1.8000,37.2,1.8,19.91,78.07,564.4,0.0,0.0,0.0,0.0,0.0,Unknown
37.2000_1.8800,37.2,1.88,19.89,78.01,569.3,0.0,0.0,0.0,0.0,0.0,Unknown
37.2000_1.9600,37.2,1.96,19.89,78.01,569.3,0.0,0.0,0.0,0.0,0.0,Unknown
37.2000_2.0400,37.2,2.04,19.89,77.95,569.5,0.0,0.0,0.0,0.0,0.0,Unknown
37.2000_2.1200,37.2,2.12,19.89,77.94,568.4,0.0,0.0,0.0,0.0,0.0,Unknown
37.2000_2.2000,37.2,2.2,19.89,77.94,568.4,0.0,0.0,0.0,0.0,0.0,Unknown
37.2000_2.2800,37.2,2.28,19.88,77.86,585.9,0.0,0.0,0.0,0.0,0.0,Unknown
37.2000_2.3600,37.2,2.36,19.9,77.69,547.4,0.0,0.0,0.0,0.0,0.0,Unknown
37.2000_2.4400,37.2,2.44,19.9,77.69,547.4,0.0,0.0,0.0,0.0,0.0,Unknown
37.2000_2.5200,37.2,2.52,19.94,77.53,568.1,0.0,0.0,0.0,0.0,0.0,Unknown
37.2000_2.6000,37.2,2.6,19.95,77.48,574.2,0.0,0.0,0.0,0.0,0.0,Unknown
37.2000_2.6800,37.2,2.68,19.95,77.48,574.2,0.0,0.0,0.0,0.0,0.0,Unknown
37.2000_2.7600,37.2,2.76,19.92,77.52,566.4,0.0,0.0,0.0,0.0,0.0,Unknown
37.2000_2.8400,37.2,2.84,19.91,77.5,582.8,0.0,0.0,0.0,0.0,0.0,Unknown
37.2000_2.9200,37.2,2.92,19.91,77.5,582.8,0.0,0.0,0.0,0.0,0.0,Unknown
37.2000_3.0000,37.2,3.0,19.9,77.46,588.0,0.0,0.0,0.0,0.0,0.0,Unknown
37.2000_3.0800,37.2,3.08,19.87,77.57,596.2,0.0,0.0,0.0,0.0,0.0,Unknown
37.2000_3.1600,37.2,3.16,19.87,77.55,621.8,0.0,0.0,0.0,0.0,0.0,Unknown
37.2000_3.2400,37.2,3.24,19.87,77.55,621.8,0.0,0.0,0.0,0.0,0.0,Unknown
37.2000_3.3200,37.2,3.32,19.88,77.41,630.8,0.0,0.0,0.0,0.0,0.0,Unknown
37.2000_3.4000,37.2,3.4,19.87,77.38,652.6,0.0,0.0,0.0,0.0,0.0,Unknown
37.2000_3.4800,37.2,3.48,19.87,77.38,652.6,0.0,0.0,0.0,0.0,0.0,Unknown
37.2000_3.5600,37.2,3.56,19.91,77.22,665.1,0.0,0.0,0.0,0.0,0.0,Unknown
37.2000_3.6400,37.2,3.64,19.99,76.75,684.1,0.0,0.0,0.0,0.0,0.0,Unknown
37.2000_3.7200,37.2,3.72,19.99,76.75,684.1,0.0,0.0,0.0,0.0,0.0,Unknown
37.2000_3.8000,37.2,3.8,20.0,76.51,730.1,0.0,0.0,0.0,0.0,0.0,Unknown
37.2000_3.8800,37.2,3.88,19.88,76.76,784.0,0.0,0.0,0.0,0.0,0.0,Unknown
37.2000_3.9600,37.2,3.96,19.88,76.76,784.0,0.0,0.0,0.0,0.0,0.0,Unknown
37.2000_4.0400,37.2,4.04,19.72,77.13,843.2,0.0,0.0,0.0,0.0,0.0,Unknown
37.2000_4.1200,37.2,4.12,19.65,77.24,869.6,0.0,0.0,0.0,0.0,0.0,Unknown
37.2000_4.2000,37.2,4.2,19.65,77.24,869.6,0.0,0.0,0.0,0.0,0.0,Unknown
37.2000_4.2800,37.2,4.28,19.75,77.13,815.3,0.0,0.0,0.0,0.0,0.0,Unknown
37.2000_4.3600,37.2,4.36,19.89,76.89,784.0,0.0,0.0,0.0,0.0,0.0,Unknown
37.2000_4.4400,37.2,4.44,19.89,76.89,784.0,0.0,0.0,0.0,0.0,0.0,Unknown
37.2000_4.5200,37.2,4.52,19.92,76.75,824.6,0.0,0.0,0.0,0.0,0.0,Unknown
37.2000_4.6000,37.2,4.6,19.9,76.65,875.5,0.0,0.0,0.0,0.0,0.0,Unknown
37.2000_4.6800,37.2,4.68,19.9,76.65,875.5,0.0,0.0,0.0,0.0,0.0,Unknown
37.2000_4.7600,37.2,4.76,19.96,76.4,857.4,0.0,0.0,0.0,0.0,0.0,Unknown
37.2000_4.8400,37.2,4.84,19.98,76.2,824.9,0.0,0.0,0.0,0.0,0.0,Unknown
37.2000_4.9200,37.2,4.92,19.98,76.2,824.9,0.0,0.0,0.0,0.0,0.0,Unknown
37.2000_5.0000,37.2,5.0,19.89,76.36,843.9,0.0,0.0,0.0,0.0,0.0,Unknown
37.2000_5.0800,37.2,5.08,19.81,76.62,870.7,0.0,0.0,0.0,0.0,0.0,Unknown
37.2000_5.1600,37.2,5.16,19.81,76.62,870.7,0.0,0.0,0.0,0.0,0.0,Unknown
37.2000_5.2400,37.2,5.24,19.88,76.57,842.4,0.0,0.0,0.0,0.0,0.0,Unknown
37.2000_5.3200,37.2,5.32,19.95,76.41,824.8,0.0,0.0,0.0,0.0,0.0,Unknown
37.2000_5.4000,37.2,5.4,19.95,76.41,824.8,0.0,0.0,0.0,0.0,0.0,Unknown
37.2000_5.4800,37.2,5.48,19.82,76.68,935.0,0.0,0.0,0.0,0.0,0.0,Unknown
37.2000_5.5600,37.2,5.56,19.78,76.78,984.7,0.0,0.0,0.0,0.0,0.0,Unknown
37.2000_5.6400,37.2,5.64,19.78,76.78,984.7,0.0,0.0,0.0,0.0,0.0,Unknown
37.2000_5.7200,37.2,5.72,20.0,76.34,921.5,0.0,0.0,0.0,0.0,0.0,Unknown
37.2000_5.8000,37.2,5.8,20.04,76.08,962.2,0.0,0.0,0.0,0.0,0.0,Unknown
37.2000_5.8800,37.2,5.88,20.04,76.08,962.2,0.0,0.0,0.0,0.0,0.0,Unknown
37.2000_5.9600,37.2,5.96,19.79,76.57,1016.8,0.0,0.0,0.0,0.0,0.0,Unknown
37.2000_6.0400,37.2,6.04,19.84,76.36,927.9,0.0,0.0,0.0,0.0,0.0,Unknown
37.2000_6.1200,37.2,6.12,19.84,76.36,927.9,0.0,0.0,0.0,0.0,0.0,Unknown
37.2000_6.2000,37.2,6.2,20.16,75.51,967.5,0.0,0.0,0.0,0.0,0.0,Unknown
37.2000_6.2800,37.2,6.28,20.19,75.27,1151.7,0.0,0.0,0.0,0.0,0.0,Unknown
37.2000_6.3600,37.2,6.36,20.19,75.27,1151.7,0.0,0.0,0.0,0.0,0.0,Unknown
37.2000_6.4400,37.2,6.44,20.07,75.37,1234.7,0.0,0.0,0.0,0.0,0.0,Unknown
37.2000_6.5200,37.2,6.52,20.07,75.62,1128.1,0.0,0.0,0.0,0.0,0.0,Unknown
37.2000_6.6000,37.2,6.6,20.07,75.62,1128.1,0.0,0.0,0.0,0.0,0.0,Unknown
37.2000_6.6800,37.2,6.68,19.92,76.15,1127.1,0.0,0.0,0.0,0.0,0.0,Unknown
37.2000_6.7600,37.2,6.76,19.69,76.82,1192.6,0.0,0.0,0.0,0.0,0.0,Unknown
37.2000_6.8400,37.2,6.84,19.69,76.82,1192.6,0.0,0.0,0.0,0.0,0.0,Unknown
37.2000_6.9200,37.2,6.92,19.72,77.08,994.5,0.0,0.0,0.0,0.0,0.0,Unknown
37.2000_7.0000,37.2,7.0,19.84,76.87,891.7,0.0,0.0,0.0,0.0,0.0,Unknown
37.2000_7.0800,37.2,7.08,19.84,76.87,891.7,0.0,0.0,0.0,0.0,0.0,Unknown
37.2000_7.1600,37.2,7.16,19.88,76.45,947.5,0.0,0.0,0.0,0.0,0.0,Unknown
37.2000_7.2400,37.2,7.24,19.92,76.29,1009.5,0.0,0.0,0.0,0.0,0.0,Unknown
37.2000_7.3200,37.2,7.32,19.92,76.29,1009.5,0.0,0.0,0.0,0.0,0.0,Unknown
37.2000_7.4000,37.2,7.4,19.95,76.25,1074.6,0.0,0.0,0.0,0.0,0.0,Unknown
37.2000_7.4800,37.2,7.48,20.04,76.09,1055.8,0.0,0.0,0.0,0.0,0.0,Unknown
37.2000_7.5600,37.2,7.56,20.04,76.09,1055.8,0.0,0.0,0.0,0.0,0.0,Unknown
37.2000_7.6400,37.2,7.64,20.18,75.66,1024.6,0.0,0.0,0.0,0.0,0.0,Unknown
37.2000_7.7200,37.2,7.72,20.08,75.9,1121.0,0.0,0.0,0.0,0.0,0.0,Unknown
37.2000_7.8000,37.2,7.8,20.08,75.9,1121.0,0.0,0.0,0.0,0.0,0.0,Unknown
37.2000_7.8800,37.2,7.88,19.83,76.63,1123.5,0.0,0.0,0.0,0.0,0.0,Unknown
37.2000_7.9600,37.2,7.96,19.83,76.72,1041.8,0.0,0.0,0.0,0.0,0.0,Unknown
37.2000_8.0400,37.2,8.04,19.83,76.72,1041.8,0.0,0.0,0.0,0.0,0.0,Unknown
37.2000_8.1200,37.2,8.12,19.98,76.35,1043.3,0.0,0.0,0.0,0.0,0.0,Unknown
37.2000_8.2000,37.2,8.2,20.02,76.24,1011.1,0.0,0.0,0.0,0.0,0.0,Unknown
37.2000_8.2800,37.2,8.28,20.02,76.24,1011.1,0.0,0.0,0.0,0.0,0.0,Unknown
37.2000_8.3600,37.2,8.36,20.03,76.17,1036.3,0.0,0.0,0.0,0.0,0.0,Unknown
37.2000_8.4400,37.2,8.44,20.01,76.15,1129.9,0.0,0.0,0.0,0.0,0.0,Unknown
37.2000_8.5200,37.2,8.52,20.01,76.15,1129.9,0.0,0.0,0.0,0.0,0.0,Unknown
37.2000_8.6000,37.2,8.6,19.92,76.29,1155.6,0.0,0.0,0.0,0.0,0.0,Unknown
37.2000_8.6800,37.2,8.68,19.92,76.17,1133.8,0.0,0.0,0.0,0.0,0.0,Unknown
